[INFO] Scanning for projects...
[INFO] 
[INFO] --------------------< com.flearn:FLearn_SpringBoot >--------------------
[INFO] Building FLearn_SpringBoot 0.0.1-SNAPSHOT
[INFO]   from pom.xml
[INFO] --------------------------------[ jar ]---------------------------------
[INFO] 
[INFO] >>> spring-boot:4.0.6:run (default-cli) > test-compile @ FLearn_SpringBoot >>>
[INFO] 
[INFO] --- resources:3.3.1:resources (default-resources) @ FLearn_SpringBoot ---
[INFO] Copying 1 resource from src\main\resources to target\classes
[INFO] Copying 26 resources from src\main\resources to target\classes
[INFO] 
[INFO] --- compiler:3.14.1:compile (default-compile) @ FLearn_SpringBoot ---
[INFO] Nothing to compile - all classes are up to date.
[INFO] 
[INFO] --- resources:3.3.1:testResources (default-testResources) @ FLearn_SpringBoot ---
[INFO] skip non existing resourceDirectory D:\SWP391\FLearn_\src\test\resources
[INFO] 
[INFO] --- compiler:3.14.1:testCompile (default-testCompile) @ FLearn_SpringBoot ---
[INFO] Nothing to compile - all classes are up to date.
[INFO] 
[INFO] <<< spring-boot:4.0.6:run (default-cli) < test-compile @ FLearn_SpringBoot <<<
[INFO] 
[INFO] 
[INFO] --- spring-boot:4.0.6:run (default-cli) @ FLearn_SpringBoot ---
[INFO] Attaching agents: []

  .   ____          _            __ _ _
 /\\ / ___'_ __ _ _(_)_ __  __ _ \ \ \ \
( ( )\___ | '_ | '_| | '_ \/ _` | \ \ \ \
 \\/  ___)| |_)| | | | | || (_| |  ) ) ) )
  '  |____| .__|_| |_|_| |_\__, | / / / /
 =========|_|==============|___/=/_/_/_/

 :: Spring Boot ::                (v4.0.6)

2026-06-10T20:49:02.022+07:00  INFO 21596 --- [FLearn_SpringBoot] [  restartedMain] flearn.FLearnSpringBootApplication       : Starting FLearnSpringBootApplication using Java 21.0.11 with PID 21596 (D:\SWP391\FLearn_\target\classes started by quynh anh in D:\SWP391\FLearn_)
2026-06-10T20:49:02.030+07:00  INFO 21596 --- [FLearn_SpringBoot] [  restartedMain] flearn.FLearnSpringBootApplication       : No active profile set, falling back to 1 default profile: "default"
2026-06-10T20:49:02.213+07:00  INFO 21596 --- [FLearn_SpringBoot] [  restartedMain] .e.DevToolsPropertyDefaultsPostProcessor : Devtools property defaults active! Set 'spring.devtools.add-properties' to 'false' to disable
2026-06-10T20:49:02.213+07:00  INFO 21596 --- [FLearn_SpringBoot] [  restartedMain] .e.DevToolsPropertyDefaultsPostProcessor : For additional web related logging consider setting the 'logging.level.web' property to 'DEBUG'
2026-06-10T20:49:05.545+07:00  INFO 21596 --- [FLearn_SpringBoot] [  restartedMain] .s.d.r.c.RepositoryConfigurationDelegate : Bootstrapping Spring Data JPA repositories in DEFAULT mode.
2026-06-10T20:49:05.775+07:00  INFO 21596 --- [FLearn_SpringBoot] [  restartedMain] .s.d.r.c.RepositoryConfigurationDelegate : Finished Spring Data repository scanning in 201 ms. Found 10 JPA repository interfaces.
2026-06-10T20:49:08.103+07:00  INFO 21596 --- [FLearn_SpringBoot] [  restartedMain] o.s.boot.tomcat.TomcatWebServer          : Tomcat initialized with port 8081 (http)
2026-06-10T20:49:08.151+07:00  INFO 21596 --- [FLearn_SpringBoot] [  restartedMain] o.apache.catalina.core.StandardService   : Starting service [Tomcat]
2026-06-10T20:49:08.151+07:00  INFO 21596 --- [FLearn_SpringBoot] [  restartedMain] o.apache.catalina.core.StandardEngine    : Starting Servlet engine: [Apache Tomcat/11.0.21]
2026-06-10T20:49:08.301+07:00  INFO 21596 --- [FLearn_SpringBoot] [  restartedMain] b.w.c.s.WebApplicationContextInitializer : Root WebApplicationContext: initialization completed in 6085 ms
2026-06-10T20:49:08.770+07:00  INFO 21596 --- [FLearn_SpringBoot] [  restartedMain] org.hibernate.orm.jpa                    : HHH008540: Processing PersistenceUnitInfo [name: default]
2026-06-10T20:49:09.791+07:00  INFO 21596 --- [FLearn_SpringBoot] [  restartedMain] org.hibernate.orm.core                   : HHH000001: Hibernate ORM core version 7.2.12.Final
2026-06-10T20:49:11.953+07:00  INFO 21596 --- [FLearn_SpringBoot] [  restartedMain] o.s.o.j.p.SpringPersistenceUnitInfo      : No LoadTimeWeaver setup: ignoring JPA class transformer
2026-06-10T20:49:12.065+07:00  INFO 21596 --- [FLearn_SpringBoot] [  restartedMain] com.zaxxer.hikari.HikariDataSource       : HikariPool-1 - Starting...
2026-06-10T20:49:14.651+07:00  INFO 21596 --- [FLearn_SpringBoot] [  restartedMain] com.zaxxer.hikari.pool.HikariPool        : HikariPool-1 - Added connection ConnectionID:1 ClientConnectionId: 302caec3-09aa-4477-be57-677cf88eb8a8
2026-06-10T20:49:14.685+07:00  INFO 21596 --- [FLearn_SpringBoot] [  restartedMain] com.zaxxer.hikari.HikariDataSource       : HikariPool-1 - Start completed.
2026-06-10T20:49:18.722+07:00  WARN 21596 --- [FLearn_SpringBoot] [  restartedMain] org.hibernate.orm.deprecation            : HHH90000025: SQLServerDialect does not need to be specified explicitly using 'hibernate.dialect' (remove the property setting and it will be selected by default)
2026-06-10T20:49:18.936+07:00  INFO 21596 --- [FLearn_SpringBoot] [  restartedMain] org.hibernate.orm.connections.pooling    : HHH10001005: Database info:
	Database JDBC URL [jdbc:sqlserver://localhost:1433;concatNullYieldsNull=ON;quotedIdentifier=ON;connectRetryInterval=10;connectRetryCount=1;maxResultBuffer=-1;sendTemporalDataTypesAsStringForBulkCopy=true;delayLoadingLobs=true;useFmtOnly=false;vectorTypeSupport=v1;cacheBulkCopyMetadata=false;bulkCopyForBatchInsertAllowEncryptedValueModifications=false;bulkCopyForBatchInsertTableLock=false;bulkCopyForBatchInsertKeepNulls=false;bulkCopyForBatchInsertKeepIdentity=false;bulkCopyForBatchInsertFireTriggers=false;bulkCopyForBatchInsertCheckConstraints=false;bulkCopyForBatchInsertBatchSize=0;useBulkCopyForBatchInsert=false;cancelQueryTimeout=-1;sslProtocol=TLS;calcBigDecimalPrecision=false;useDefaultJaasConfig=false;jaasConfigurationName=SQLJDBCDriver;statementPoolingCacheSize=0;serverPreparedStatementDiscardThreshold=10;enablePrepareOnFirstPreparedStatementCall=false;fips=false;socketTimeout=0;authentication=NotSpecified;authenticationScheme=nativeAuthentication;xopenStates=false;datetimeParameterType=datetime2;sendTimeAsDatetime=true;replication=false;trustStoreType=JKS;trustServerCertificate=true;TransparentNetworkIPResolution=true;iPAddressPreference=IPv4First;serverNameAsACE=false;sendStringParametersAsUnicode=true;selectMethod=direct;responseBuffering=adaptive;queryTimeout=-1;packetSize=8000;multiSubnetFailover=false;loginTimeout=30;lockTimeout=-1;lastUpdateCount=true;useDefaultGSSCredential=false;prepareMethod=prepexec;encrypt=true;disableStatementPooling=true;databaseName=FLearnDB;columnEncryptionSetting=Disabled;applicationName=Microsoft JDBC Driver for SQL Server;applicationIntent=readwrite;]
	Database driver: Microsoft JDBC Driver 13.2 for SQL Server
	Database dialect: SQLServerDialect
	Database version: 16.0
	Default catalog/schema: FLearnDB/dbo
	Autocommit mode: undefined/unknown
	Isolation level: READ_COMMITTED [default READ_COMMITTED]
	JDBC fetch size: 128
	Pool: DataSourceConnectionProvider
	Minimum pool size: undefined/unknown
	Maximum pool size: undefined/unknown
2026-06-10T20:49:19.524+07:00  WARN 21596 --- [FLearn_SpringBoot] [  restartedMain] org.hibernate.orm.deprecation            : HHH90000033: Encountered use of deprecated annotation [interface jakarta.persistence.Temporal] at flearn.entity.ClassMember.joinedAt.
2026-06-10T20:49:19.555+07:00  WARN 21596 --- [FLearn_SpringBoot] [  restartedMain] org.hibernate.orm.deprecation            : HHH90000033: Encountered use of deprecated annotation [interface jakarta.persistence.Temporal] at flearn.entity.Classroom.createdAt.
2026-06-10T20:49:19.564+07:00  WARN 21596 --- [FLearn_SpringBoot] [  restartedMain] org.hibernate.orm.deprecation            : HHH90000033: Encountered use of deprecated annotation [interface jakarta.persistence.Temporal] at flearn.entity.Classroom.updatedAt.
2026-06-10T20:49:19.570+07:00  WARN 21596 --- [FLearn_SpringBoot] [  restartedMain] org.hibernate.orm.deprecation            : HHH90000033: Encountered use of deprecated annotation [interface jakarta.persistence.Temporal] at flearn.entity.Enrollment.approvedAt.
2026-06-10T20:49:19.571+07:00  WARN 21596 --- [FLearn_SpringBoot] [  restartedMain] org.hibernate.orm.deprecation            : HHH90000033: Encountered use of deprecated annotation [interface jakarta.persistence.Temporal] at flearn.entity.Enrollment.rejectedAt.
2026-06-10T20:49:19.572+07:00  WARN 21596 --- [FLearn_SpringBoot] [  restartedMain] org.hibernate.orm.deprecation            : HHH90000033: Encountered use of deprecated annotation [interface jakarta.persistence.Temporal] at flearn.entity.Enrollment.removedAt.
2026-06-10T20:49:19.574+07:00  WARN 21596 --- [FLearn_SpringBoot] [  restartedMain] org.hibernate.orm.deprecation            : HHH90000033: Encountered use of deprecated annotation [interface jakarta.persistence.Temporal] at flearn.entity.Enrollment.requestedAt.
2026-06-10T20:49:19.580+07:00  WARN 21596 --- [FLearn_SpringBoot] [  restartedMain] org.hibernate.orm.deprecation            : HHH90000033: Encountered use of deprecated annotation [interface jakarta.persistence.Temporal] at flearn.entity.Lesson.createdAt.
2026-06-10T20:49:19.631+07:00  WARN 21596 --- [FLearn_SpringBoot] [  restartedMain] org.hibernate.orm.deprecation            : HHH90000033: Encountered use of deprecated annotation [interface jakarta.persistence.Temporal] at flearn.entity.LessonCompletion.completedAt.
2026-06-10T20:49:19.994+07:00  WARN 21596 --- [FLearn_SpringBoot] [  restartedMain] org.hibernate.orm.deprecation            : HHH90000033: Encountered use of deprecated annotation [interface jakarta.persistence.Temporal] at flearn.entity.QuizResult.completedAt.
2026-06-10T20:49:20.446+07:00  WARN 21596 --- [FLearn_SpringBoot] [  restartedMain] org.hibernate.orm.deprecation            : HHH90000033: Encountered use of deprecated annotation [interface jakarta.persistence.Temporal] at flearn.entity.User.createdAt.
2026-06-10T20:49:20.514+07:00  WARN 21596 --- [FLearn_SpringBoot] [  restartedMain] org.hibernate.orm.deprecation            : HHH90000033: Encountered use of deprecated annotation [interface jakarta.persistence.Temporal] at flearn.entity.User.resetTokenExpiry.
2026-06-10T20:49:20.515+07:00  WARN 21596 --- [FLearn_SpringBoot] [  restartedMain] org.hibernate.orm.deprecation            : HHH90000033: Encountered use of deprecated annotation [interface jakarta.persistence.Temporal] at flearn.entity.User.updatedAt.
2026-06-10T20:49:28.857+07:00  INFO 21596 --- [FLearn_SpringBoot] [  restartedMain] org.hibernate.orm.core                   : HHH000489: No JTA platform available (set 'hibernate.transaction.jta.platform' to enable JTA platform integration)
2026-06-10T20:49:37.982+07:00 DEBUG 21596 --- [FLearn_SpringBoot] [  restartedMain] org.hibernate.SQL                        : 
    alter table [Lessons] 
       alter column [Content] NVARCHAR(MAX)
Hibernate: 
    alter table [Lessons] 
       alter column [Content] NVARCHAR(MAX)
2026-06-10T20:49:38.239+07:00 DEBUG 21596 --- [FLearn_SpringBoot] [  restartedMain] org.hibernate.SQL                        : 
    alter table [Questions] 
       alter column [OptionA] NVARCHAR(500)
Hibernate: 
    alter table [Questions] 
       alter column [OptionA] NVARCHAR(500)
2026-06-10T20:49:38.326+07:00 DEBUG 21596 --- [FLearn_SpringBoot] [  restartedMain] org.hibernate.SQL                        : 
    alter table [Questions] 
       alter column [OptionB] NVARCHAR(500)
Hibernate: 
    alter table [Questions] 
       alter column [OptionB] NVARCHAR(500)
2026-06-10T20:49:38.447+07:00 DEBUG 21596 --- [FLearn_SpringBoot] [  restartedMain] org.hibernate.SQL                        : 
    alter table [Questions] 
       alter column [OptionC] NVARCHAR(500)
Hibernate: 
    alter table [Questions] 
       alter column [OptionC] NVARCHAR(500)
2026-06-10T20:49:38.475+07:00 DEBUG 21596 --- [FLearn_SpringBoot] [  restartedMain] org.hibernate.SQL                        : 
    alter table [Questions] 
       alter column [OptionD] NVARCHAR(500)
Hibernate: 
    alter table [Questions] 
       alter column [OptionD] NVARCHAR(500)
2026-06-10T20:49:38.509+07:00 DEBUG 21596 --- [FLearn_SpringBoot] [  restartedMain] org.hibernate.SQL                        : 
    alter table [Questions] 
       alter column [QuestionText] NVARCHAR(MAX)
Hibernate: 
    alter table [Questions] 
       alter column [QuestionText] NVARCHAR(MAX)
2026-06-10T20:49:38.529+07:00 DEBUG 21596 --- [FLearn_SpringBoot] [  restartedMain] org.hibernate.SQL                        : 
    alter table [Quizzes] 
       alter column [Title] NVARCHAR(200)
Hibernate: 
    alter table [Quizzes] 
       alter column [Title] NVARCHAR(200)
2026-06-10T20:49:43.460+07:00  INFO 21596 --- [FLearn_SpringBoot] [  restartedMain] j.LocalContainerEntityManagerFactoryBean : Initialized JPA EntityManagerFactory for persistence unit 'default'
2026-06-10T20:49:43.644+07:00  INFO 21596 --- [FLearn_SpringBoot] [  restartedMain] o.s.d.j.r.query.QueryEnhancerFactories   : Hibernate is in classpath; If applicable, HQL parser will be used.
2026-06-10T20:49:50.285+07:00  WARN 21596 --- [FLearn_SpringBoot] [  restartedMain] JpaBaseConfiguration$JpaWebConfiguration : spring.jpa.open-in-view is enabled by default. Therefore, database queries may be performed during view rendering. Explicitly configure spring.jpa.open-in-view to disable this warning
2026-06-10T20:49:50.624+07:00  INFO 21596 --- [FLearn_SpringBoot] [  restartedMain] r$InitializeUserDetailsManagerConfigurer : Global AuthenticationManager configured with UserDetailsService bean with name customUserDetailsService
2026-06-10T20:49:52.326+07:00  INFO 21596 --- [FLearn_SpringBoot] [  restartedMain] o.s.boot.tomcat.TomcatWebServer          : Tomcat started on port 8081 (http) with context path '/'
2026-06-10T20:49:52.339+07:00  INFO 21596 --- [FLearn_SpringBoot] [  restartedMain] flearn.FLearnSpringBootApplication       : Started FLearnSpringBootApplication in 51.736 seconds (process running for 55.182)
2026-06-10T20:49:52.607+07:00 DEBUG 21596 --- [FLearn_SpringBoot] [  restartedMain] org.hibernate.SQL                        : 
    select
        u1_0.[UserID],
        u1_0.[CreatedAt],
        u1_0.[Department],
        u1_0.[Email],
        u1_0.[FullName],
        u1_0.[IsActive],
        u1_0.[PasswordHash],
        u1_0.[Phone],
        u1_0.[ResetToken],
        u1_0.[ResetTokenExpiry],
        u1_0.[Role],
        u1_0.[Status],
        u1_0.[UpdatedAt],
        u1_0.[Username] 
    from
        [Users] u1_0 
    where
        u1_0.[Username]=?
Hibernate: 
    select
        u1_0.[UserID],
        u1_0.[CreatedAt],
        u1_0.[Department],
        u1_0.[Email],
        u1_0.[FullName],
        u1_0.[IsActive],
        u1_0.[PasswordHash],
        u1_0.[Phone],
        u1_0.[ResetToken],
        u1_0.[ResetTokenExpiry],
        u1_0.[Role],
        u1_0.[Status],
        u1_0.[UpdatedAt],
        u1_0.[Username] 
    from
        [Users] u1_0 
    where
        u1_0.[Username]=?
2026-06-10T20:49:52.609+07:00 TRACE 21596 --- [FLearn_SpringBoot] [  restartedMain] org.hibernate.orm.jdbc.bind              : binding parameter (1:VARCHAR) <- [admin]
2026-06-10T20:49:53.031+07:00 DEBUG 21596 --- [FLearn_SpringBoot] [  restartedMain] org.hibernate.SQL                        : 
    select
        u1_0.[UserID],
        u1_0.[CreatedAt],
        u1_0.[Department],
        u1_0.[Email],
        u1_0.[FullName],
        u1_0.[IsActive],
        u1_0.[PasswordHash],
        u1_0.[Phone],
        u1_0.[ResetToken],
        u1_0.[ResetTokenExpiry],
        u1_0.[Role],
        u1_0.[Status],
        u1_0.[UpdatedAt],
        u1_0.[Username] 
    from
        [Users] u1_0 
    where
        u1_0.[UserID]=?
Hibernate: 
    select
        u1_0.[UserID],
        u1_0.[CreatedAt],
        u1_0.[Department],
        u1_0.[Email],
        u1_0.[FullName],
        u1_0.[IsActive],
        u1_0.[PasswordHash],
        u1_0.[Phone],
        u1_0.[ResetToken],
        u1_0.[ResetTokenExpiry],
        u1_0.[Role],
        u1_0.[Status],
        u1_0.[UpdatedAt],
        u1_0.[Username] 
    from
        [Users] u1_0 
    where
        u1_0.[UserID]=?
2026-06-10T20:49:53.031+07:00 TRACE 21596 --- [FLearn_SpringBoot] [  restartedMain] org.hibernate.orm.jdbc.bind              : binding parameter (1:INTEGER) <- [4]
2026-06-10T20:49:53.179+07:00 DEBUG 21596 --- [FLearn_SpringBoot] [  restartedMain] org.hibernate.SQL                        : 
    update
        [Users] 
    set
        [Department]=?,
        [Email]=?,
        [FullName]=?,
        [IsActive]=?,
        [PasswordHash]=?,
        [Phone]=?,
        [ResetToken]=?,
        [ResetTokenExpiry]=?,
        [Role]=?,
        [Status]=?,
        [UpdatedAt]=?,
        [Username]=? 
    where
        [UserID]=?
Hibernate: 
    update
        [Users] 
    set
        [Department]=?,
        [Email]=?,
        [FullName]=?,
        [IsActive]=?,
        [PasswordHash]=?,
        [Phone]=?,
        [ResetToken]=?,
        [ResetTokenExpiry]=?,
        [Role]=?,
        [Status]=?,
        [UpdatedAt]=?,
        [Username]=? 
    where
        [UserID]=?
2026-06-10T20:49:53.181+07:00 TRACE 21596 --- [FLearn_SpringBoot] [  restartedMain] org.hibernate.orm.jdbc.bind              : binding parameter (1:VARCHAR) <- [null]
2026-06-10T20:49:53.182+07:00 TRACE 21596 --- [FLearn_SpringBoot] [  restartedMain] org.hibernate.orm.jdbc.bind              : binding parameter (2:VARCHAR) <- [admin@flearn.local]
2026-06-10T20:49:53.182+07:00 TRACE 21596 --- [FLearn_SpringBoot] [  restartedMain] org.hibernate.orm.jdbc.bind              : binding parameter (3:VARCHAR) <- [FLearn Administrator]
2026-06-10T20:49:53.182+07:00 TRACE 21596 --- [FLearn_SpringBoot] [  restartedMain] org.hibernate.orm.jdbc.bind              : binding parameter (4:BOOLEAN) <- [true]
2026-06-10T20:49:53.182+07:00 TRACE 21596 --- [FLearn_SpringBoot] [  restartedMain] org.hibernate.orm.jdbc.bind              : binding parameter (5:VARCHAR) <- [$2a$10$7mNhgmyoIS3fZyfK3FJn0.TOFi32eAZULRF4noH1k9jyn4zJfSqJK]
2026-06-10T20:49:53.182+07:00 TRACE 21596 --- [FLearn_SpringBoot] [  restartedMain] org.hibernate.orm.jdbc.bind              : binding parameter (6:VARCHAR) <- [null]
2026-06-10T20:49:53.182+07:00 TRACE 21596 --- [FLearn_SpringBoot] [  restartedMain] org.hibernate.orm.jdbc.bind              : binding parameter (7:VARCHAR) <- [null]
2026-06-10T20:49:53.182+07:00 TRACE 21596 --- [FLearn_SpringBoot] [  restartedMain] org.hibernate.orm.jdbc.bind              : binding parameter (8:TIMESTAMP) <- [null]
2026-06-10T20:49:53.182+07:00 TRACE 21596 --- [FLearn_SpringBoot] [  restartedMain] org.hibernate.orm.jdbc.bind              : binding parameter (9:INTEGER) <- [0]
2026-06-10T20:49:53.182+07:00 TRACE 21596 --- [FLearn_SpringBoot] [  restartedMain] org.hibernate.orm.jdbc.bind              : binding parameter (10:VARCHAR) <- [ACTIVE]
2026-06-10T20:49:53.186+07:00 TRACE 21596 --- [FLearn_SpringBoot] [  restartedMain] org.hibernate.orm.jdbc.bind              : binding parameter (11:TIMESTAMP) <- [Wed Jun 10 20:49:53 ICT 2026]
2026-06-10T20:49:53.187+07:00 TRACE 21596 --- [FLearn_SpringBoot] [  restartedMain] org.hibernate.orm.jdbc.bind              : binding parameter (12:VARCHAR) <- [admin]
2026-06-10T20:49:53.187+07:00 TRACE 21596 --- [FLearn_SpringBoot] [  restartedMain] org.hibernate.orm.jdbc.bind              : binding parameter (13:INTEGER) <- [4]
2026-06-10T20:49:53.826+07:00  WARN 21596 --- [FLearn_SpringBoot] [  restartedMain] f.configuration.ApplicationInitConfig    : Admin user refreshed with username 'admin' and password 'admin'. Please change the password immediately after logging in.
2026-06-10T20:51:03.461+07:00  INFO 21596 --- [FLearn_SpringBoot] [nio-8081-exec-1] o.a.c.c.C.[Tomcat].[localhost].[/]       : Initializing Spring DispatcherServlet 'dispatcherServlet'
2026-06-10T20:51:03.464+07:00  INFO 21596 --- [FLearn_SpringBoot] [nio-8081-exec-1] o.s.web.servlet.DispatcherServlet        : Initializing Servlet 'dispatcherServlet'
2026-06-10T20:51:03.476+07:00  INFO 21596 --- [FLearn_SpringBoot] [nio-8081-exec-1] o.s.web.servlet.DispatcherServlet        : Completed initialization in 11 ms
2026-06-10T20:51:03.641+07:00 DEBUG 21596 --- [FLearn_SpringBoot] [nio-8081-exec-1] org.hibernate.SQL                        : 
    select
        ss1_0.[SettingID],
        ss1_0.[SettingKey],
        ss1_0.[SettingValue] 
    from
        [SystemSettings] ss1_0 
    where
        ss1_0.[SettingKey]=?
Hibernate: 
    select
        ss1_0.[SettingID],
        ss1_0.[SettingKey],
        ss1_0.[SettingValue] 
    from
        [SystemSettings] ss1_0 
    where
        ss1_0.[SettingKey]=?
2026-06-10T20:51:03.643+07:00 TRACE 21596 --- [FLearn_SpringBoot] [nio-8081-exec-1] org.hibernate.orm.jdbc.bind              : binding parameter (1:VARCHAR) <- [MAINTENANCE_MODE]
2026-06-10T20:51:06.598+07:00  WARN 21596 --- [FLearn_SpringBoot] [nio-8081-exec-1] o.a.c.util.SessionIdGeneratorBase        : Creation of SecureRandom instance for session ID generation using [SHA1PRNG] took [845] milliseconds.
2026-06-10T20:51:31.259+07:00 DEBUG 21596 --- [FLearn_SpringBoot] [nio-8081-exec-3] org.hibernate.SQL                        : 
    select
        ss1_0.[SettingID],
        ss1_0.[SettingKey],
        ss1_0.[SettingValue] 
    from
        [SystemSettings] ss1_0 
    where
        ss1_0.[SettingKey]=?
Hibernate: 
    select
        ss1_0.[SettingID],
        ss1_0.[SettingKey],
        ss1_0.[SettingValue] 
    from
        [SystemSettings] ss1_0 
    where
        ss1_0.[SettingKey]=?
2026-06-10T20:51:31.259+07:00 TRACE 21596 --- [FLearn_SpringBoot] [nio-8081-exec-3] org.hibernate.orm.jdbc.bind              : binding parameter (1:VARCHAR) <- [MAINTENANCE_MODE]
2026-06-10T20:51:31.544+07:00 DEBUG 21596 --- [FLearn_SpringBoot] [nio-8081-exec-4] org.hibernate.SQL                        : 
    select
        u1_0.[UserID],
        u1_0.[CreatedAt],
        u1_0.[Department],
        u1_0.[Email],
        u1_0.[FullName],
        u1_0.[IsActive],
        u1_0.[PasswordHash],
        u1_0.[Phone],
        u1_0.[ResetToken],
        u1_0.[ResetTokenExpiry],
        u1_0.[Role],
        u1_0.[Status],
        u1_0.[UpdatedAt],
        u1_0.[Username] 
    from
        [Users] u1_0 
    where
        u1_0.[Username]=?
Hibernate: 
    select
        u1_0.[UserID],
        u1_0.[CreatedAt],
        u1_0.[Department],
        u1_0.[Email],
        u1_0.[FullName],
        u1_0.[IsActive],
        u1_0.[PasswordHash],
        u1_0.[Phone],
        u1_0.[ResetToken],
        u1_0.[ResetTokenExpiry],
        u1_0.[Role],
        u1_0.[Status],
        u1_0.[UpdatedAt],
        u1_0.[Username] 
    from
        [Users] u1_0 
    where
        u1_0.[Username]=?
2026-06-10T20:51:31.545+07:00 TRACE 21596 --- [FLearn_SpringBoot] [nio-8081-exec-4] org.hibernate.orm.jdbc.bind              : binding parameter (1:VARCHAR) <- [admin]
2026-06-10T20:51:49.918+07:00 DEBUG 21596 --- [FLearn_SpringBoot] [nio-8081-exec-6] org.hibernate.SQL                        : 
    select
        ss1_0.[SettingID],
        ss1_0.[SettingKey],
        ss1_0.[SettingValue] 
    from
        [SystemSettings] ss1_0 
    where
        ss1_0.[SettingKey]=?
Hibernate: 
    select
        ss1_0.[SettingID],
        ss1_0.[SettingKey],
        ss1_0.[SettingValue] 
    from
        [SystemSettings] ss1_0 
    where
        ss1_0.[SettingKey]=?
2026-06-10T20:51:49.918+07:00 TRACE 21596 --- [FLearn_SpringBoot] [nio-8081-exec-6] org.hibernate.orm.jdbc.bind              : binding parameter (1:VARCHAR) <- [MAINTENANCE_MODE]
2026-06-10T20:51:51.819+07:00 DEBUG 21596 --- [FLearn_SpringBoot] [nio-8081-exec-7] org.hibernate.SQL                        : 
    select
        u1_0.[UserID],
        u1_0.[CreatedAt],
        u1_0.[Department],
        u1_0.[Email],
        u1_0.[FullName],
        u1_0.[IsActive],
        u1_0.[PasswordHash],
        u1_0.[Phone],
        u1_0.[ResetToken],
        u1_0.[ResetTokenExpiry],
        u1_0.[Role],
        u1_0.[Status],
        u1_0.[UpdatedAt],
        u1_0.[Username] 
    from
        [Users] u1_0 
    where
        u1_0.[Username]=?
Hibernate: 
    select
        u1_0.[UserID],
        u1_0.[CreatedAt],
        u1_0.[Department],
        u1_0.[Email],
        u1_0.[FullName],
        u1_0.[IsActive],
        u1_0.[PasswordHash],
        u1_0.[Phone],
        u1_0.[ResetToken],
        u1_0.[ResetTokenExpiry],
        u1_0.[Role],
        u1_0.[Status],
        u1_0.[UpdatedAt],
        u1_0.[Username] 
    from
        [Users] u1_0 
    where
        u1_0.[Username]=?
2026-06-10T20:51:51.819+07:00 TRACE 21596 --- [FLearn_SpringBoot] [nio-8081-exec-7] org.hibernate.orm.jdbc.bind              : binding parameter (1:VARCHAR) <- [admin]
2026-06-10T20:52:14.602+07:00 DEBUG 21596 --- [FLearn_SpringBoot] [nio-8081-exec-9] org.hibernate.SQL                        : 
    select
        ss1_0.[SettingID],
        ss1_0.[SettingKey],
        ss1_0.[SettingValue] 
    from
        [SystemSettings] ss1_0 
    where
        ss1_0.[SettingKey]=?
Hibernate: 
    select
        ss1_0.[SettingID],
        ss1_0.[SettingKey],
        ss1_0.[SettingValue] 
    from
        [SystemSettings] ss1_0 
    where
        ss1_0.[SettingKey]=?
2026-06-10T20:52:14.603+07:00 TRACE 21596 --- [FLearn_SpringBoot] [nio-8081-exec-9] org.hibernate.orm.jdbc.bind              : binding parameter (1:VARCHAR) <- [MAINTENANCE_MODE]
2026-06-10T20:52:17.398+07:00 DEBUG 21596 --- [FLearn_SpringBoot] [io-8081-exec-10] org.hibernate.SQL                        : 
    select
        u1_0.[UserID],
        u1_0.[CreatedAt],
        u1_0.[Department],
        u1_0.[Email],
        u1_0.[FullName],
        u1_0.[IsActive],
        u1_0.[PasswordHash],
        u1_0.[Phone],
        u1_0.[ResetToken],
        u1_0.[ResetTokenExpiry],
        u1_0.[Role],
        u1_0.[Status],
        u1_0.[UpdatedAt],
        u1_0.[Username] 
    from
        [Users] u1_0 
    where
        u1_0.[Username]=?
Hibernate: 
    select
        u1_0.[UserID],
        u1_0.[CreatedAt],
        u1_0.[Department],
        u1_0.[Email],
        u1_0.[FullName],
        u1_0.[IsActive],
        u1_0.[PasswordHash],
        u1_0.[Phone],
        u1_0.[ResetToken],
        u1_0.[ResetTokenExpiry],
        u1_0.[Role],
        u1_0.[Status],
        u1_0.[UpdatedAt],
        u1_0.[Username] 
    from
        [Users] u1_0 
    where
        u1_0.[Username]=?
2026-06-10T20:52:17.399+07:00 TRACE 21596 --- [FLearn_SpringBoot] [io-8081-exec-10] org.hibernate.orm.jdbc.bind              : binding parameter (1:VARCHAR) <- [admin]
2026-06-10T20:52:17.616+07:00 DEBUG 21596 --- [FLearn_SpringBoot] [nio-8081-exec-1] org.hibernate.SQL                        : 
    select
        ss1_0.[SettingID],
        ss1_0.[SettingKey],
        ss1_0.[SettingValue] 
    from
        [SystemSettings] ss1_0 
    where
        ss1_0.[SettingKey]=?
Hibernate: 
    select
        ss1_0.[SettingID],
        ss1_0.[SettingKey],
        ss1_0.[SettingValue] 
    from
        [SystemSettings] ss1_0 
    where
        ss1_0.[SettingKey]=?
2026-06-10T20:52:17.617+07:00 TRACE 21596 --- [FLearn_SpringBoot] [nio-8081-exec-1] org.hibernate.orm.jdbc.bind              : binding parameter (1:VARCHAR) <- [MAINTENANCE_MODE]
2026-06-10T20:52:17.668+07:00 DEBUG 21596 --- [FLearn_SpringBoot] [nio-8081-exec-2] org.hibernate.SQL                        : 
    select
        ss1_0.[SettingID],
        ss1_0.[SettingKey],
        ss1_0.[SettingValue] 
    from
        [SystemSettings] ss1_0 
    where
        ss1_0.[SettingKey]=?
Hibernate: 
    select
        ss1_0.[SettingID],
        ss1_0.[SettingKey],
        ss1_0.[SettingValue] 
    from
        [SystemSettings] ss1_0 
    where
        ss1_0.[SettingKey]=?
2026-06-10T20:52:17.669+07:00 TRACE 21596 --- [FLearn_SpringBoot] [nio-8081-exec-2] org.hibernate.orm.jdbc.bind              : binding parameter (1:VARCHAR) <- [MAINTENANCE_MODE]
2026-06-10T20:52:17.780+07:00 DEBUG 21596 --- [FLearn_SpringBoot] [nio-8081-exec-2] org.hibernate.SQL                        : 
    select
        count_big(*) 
    from
        [Users] u1_0
Hibernate: 
    select
        count_big(*) 
    from
        [Users] u1_0
2026-06-10T20:52:18.219+07:00 DEBUG 21596 --- [FLearn_SpringBoot] [nio-8081-exec-2] org.hibernate.SQL                        : 
    select
        count_big(u1_0.[UserID]) 
    from
        [Users] u1_0 
    where
        u1_0.[Role]=?
Hibernate: 
    select
        count_big(u1_0.[UserID]) 
    from
        [Users] u1_0 
    where
        u1_0.[Role]=?
2026-06-10T20:52:18.219+07:00 TRACE 21596 --- [FLearn_SpringBoot] [nio-8081-exec-2] org.hibernate.orm.jdbc.bind              : binding parameter (1:INTEGER) <- [2]
2026-06-10T20:52:26.581+07:00 DEBUG 21596 --- [FLearn_SpringBoot] [nio-8081-exec-2] org.hibernate.SQL                        : 
    select
        count_big(u1_0.[UserID]) 
    from
        [Users] u1_0 
    where
        u1_0.[Role]=?
Hibernate: 
    select
        count_big(u1_0.[UserID]) 
    from
        [Users] u1_0 
    where
        u1_0.[Role]=?
2026-06-10T20:52:26.581+07:00 TRACE 21596 --- [FLearn_SpringBoot] [nio-8081-exec-2] org.hibernate.orm.jdbc.bind              : binding parameter (1:INTEGER) <- [1]
2026-06-10T20:52:26.614+07:00 DEBUG 21596 --- [FLearn_SpringBoot] [nio-8081-exec-2] org.hibernate.SQL                        : 
    select
        count_big(*) 
    from
        [Classes] c1_0
Hibernate: 
    select
        count_big(*) 
    from
        [Classes] c1_0
2026-06-10T20:52:26.721+07:00 DEBUG 21596 --- [FLearn_SpringBoot] [nio-8081-exec-2] org.hibernate.SQL                        : 
    select
        count_big(c1_0.[ClassID]) 
    from
        [Classes] c1_0 
    where
        c1_0.[Status]=?
Hibernate: 
    select
        count_big(c1_0.[ClassID]) 
    from
        [Classes] c1_0 
    where
        c1_0.[Status]=?
2026-06-10T20:52:26.722+07:00 TRACE 21596 --- [FLearn_SpringBoot] [nio-8081-exec-2] org.hibernate.orm.jdbc.bind              : binding parameter (1:VARCHAR) <- [ACTIVE]
2026-06-10T20:52:26.897+07:00 DEBUG 21596 --- [FLearn_SpringBoot] [nio-8081-exec-2] org.hibernate.SQL                        : 
    select
        count_big(u1_0.[UserID]) 
    from
        [Users] u1_0 
    where
        u1_0.[Role]=? 
        and u1_0.[Status]=?
Hibernate: 
    select
        count_big(u1_0.[UserID]) 
    from
        [Users] u1_0 
    where
        u1_0.[Role]=? 
        and u1_0.[Status]=?
2026-06-10T20:52:26.897+07:00 TRACE 21596 --- [FLearn_SpringBoot] [nio-8081-exec-2] org.hibernate.orm.jdbc.bind              : binding parameter (1:INTEGER) <- [1]
2026-06-10T20:52:26.897+07:00 TRACE 21596 --- [FLearn_SpringBoot] [nio-8081-exec-2] org.hibernate.orm.jdbc.bind              : binding parameter (2:VARCHAR) <- [BLOCKED]
2026-06-10T20:52:27.038+07:00 DEBUG 21596 --- [FLearn_SpringBoot] [nio-8081-exec-2] org.hibernate.SQL                        : 
    select
        c1_0.[ClassID],
        c1_0.[ClassName],
        c1_0.[CreatedAt],
        c1_0.[Description],
        c1_0.[EndDate],
        c1_0.[InviteCode],
        c1_0.[IsActive],
        c1_0.[StartDate],
        c1_0.[Status],
        c1_0.[TeacherID],
        c1_0.[UpdatedAt] 
    from
        [Classes] c1_0
Hibernate: 
    select
        c1_0.[ClassID],
        c1_0.[ClassName],
        c1_0.[CreatedAt],
        c1_0.[Description],
        c1_0.[EndDate],
        c1_0.[InviteCode],
        c1_0.[IsActive],
        c1_0.[StartDate],
        c1_0.[Status],
        c1_0.[TeacherID],
        c1_0.[UpdatedAt] 
    from
        [Classes] c1_0
2026-06-10T20:52:27.084+07:00 DEBUG 21596 --- [FLearn_SpringBoot] [nio-8081-exec-2] org.hibernate.SQL                        : 
    select
        u1_0.[UserID],
        u1_0.[CreatedAt],
        u1_0.[Department],
        u1_0.[Email],
        u1_0.[FullName],
        u1_0.[IsActive],
        u1_0.[PasswordHash],
        u1_0.[Phone],
        u1_0.[ResetToken],
        u1_0.[ResetTokenExpiry],
        u1_0.[Role],
        u1_0.[Status],
        u1_0.[UpdatedAt],
        u1_0.[Username] 
    from
        [Users] u1_0 
    where
        u1_0.[UserID]=?
Hibernate: 
    select
        u1_0.[UserID],
        u1_0.[CreatedAt],
        u1_0.[Department],
        u1_0.[Email],
        u1_0.[FullName],
        u1_0.[IsActive],
        u1_0.[PasswordHash],
        u1_0.[Phone],
        u1_0.[ResetToken],
        u1_0.[ResetTokenExpiry],
        u1_0.[Role],
        u1_0.[Status],
        u1_0.[UpdatedAt],
        u1_0.[Username] 
    from
        [Users] u1_0 
    where
        u1_0.[UserID]=?
2026-06-10T20:52:27.086+07:00 TRACE 21596 --- [FLearn_SpringBoot] [nio-8081-exec-2] org.hibernate.orm.jdbc.bind              : binding parameter (1:INTEGER) <- [5]
2026-06-10T20:52:27.176+07:00 DEBUG 21596 --- [FLearn_SpringBoot] [nio-8081-exec-2] org.hibernate.SQL                        : 
    select
        u1_0.[UserID],
        u1_0.[CreatedAt],
        u1_0.[Department],
        u1_0.[Email],
        u1_0.[FullName],
        u1_0.[IsActive],
        u1_0.[PasswordHash],
        u1_0.[Phone],
        u1_0.[ResetToken],
        u1_0.[ResetTokenExpiry],
        u1_0.[Role],
        u1_0.[Status],
        u1_0.[UpdatedAt],
        u1_0.[Username] 
    from
        [Users] u1_0 
    where
        u1_0.[Role]=?
Hibernate: 
    select
        u1_0.[UserID],
        u1_0.[CreatedAt],
        u1_0.[Department],
        u1_0.[Email],
        u1_0.[FullName],
        u1_0.[IsActive],
        u1_0.[PasswordHash],
        u1_0.[Phone],
        u1_0.[ResetToken],
        u1_0.[ResetTokenExpiry],
        u1_0.[Role],
        u1_0.[Status],
        u1_0.[UpdatedAt],
        u1_0.[Username] 
    from
        [Users] u1_0 
    where
        u1_0.[Role]=?
2026-06-10T20:52:27.176+07:00 TRACE 21596 --- [FLearn_SpringBoot] [nio-8081-exec-2] org.hibernate.orm.jdbc.bind              : binding parameter (1:INTEGER) <- [1]
2026-06-10T20:55:41.792+07:00  INFO 21596 --- [FLearn_SpringBoot] [   File Watcher] rtingClassPathChangeChangedEventListener : Restarting due to 30 class path changes (0 additions, 30 deletions, 0 modifications)
2026-06-10T20:55:41.899+07:00  INFO 21596 --- [FLearn_SpringBoot] [       Thread-1] o.s.boot.tomcat.GracefulShutdown         : Commencing graceful shutdown. Waiting for active requests to complete
2026-06-10T20:55:41.954+07:00  INFO 21596 --- [FLearn_SpringBoot] [tomcat-shutdown] o.s.boot.tomcat.GracefulShutdown         : Graceful shutdown complete
2026-06-10T20:55:42.001+07:00  INFO 21596 --- [FLearn_SpringBoot] [       Thread-1] j.LocalContainerEntityManagerFactoryBean : Closing JPA EntityManagerFactory for persistence unit 'default'
2026-06-10T20:55:42.037+07:00  INFO 21596 --- [FLearn_SpringBoot] [       Thread-1] com.zaxxer.hikari.HikariDataSource       : HikariPool-1 - Shutdown initiated...
2026-06-10T20:55:42.072+07:00  INFO 21596 --- [FLearn_SpringBoot] [       Thread-1] com.zaxxer.hikari.HikariDataSource       : HikariPool-1 - Shutdown completed.

  .   ____          _            __ _ _
 /\\ / ___'_ __ _ _(_)_ __  __ _ \ \ \ \
( ( )\___ | '_ | '_| | '_ \/ _` | \ \ \ \
 \\/  ___)| |_)| | | | | || (_| |  ) ) ) )
  '  |____| .__|_| |_|_| |_\__, | / / / /
 =========|_|==============|___/=/_/_/_/

 :: Spring Boot ::                (v4.0.6)

2026-06-10T20:55:43.136+07:00  INFO 21596 --- [FLearn_SpringBoot] [  restartedMain] flearn.FLearnSpringBootApplication       : Starting FLearnSpringBootApplication using Java 21.0.11 with PID 21596 (D:\SWP391\FLearn_\target\classes started by quynh anh in D:\SWP391\FLearn_)
2026-06-10T20:55:43.137+07:00  INFO 21596 --- [FLearn_SpringBoot] [  restartedMain] flearn.FLearnSpringBootApplication       : No active profile set, falling back to 1 default profile: "default"
2026-06-10T20:55:43.349+07:00  WARN 21596 --- [FLearn_SpringBoot] [  restartedMain] ConfigServletWebServerApplicationContext : Exception encountered during context initialization - cancelling refresh attempt: org.springframework.beans.factory.BeanDefinitionStoreException: I/O failure while processing configuration class [flearn.mapper.ClassroomMapperImpl]
2026-06-10T20:55:43.409+07:00 ERROR 21596 --- [FLearn_SpringBoot] [  restartedMain] o.s.boot.SpringApplication               : Application run failed

org.springframework.beans.factory.BeanDefinitionStoreException: I/O failure while processing configuration class [flearn.mapper.ClassroomMapperImpl]
	at org.springframework.context.annotation.ConfigurationClassParser.processConfigurationClass(ConfigurationClassParser.java:288) ~[spring-context-7.0.7.jar:7.0.7]
	at org.springframework.context.annotation.ConfigurationClassParser.parse(ConfigurationClassParser.java:220) ~[spring-context-7.0.7.jar:7.0.7]
	at org.springframework.context.annotation.ConfigurationClassParser.doProcessConfigurationClass(ConfigurationClassParser.java:355) ~[spring-context-7.0.7.jar:7.0.7]
	at org.springframework.context.annotation.ConfigurationClassParser.processConfigurationClass(ConfigurationClassParser.java:283) ~[spring-context-7.0.7.jar:7.0.7]
	at org.springframework.context.annotation.ConfigurationClassParser.parse(ConfigurationClassParser.java:206) ~[spring-context-7.0.7.jar:7.0.7]
	at org.springframework.context.annotation.ConfigurationClassParser.parse(ConfigurationClassParser.java:174) ~[spring-context-7.0.7.jar:7.0.7]
	at org.springframework.context.annotation.ConfigurationClassPostProcessor.processConfigBeanDefinitions(ConfigurationClassPostProcessor.java:452) ~[spring-context-7.0.7.jar:7.0.7]
	at org.springframework.context.annotation.ConfigurationClassPostProcessor.postProcessBeanDefinitionRegistry(ConfigurationClassPostProcessor.java:316) ~[spring-context-7.0.7.jar:7.0.7]
	at org.springframework.context.support.PostProcessorRegistrationDelegate.invokeBeanDefinitionRegistryPostProcessors(PostProcessorRegistrationDelegate.java:349) ~[spring-context-7.0.7.jar:7.0.7]
	at org.springframework.context.support.PostProcessorRegistrationDelegate.invokeBeanFactoryPostProcessors(PostProcessorRegistrationDelegate.java:118) ~[spring-context-7.0.7.jar:7.0.7]
	at org.springframework.context.support.AbstractApplicationContext.invokeBeanFactoryPostProcessors(AbstractApplicationContext.java:795) ~[spring-context-7.0.7.jar:7.0.7]
	at org.springframework.context.support.AbstractApplicationContext.refresh(AbstractApplicationContext.java:603) ~[spring-context-7.0.7.jar:7.0.7]
	at org.springframework.boot.web.server.servlet.context.ServletWebServerApplicationContext.refresh(ServletWebServerApplicationContext.java:143) ~[spring-boot-web-server-4.0.6.jar:4.0.6]
	at org.springframework.boot.SpringApplication.refresh(SpringApplication.java:756) ~[spring-boot-4.0.6.jar:4.0.6]
	at org.springframework.boot.SpringApplication.refreshContext(SpringApplication.java:445) ~[spring-boot-4.0.6.jar:4.0.6]
	at org.springframework.boot.SpringApplication.run(SpringApplication.java:321) ~[spring-boot-4.0.6.jar:4.0.6]
	at org.springframework.boot.SpringApplication.run(SpringApplication.java:1365) ~[spring-boot-4.0.6.jar:4.0.6]
	at org.springframework.boot.SpringApplication.run(SpringApplication.java:1354) ~[spring-boot-4.0.6.jar:4.0.6]
	at flearn.FLearnSpringBootApplication.main(FLearnSpringBootApplication.java:10) ~[classes/:na]
	at java.base/jdk.internal.reflect.DirectMethodHandleAccessor.invoke(DirectMethodHandleAccessor.java:103) ~[na:na]
	at java.base/java.lang.reflect.Method.invoke(Method.java:580) ~[na:na]
	at org.springframework.boot.devtools.restart.RestartLauncher.run(RestartLauncher.java:52) ~[spring-boot-devtools-4.0.6.jar:4.0.6]
Caused by: java.io.FileNotFoundException: class path resource [flearn/mapper/ClassroomMapper.class] cannot be opened because it does not exist
	at org.springframework.core.io.ClassPathResource.getInputStream(ClassPathResource.java:212) ~[spring-core-7.0.7.jar:7.0.7]
	at org.springframework.core.type.classreading.SimpleMetadataReader.getClassReader(SimpleMetadataReader.java:54) ~[spring-core-7.0.7.jar:7.0.7]
	at org.springframework.core.type.classreading.SimpleMetadataReader.<init>(SimpleMetadataReader.java:48) ~[spring-core-7.0.7.jar:7.0.7]
	at org.springframework.core.type.classreading.SimpleMetadataReaderFactory.getMetadataReader(SimpleMetadataReaderFactory.java:62) ~[spring-core-7.0.7.jar:7.0.7]
	at org.springframework.core.type.classreading.CachingMetadataReaderFactory.getMetadataReader(CachingMetadataReaderFactory.java:127) ~[spring-core-7.0.7.jar:7.0.7]
	at org.springframework.core.type.classreading.AbstractMetadataReaderFactory.getMetadataReader(AbstractMetadataReaderFactory.java:62) ~[spring-core-7.0.7.jar:7.0.7]
	at org.springframework.core.type.classreading.CachingMetadataReaderFactory.getMetadataReader(CachingMetadataReaderFactory.java:40) ~[spring-core-7.0.7.jar:7.0.7]
	at org.springframework.context.annotation.ConfigurationClassParser.asSourceClass(ConfigurationClassParser.java:728) ~[spring-context-7.0.7.jar:7.0.7]
	at org.springframework.context.annotation.ConfigurationClassParser$SourceClass.getInterfaces(ConfigurationClassParser.java:1074) ~[spring-context-7.0.7.jar:7.0.7]
	at org.springframework.context.annotation.ConfigurationClassParser.collectImports(ConfigurationClassParser.java:566) ~[spring-context-7.0.7.jar:7.0.7]
	at org.springframework.context.annotation.ConfigurationClassParser.getImports(ConfigurationClassParser.java:541) ~[spring-context-7.0.7.jar:7.0.7]
	at org.springframework.context.annotation.ConfigurationClassParser.doProcessConfigurationClass(ConfigurationClassParser.java:362) ~[spring-context-7.0.7.jar:7.0.7]
	at org.springframework.context.annotation.ConfigurationClassParser.processConfigurationClass(ConfigurationClassParser.java:283) ~[spring-context-7.0.7.jar:7.0.7]
	... 21 common frames omitted


  .   ____          _            __ _ _
 /\\ / ___'_ __ _ _(_)_ __  __ _ \ \ \ \
( ( )\___ | '_ | '_| | '_ \/ _` | \ \ \ \
 \\/  ___)| |_)| | | | | || (_| |  ) ) ) )
  '  |____| .__|_| |_|_| |_\__, | / / / /
 =========|_|==============|___/=/_/_/_/

 :: Spring Boot ::                (v4.0.6)

2026-06-10T20:57:17.747+07:00  INFO 21596 --- [FLearn_SpringBoot] [  restartedMain] flearn.FLearnSpringBootApplication       : Starting FLearnSpringBootApplication using Java 21.0.11 with PID 21596 (D:\SWP391\FLearn_\target\classes started by quynh anh in D:\SWP391\FLearn_)
2026-06-10T20:57:17.747+07:00  INFO 21596 --- [FLearn_SpringBoot] [  restartedMain] flearn.FLearnSpringBootApplication       : No active profile set, falling back to 1 default profile: "default"
2026-06-10T20:57:17.864+07:00  WARN 21596 --- [FLearn_SpringBoot] [  restartedMain] ConfigServletWebServerApplicationContext : Exception encountered during context initialization - cancelling refresh attempt: org.springframework.beans.factory.BeanDefinitionStoreException: I/O failure while processing configuration class [flearn.mapper.ClassroomMapperImpl]
2026-06-10T20:57:17.875+07:00 ERROR 21596 --- [FLearn_SpringBoot] [  restartedMain] o.s.boot.SpringApplication               : Application run failed

org.springframework.beans.factory.BeanDefinitionStoreException: I/O failure while processing configuration class [flearn.mapper.ClassroomMapperImpl]
	at org.springframework.context.annotation.ConfigurationClassParser.processConfigurationClass(ConfigurationClassParser.java:288) ~[spring-context-7.0.7.jar:7.0.7]
	at org.springframework.context.annotation.ConfigurationClassParser.parse(ConfigurationClassParser.java:220) ~[spring-context-7.0.7.jar:7.0.7]
	at org.springframework.context.annotation.ConfigurationClassParser.doProcessConfigurationClass(ConfigurationClassParser.java:355) ~[spring-context-7.0.7.jar:7.0.7]
	at org.springframework.context.annotation.ConfigurationClassParser.processConfigurationClass(ConfigurationClassParser.java:283) ~[spring-context-7.0.7.jar:7.0.7]
	at org.springframework.context.annotation.ConfigurationClassParser.parse(ConfigurationClassParser.java:206) ~[spring-context-7.0.7.jar:7.0.7]
	at org.springframework.context.annotation.ConfigurationClassParser.parse(ConfigurationClassParser.java:174) ~[spring-context-7.0.7.jar:7.0.7]
	at org.springframework.context.annotation.ConfigurationClassPostProcessor.processConfigBeanDefinitions(ConfigurationClassPostProcessor.java:452) ~[spring-context-7.0.7.jar:7.0.7]
	at org.springframework.context.annotation.ConfigurationClassPostProcessor.postProcessBeanDefinitionRegistry(ConfigurationClassPostProcessor.java:316) ~[spring-context-7.0.7.jar:7.0.7]
	at org.springframework.context.support.PostProcessorRegistrationDelegate.invokeBeanDefinitionRegistryPostProcessors(PostProcessorRegistrationDelegate.java:349) ~[spring-context-7.0.7.jar:7.0.7]
	at org.springframework.context.support.PostProcessorRegistrationDelegate.invokeBeanFactoryPostProcessors(PostProcessorRegistrationDelegate.java:118) ~[spring-context-7.0.7.jar:7.0.7]
	at org.springframework.context.support.AbstractApplicationContext.invokeBeanFactoryPostProcessors(AbstractApplicationContext.java:795) ~[spring-context-7.0.7.jar:7.0.7]
	at org.springframework.context.support.AbstractApplicationContext.refresh(AbstractApplicationContext.java:603) ~[spring-context-7.0.7.jar:7.0.7]
	at org.springframework.boot.web.server.servlet.context.ServletWebServerApplicationContext.refresh(ServletWebServerApplicationContext.java:143) ~[spring-boot-web-server-4.0.6.jar:4.0.6]
	at org.springframework.boot.SpringApplication.refresh(SpringApplication.java:756) ~[spring-boot-4.0.6.jar:4.0.6]
	at org.springframework.boot.SpringApplication.refreshContext(SpringApplication.java:445) ~[spring-boot-4.0.6.jar:4.0.6]
	at org.springframework.boot.SpringApplication.run(SpringApplication.java:321) ~[spring-boot-4.0.6.jar:4.0.6]
	at org.springframework.boot.SpringApplication.run(SpringApplication.java:1365) ~[spring-boot-4.0.6.jar:4.0.6]
	at org.springframework.boot.SpringApplication.run(SpringApplication.java:1354) ~[spring-boot-4.0.6.jar:4.0.6]
	at flearn.FLearnSpringBootApplication.main(FLearnSpringBootApplication.java:10) ~[classes/:na]
	at java.base/jdk.internal.reflect.DirectMethodHandleAccessor.invoke(DirectMethodHandleAccessor.java:103) ~[na:na]
	at java.base/java.lang.reflect.Method.invoke(Method.java:580) ~[na:na]
	at org.springframework.boot.devtools.restart.RestartLauncher.run(RestartLauncher.java:52) ~[spring-boot-devtools-4.0.6.jar:4.0.6]
Caused by: java.io.FileNotFoundException: class path resource [flearn/mapper/ClassroomMapper.class] cannot be opened because it does not exist
	at org.springframework.core.io.ClassPathResource.getInputStream(ClassPathResource.java:212) ~[spring-core-7.0.7.jar:7.0.7]
	at org.springframework.core.type.classreading.SimpleMetadataReader.getClassReader(SimpleMetadataReader.java:54) ~[spring-core-7.0.7.jar:7.0.7]
	at org.springframework.core.type.classreading.SimpleMetadataReader.<init>(SimpleMetadataReader.java:48) ~[spring-core-7.0.7.jar:7.0.7]
	at org.springframework.core.type.classreading.SimpleMetadataReaderFactory.getMetadataReader(SimpleMetadataReaderFactory.java:62) ~[spring-core-7.0.7.jar:7.0.7]
	at org.springframework.core.type.classreading.CachingMetadataReaderFactory.getMetadataReader(CachingMetadataReaderFactory.java:127) ~[spring-core-7.0.7.jar:7.0.7]
	at org.springframework.core.type.classreading.AbstractMetadataReaderFactory.getMetadataReader(AbstractMetadataReaderFactory.java:62) ~[spring-core-7.0.7.jar:7.0.7]
	at org.springframework.core.type.classreading.CachingMetadataReaderFactory.getMetadataReader(CachingMetadataReaderFactory.java:40) ~[spring-core-7.0.7.jar:7.0.7]
	at org.springframework.context.annotation.ConfigurationClassParser.asSourceClass(ConfigurationClassParser.java:728) ~[spring-context-7.0.7.jar:7.0.7]
	at org.springframework.context.annotation.ConfigurationClassParser$SourceClass.getInterfaces(ConfigurationClassParser.java:1074) ~[spring-context-7.0.7.jar:7.0.7]
	at org.springframework.context.annotation.ConfigurationClassParser.collectImports(ConfigurationClassParser.java:566) ~[spring-context-7.0.7.jar:7.0.7]
	at org.springframework.context.annotation.ConfigurationClassParser.getImports(ConfigurationClassParser.java:541) ~[spring-context-7.0.7.jar:7.0.7]
	at org.springframework.context.annotation.ConfigurationClassParser.doProcessConfigurationClass(ConfigurationClassParser.java:362) ~[spring-context-7.0.7.jar:7.0.7]
	at org.springframework.context.annotation.ConfigurationClassParser.processConfigurationClass(ConfigurationClassParser.java:283) ~[spring-context-7.0.7.jar:7.0.7]
	... 21 common frames omitted


  .   ____          _            __ _ _
 /\\ / ___'_ __ _ _(_)_ __  __ _ \ \ \ \
( ( )\___ | '_ | '_| | '_ \/ _` | \ \ \ \
 \\/  ___)| |_)| | | | | || (_| |  ) ) ) )
  '  |____| .__|_| |_|_| |_\__, | / / / /
 =========|_|==============|___/=/_/_/_/

 :: Spring Boot ::                (v4.0.6)

2026-06-10T20:57:20.605+07:00  INFO 21596 --- [FLearn_SpringBoot] [  restartedMain] flearn.FLearnSpringBootApplication       : Starting FLearnSpringBootApplication using Java 21.0.11 with PID 21596 (D:\SWP391\FLearn_\target\classes started by quynh anh in D:\SWP391\FLearn_)
2026-06-10T20:57:20.606+07:00  INFO 21596 --- [FLearn_SpringBoot] [  restartedMain] flearn.FLearnSpringBootApplication       : No active profile set, falling back to 1 default profile: "default"
2026-06-10T20:57:20.717+07:00  WARN 21596 --- [FLearn_SpringBoot] [  restartedMain] ConfigServletWebServerApplicationContext : Exception encountered during context initialization - cancelling refresh attempt: org.springframework.beans.factory.BeanDefinitionStoreException: I/O failure while processing configuration class [flearn.mapper.ClassroomMapperImpl]
2026-06-10T20:57:20.728+07:00 ERROR 21596 --- [FLearn_SpringBoot] [  restartedMain] o.s.boot.SpringApplication               : Application run failed

org.springframework.beans.factory.BeanDefinitionStoreException: I/O failure while processing configuration class [flearn.mapper.ClassroomMapperImpl]
	at org.springframework.context.annotation.ConfigurationClassParser.processConfigurationClass(ConfigurationClassParser.java:288) ~[spring-context-7.0.7.jar:7.0.7]
	at org.springframework.context.annotation.ConfigurationClassParser.parse(ConfigurationClassParser.java:220) ~[spring-context-7.0.7.jar:7.0.7]
	at org.springframework.context.annotation.ConfigurationClassParser.doProcessConfigurationClass(ConfigurationClassParser.java:355) ~[spring-context-7.0.7.jar:7.0.7]
	at org.springframework.context.annotation.ConfigurationClassParser.processConfigurationClass(ConfigurationClassParser.java:283) ~[spring-context-7.0.7.jar:7.0.7]
	at org.springframework.context.annotation.ConfigurationClassParser.parse(ConfigurationClassParser.java:206) ~[spring-context-7.0.7.jar:7.0.7]
	at org.springframework.context.annotation.ConfigurationClassParser.parse(ConfigurationClassParser.java:174) ~[spring-context-7.0.7.jar:7.0.7]
	at org.springframework.context.annotation.ConfigurationClassPostProcessor.processConfigBeanDefinitions(ConfigurationClassPostProcessor.java:452) ~[spring-context-7.0.7.jar:7.0.7]
	at org.springframework.context.annotation.ConfigurationClassPostProcessor.postProcessBeanDefinitionRegistry(ConfigurationClassPostProcessor.java:316) ~[spring-context-7.0.7.jar:7.0.7]
	at org.springframework.context.support.PostProcessorRegistrationDelegate.invokeBeanDefinitionRegistryPostProcessors(PostProcessorRegistrationDelegate.java:349) ~[spring-context-7.0.7.jar:7.0.7]
	at org.springframework.context.support.PostProcessorRegistrationDelegate.invokeBeanFactoryPostProcessors(PostProcessorRegistrationDelegate.java:118) ~[spring-context-7.0.7.jar:7.0.7]
	at org.springframework.context.support.AbstractApplicationContext.invokeBeanFactoryPostProcessors(AbstractApplicationContext.java:795) ~[spring-context-7.0.7.jar:7.0.7]
	at org.springframework.context.support.AbstractApplicationContext.refresh(AbstractApplicationContext.java:603) ~[spring-context-7.0.7.jar:7.0.7]
	at org.springframework.boot.web.server.servlet.context.ServletWebServerApplicationContext.refresh(ServletWebServerApplicationContext.java:143) ~[spring-boot-web-server-4.0.6.jar:4.0.6]
	at org.springframework.boot.SpringApplication.refresh(SpringApplication.java:756) ~[spring-boot-4.0.6.jar:4.0.6]
	at org.springframework.boot.SpringApplication.refreshContext(SpringApplication.java:445) ~[spring-boot-4.0.6.jar:4.0.6]
	at org.springframework.boot.SpringApplication.run(SpringApplication.java:321) ~[spring-boot-4.0.6.jar:4.0.6]
	at org.springframework.boot.SpringApplication.run(SpringApplication.java:1365) ~[spring-boot-4.0.6.jar:4.0.6]
	at org.springframework.boot.SpringApplication.run(SpringApplication.java:1354) ~[spring-boot-4.0.6.jar:4.0.6]
	at flearn.FLearnSpringBootApplication.main(FLearnSpringBootApplication.java:10) ~[classes/:na]
	at java.base/jdk.internal.reflect.DirectMethodHandleAccessor.invoke(DirectMethodHandleAccessor.java:103) ~[na:na]
	at java.base/java.lang.reflect.Method.invoke(Method.java:580) ~[na:na]
	at org.springframework.boot.devtools.restart.RestartLauncher.run(RestartLauncher.java:52) ~[spring-boot-devtools-4.0.6.jar:4.0.6]
Caused by: java.io.FileNotFoundException: class path resource [flearn/mapper/ClassroomMapper.class] cannot be opened because it does not exist
	at org.springframework.core.io.ClassPathResource.getInputStream(ClassPathResource.java:212) ~[spring-core-7.0.7.jar:7.0.7]
	at org.springframework.core.type.classreading.SimpleMetadataReader.getClassReader(SimpleMetadataReader.java:54) ~[spring-core-7.0.7.jar:7.0.7]
	at org.springframework.core.type.classreading.SimpleMetadataReader.<init>(SimpleMetadataReader.java:48) ~[spring-core-7.0.7.jar:7.0.7]
	at org.springframework.core.type.classreading.SimpleMetadataReaderFactory.getMetadataReader(SimpleMetadataReaderFactory.java:62) ~[spring-core-7.0.7.jar:7.0.7]
	at org.springframework.core.type.classreading.CachingMetadataReaderFactory.getMetadataReader(CachingMetadataReaderFactory.java:127) ~[spring-core-7.0.7.jar:7.0.7]
	at org.springframework.core.type.classreading.AbstractMetadataReaderFactory.getMetadataReader(AbstractMetadataReaderFactory.java:62) ~[spring-core-7.0.7.jar:7.0.7]
	at org.springframework.core.type.classreading.CachingMetadataReaderFactory.getMetadataReader(CachingMetadataReaderFactory.java:40) ~[spring-core-7.0.7.jar:7.0.7]
	at org.springframework.context.annotation.ConfigurationClassParser.asSourceClass(ConfigurationClassParser.java:728) ~[spring-context-7.0.7.jar:7.0.7]
	at org.springframework.context.annotation.ConfigurationClassParser$SourceClass.getInterfaces(ConfigurationClassParser.java:1074) ~[spring-context-7.0.7.jar:7.0.7]
	at org.springframework.context.annotation.ConfigurationClassParser.collectImports(ConfigurationClassParser.java:566) ~[spring-context-7.0.7.jar:7.0.7]
	at org.springframework.context.annotation.ConfigurationClassParser.getImports(ConfigurationClassParser.java:541) ~[spring-context-7.0.7.jar:7.0.7]
	at org.springframework.context.annotation.ConfigurationClassParser.doProcessConfigurationClass(ConfigurationClassParser.java:362) ~[spring-context-7.0.7.jar:7.0.7]
	at org.springframework.context.annotation.ConfigurationClassParser.processConfigurationClass(ConfigurationClassParser.java:283) ~[spring-context-7.0.7.jar:7.0.7]
	... 21 common frames omitted


  .   ____          _            __ _ _
 /\\ / ___'_ __ _ _(_)_ __  __ _ \ \ \ \
( ( )\___ | '_ | '_| | '_ \/ _` | \ \ \ \
 \\/  ___)| |_)| | | | | || (_| |  ) ) ) )
  '  |____| .__|_| |_|_| |_\__, | / / / /
 =========|_|==============|___/=/_/_/_/

 :: Spring Boot ::                (v4.0.6)

2026-06-10T20:57:22.351+07:00  INFO 21596 --- [FLearn_SpringBoot] [  restartedMain] flearn.FLearnSpringBootApplication       : Starting FLearnSpringBootApplication using Java 21.0.11 with PID 21596 (D:\SWP391\FLearn_\target\classes started by quynh anh in D:\SWP391\FLearn_)
2026-06-10T20:57:22.352+07:00  INFO 21596 --- [FLearn_SpringBoot] [  restartedMain] flearn.FLearnSpringBootApplication       : No active profile set, falling back to 1 default profile: "default"
2026-06-10T20:57:22.433+07:00  WARN 21596 --- [FLearn_SpringBoot] [  restartedMain] ConfigServletWebServerApplicationContext : Exception encountered during context initialization - cancelling refresh attempt: org.springframework.beans.factory.BeanDefinitionStoreException: I/O failure while processing configuration class [flearn.mapper.ClassroomMapperImpl]
2026-06-10T20:57:22.441+07:00 ERROR 21596 --- [FLearn_SpringBoot] [  restartedMain] o.s.boot.SpringApplication               : Application run failed

org.springframework.beans.factory.BeanDefinitionStoreException: I/O failure while processing configuration class [flearn.mapper.ClassroomMapperImpl]
	at org.springframework.context.annotation.ConfigurationClassParser.processConfigurationClass(ConfigurationClassParser.java:288) ~[spring-context-7.0.7.jar:7.0.7]
	at org.springframework.context.annotation.ConfigurationClassParser.parse(ConfigurationClassParser.java:220) ~[spring-context-7.0.7.jar:7.0.7]
	at org.springframework.context.annotation.ConfigurationClassParser.doProcessConfigurationClass(ConfigurationClassParser.java:355) ~[spring-context-7.0.7.jar:7.0.7]
	at org.springframework.context.annotation.ConfigurationClassParser.processConfigurationClass(ConfigurationClassParser.java:283) ~[spring-context-7.0.7.jar:7.0.7]
	at org.springframework.context.annotation.ConfigurationClassParser.parse(ConfigurationClassParser.java:206) ~[spring-context-7.0.7.jar:7.0.7]
	at org.springframework.context.annotation.ConfigurationClassParser.parse(ConfigurationClassParser.java:174) ~[spring-context-7.0.7.jar:7.0.7]
	at org.springframework.context.annotation.ConfigurationClassPostProcessor.processConfigBeanDefinitions(ConfigurationClassPostProcessor.java:452) ~[spring-context-7.0.7.jar:7.0.7]
	at org.springframework.context.annotation.ConfigurationClassPostProcessor.postProcessBeanDefinitionRegistry(ConfigurationClassPostProcessor.java:316) ~[spring-context-7.0.7.jar:7.0.7]
	at org.springframework.context.support.PostProcessorRegistrationDelegate.invokeBeanDefinitionRegistryPostProcessors(PostProcessorRegistrationDelegate.java:349) ~[spring-context-7.0.7.jar:7.0.7]
	at org.springframework.context.support.PostProcessorRegistrationDelegate.invokeBeanFactoryPostProcessors(PostProcessorRegistrationDelegate.java:118) ~[spring-context-7.0.7.jar:7.0.7]
	at org.springframework.context.support.AbstractApplicationContext.invokeBeanFactoryPostProcessors(AbstractApplicationContext.java:795) ~[spring-context-7.0.7.jar:7.0.7]
	at org.springframework.context.support.AbstractApplicationContext.refresh(AbstractApplicationContext.java:603) ~[spring-context-7.0.7.jar:7.0.7]
	at org.springframework.boot.web.server.servlet.context.ServletWebServerApplicationContext.refresh(ServletWebServerApplicationContext.java:143) ~[spring-boot-web-server-4.0.6.jar:4.0.6]
	at org.springframework.boot.SpringApplication.refresh(SpringApplication.java:756) ~[spring-boot-4.0.6.jar:4.0.6]
	at org.springframework.boot.SpringApplication.refreshContext(SpringApplication.java:445) ~[spring-boot-4.0.6.jar:4.0.6]
	at org.springframework.boot.SpringApplication.run(SpringApplication.java:321) ~[spring-boot-4.0.6.jar:4.0.6]
	at org.springframework.boot.SpringApplication.run(SpringApplication.java:1365) ~[spring-boot-4.0.6.jar:4.0.6]
	at org.springframework.boot.SpringApplication.run(SpringApplication.java:1354) ~[spring-boot-4.0.6.jar:4.0.6]
	at flearn.FLearnSpringBootApplication.main(FLearnSpringBootApplication.java:10) ~[classes/:na]
	at java.base/jdk.internal.reflect.DirectMethodHandleAccessor.invoke(DirectMethodHandleAccessor.java:103) ~[na:na]
	at java.base/java.lang.reflect.Method.invoke(Method.java:580) ~[na:na]
	at org.springframework.boot.devtools.restart.RestartLauncher.run(RestartLauncher.java:52) ~[spring-boot-devtools-4.0.6.jar:4.0.6]
Caused by: java.io.FileNotFoundException: class path resource [flearn/mapper/ClassroomMapper.class] cannot be opened because it does not exist
	at org.springframework.core.io.ClassPathResource.getInputStream(ClassPathResource.java:212) ~[spring-core-7.0.7.jar:7.0.7]
	at org.springframework.core.type.classreading.SimpleMetadataReader.getClassReader(SimpleMetadataReader.java:54) ~[spring-core-7.0.7.jar:7.0.7]
	at org.springframework.core.type.classreading.SimpleMetadataReader.<init>(SimpleMetadataReader.java:48) ~[spring-core-7.0.7.jar:7.0.7]
	at org.springframework.core.type.classreading.SimpleMetadataReaderFactory.getMetadataReader(SimpleMetadataReaderFactory.java:62) ~[spring-core-7.0.7.jar:7.0.7]
	at org.springframework.core.type.classreading.CachingMetadataReaderFactory.getMetadataReader(CachingMetadataReaderFactory.java:127) ~[spring-core-7.0.7.jar:7.0.7]
	at org.springframework.core.type.classreading.AbstractMetadataReaderFactory.getMetadataReader(AbstractMetadataReaderFactory.java:62) ~[spring-core-7.0.7.jar:7.0.7]
	at org.springframework.core.type.classreading.CachingMetadataReaderFactory.getMetadataReader(CachingMetadataReaderFactory.java:40) ~[spring-core-7.0.7.jar:7.0.7]
	at org.springframework.context.annotation.ConfigurationClassParser.asSourceClass(ConfigurationClassParser.java:728) ~[spring-context-7.0.7.jar:7.0.7]
	at org.springframework.context.annotation.ConfigurationClassParser$SourceClass.getInterfaces(ConfigurationClassParser.java:1074) ~[spring-context-7.0.7.jar:7.0.7]
	at org.springframework.context.annotation.ConfigurationClassParser.collectImports(ConfigurationClassParser.java:566) ~[spring-context-7.0.7.jar:7.0.7]
	at org.springframework.context.annotation.ConfigurationClassParser.getImports(ConfigurationClassParser.java:541) ~[spring-context-7.0.7.jar:7.0.7]
	at org.springframework.context.annotation.ConfigurationClassParser.doProcessConfigurationClass(ConfigurationClassParser.java:362) ~[spring-context-7.0.7.jar:7.0.7]
	at org.springframework.context.annotation.ConfigurationClassParser.processConfigurationClass(ConfigurationClassParser.java:283) ~[spring-context-7.0.7.jar:7.0.7]
	... 21 common frames omitted


  .   ____          _            __ _ _
 /\\ / ___'_ __ _ _(_)_ __  __ _ \ \ \ \
( ( )\___ | '_ | '_| | '_ \/ _` | \ \ \ \
 \\/  ___)| |_)| | | | | || (_| |  ) ) ) )
  '  |____| .__|_| |_|_| |_\__, | / / / /
 =========|_|==============|___/=/_/_/_/

 :: Spring Boot ::                (v4.0.6)

2026-06-10T20:57:25.087+07:00  INFO 21596 --- [FLearn_SpringBoot] [  restartedMain] flearn.FLearnSpringBootApplication       : Starting FLearnSpringBootApplication using Java 21.0.11 with PID 21596 (D:\SWP391\FLearn_\target\classes started by quynh anh in D:\SWP391\FLearn_)
2026-06-10T20:57:25.087+07:00  INFO 21596 --- [FLearn_SpringBoot] [  restartedMain] flearn.FLearnSpringBootApplication       : No active profile set, falling back to 1 default profile: "default"
2026-06-10T20:57:25.174+07:00  WARN 21596 --- [FLearn_SpringBoot] [  restartedMain] ConfigServletWebServerApplicationContext : Exception encountered during context initialization - cancelling refresh attempt: org.springframework.beans.factory.BeanDefinitionStoreException: I/O failure while processing configuration class [flearn.mapper.ClassroomMapperImpl]
2026-06-10T20:57:25.183+07:00 ERROR 21596 --- [FLearn_SpringBoot] [  restartedMain] o.s.boot.SpringApplication               : Application run failed

org.springframework.beans.factory.BeanDefinitionStoreException: I/O failure while processing configuration class [flearn.mapper.ClassroomMapperImpl]
	at org.springframework.context.annotation.ConfigurationClassParser.processConfigurationClass(ConfigurationClassParser.java:288) ~[spring-context-7.0.7.jar:7.0.7]
	at org.springframework.context.annotation.ConfigurationClassParser.parse(ConfigurationClassParser.java:220) ~[spring-context-7.0.7.jar:7.0.7]
	at org.springframework.context.annotation.ConfigurationClassParser.doProcessConfigurationClass(ConfigurationClassParser.java:355) ~[spring-context-7.0.7.jar:7.0.7]
	at org.springframework.context.annotation.ConfigurationClassParser.processConfigurationClass(ConfigurationClassParser.java:283) ~[spring-context-7.0.7.jar:7.0.7]
	at org.springframework.context.annotation.ConfigurationClassParser.parse(ConfigurationClassParser.java:206) ~[spring-context-7.0.7.jar:7.0.7]
	at org.springframework.context.annotation.ConfigurationClassParser.parse(ConfigurationClassParser.java:174) ~[spring-context-7.0.7.jar:7.0.7]
	at org.springframework.context.annotation.ConfigurationClassPostProcessor.processConfigBeanDefinitions(ConfigurationClassPostProcessor.java:452) ~[spring-context-7.0.7.jar:7.0.7]
	at org.springframework.context.annotation.ConfigurationClassPostProcessor.postProcessBeanDefinitionRegistry(ConfigurationClassPostProcessor.java:316) ~[spring-context-7.0.7.jar:7.0.7]
	at org.springframework.context.support.PostProcessorRegistrationDelegate.invokeBeanDefinitionRegistryPostProcessors(PostProcessorRegistrationDelegate.java:349) ~[spring-context-7.0.7.jar:7.0.7]
	at org.springframework.context.support.PostProcessorRegistrationDelegate.invokeBeanFactoryPostProcessors(PostProcessorRegistrationDelegate.java:118) ~[spring-context-7.0.7.jar:7.0.7]
	at org.springframework.context.support.AbstractApplicationContext.invokeBeanFactoryPostProcessors(AbstractApplicationContext.java:795) ~[spring-context-7.0.7.jar:7.0.7]
	at org.springframework.context.support.AbstractApplicationContext.refresh(AbstractApplicationContext.java:603) ~[spring-context-7.0.7.jar:7.0.7]
	at org.springframework.boot.web.server.servlet.context.ServletWebServerApplicationContext.refresh(ServletWebServerApplicationContext.java:143) ~[spring-boot-web-server-4.0.6.jar:4.0.6]
	at org.springframework.boot.SpringApplication.refresh(SpringApplication.java:756) ~[spring-boot-4.0.6.jar:4.0.6]
	at org.springframework.boot.SpringApplication.refreshContext(SpringApplication.java:445) ~[spring-boot-4.0.6.jar:4.0.6]
	at org.springframework.boot.SpringApplication.run(SpringApplication.java:321) ~[spring-boot-4.0.6.jar:4.0.6]
	at org.springframework.boot.SpringApplication.run(SpringApplication.java:1365) ~[spring-boot-4.0.6.jar:4.0.6]
	at org.springframework.boot.SpringApplication.run(SpringApplication.java:1354) ~[spring-boot-4.0.6.jar:4.0.6]
	at flearn.FLearnSpringBootApplication.main(FLearnSpringBootApplication.java:10) ~[classes/:na]
	at java.base/jdk.internal.reflect.DirectMethodHandleAccessor.invoke(DirectMethodHandleAccessor.java:103) ~[na:na]
	at java.base/java.lang.reflect.Method.invoke(Method.java:580) ~[na:na]
	at org.springframework.boot.devtools.restart.RestartLauncher.run(RestartLauncher.java:52) ~[spring-boot-devtools-4.0.6.jar:4.0.6]
Caused by: java.io.FileNotFoundException: class path resource [flearn/mapper/ClassroomMapper.class] cannot be opened because it does not exist
	at org.springframework.core.io.ClassPathResource.getInputStream(ClassPathResource.java:212) ~[spring-core-7.0.7.jar:7.0.7]
	at org.springframework.core.type.classreading.SimpleMetadataReader.getClassReader(SimpleMetadataReader.java:54) ~[spring-core-7.0.7.jar:7.0.7]
	at org.springframework.core.type.classreading.SimpleMetadataReader.<init>(SimpleMetadataReader.java:48) ~[spring-core-7.0.7.jar:7.0.7]
	at org.springframework.core.type.classreading.SimpleMetadataReaderFactory.getMetadataReader(SimpleMetadataReaderFactory.java:62) ~[spring-core-7.0.7.jar:7.0.7]
	at org.springframework.core.type.classreading.CachingMetadataReaderFactory.getMetadataReader(CachingMetadataReaderFactory.java:127) ~[spring-core-7.0.7.jar:7.0.7]
	at org.springframework.core.type.classreading.AbstractMetadataReaderFactory.getMetadataReader(AbstractMetadataReaderFactory.java:62) ~[spring-core-7.0.7.jar:7.0.7]
	at org.springframework.core.type.classreading.CachingMetadataReaderFactory.getMetadataReader(CachingMetadataReaderFactory.java:40) ~[spring-core-7.0.7.jar:7.0.7]
	at org.springframework.context.annotation.ConfigurationClassParser.asSourceClass(ConfigurationClassParser.java:728) ~[spring-context-7.0.7.jar:7.0.7]
	at org.springframework.context.annotation.ConfigurationClassParser$SourceClass.getInterfaces(ConfigurationClassParser.java:1074) ~[spring-context-7.0.7.jar:7.0.7]
	at org.springframework.context.annotation.ConfigurationClassParser.collectImports(ConfigurationClassParser.java:566) ~[spring-context-7.0.7.jar:7.0.7]
	at org.springframework.context.annotation.ConfigurationClassParser.getImports(ConfigurationClassParser.java:541) ~[spring-context-7.0.7.jar:7.0.7]
	at org.springframework.context.annotation.ConfigurationClassParser.doProcessConfigurationClass(ConfigurationClassParser.java:362) ~[spring-context-7.0.7.jar:7.0.7]
	at org.springframework.context.annotation.ConfigurationClassParser.processConfigurationClass(ConfigurationClassParser.java:283) ~[spring-context-7.0.7.jar:7.0.7]
	... 21 common frames omitted


  .   ____          _            __ _ _
 /\\ / ___'_ __ _ _(_)_ __  __ _ \ \ \ \
( ( )\___ | '_ | '_| | '_ \/ _` | \ \ \ \
 \\/  ___)| |_)| | | | | || (_| |  ) ) ) )
  '  |____| .__|_| |_|_| |_\__, | / / / /
 =========|_|==============|___/=/_/_/_/

 :: Spring Boot ::                (v4.0.6)

2026-06-10T20:57:27.522+07:00  INFO 21596 --- [FLearn_SpringBoot] [  restartedMain] flearn.FLearnSpringBootApplication       : Starting FLearnSpringBootApplication using Java 21.0.11 with PID 21596 (D:\SWP391\FLearn_\target\classes started by quynh anh in D:\SWP391\FLearn_)
2026-06-10T20:57:27.522+07:00  INFO 21596 --- [FLearn_SpringBoot] [  restartedMain] flearn.FLearnSpringBootApplication       : No active profile set, falling back to 1 default profile: "default"
2026-06-10T20:57:27.674+07:00  WARN 21596 --- [FLearn_SpringBoot] [  restartedMain] ConfigServletWebServerApplicationContext : Exception encountered during context initialization - cancelling refresh attempt: org.springframework.beans.factory.BeanDefinitionStoreException: I/O failure while processing configuration class [flearn.mapper.ClassroomMapperImpl]
2026-06-10T20:57:27.680+07:00 ERROR 21596 --- [FLearn_SpringBoot] [  restartedMain] o.s.boot.SpringApplication               : Application run failed

org.springframework.beans.factory.BeanDefinitionStoreException: I/O failure while processing configuration class [flearn.mapper.ClassroomMapperImpl]
	at org.springframework.context.annotation.ConfigurationClassParser.processConfigurationClass(ConfigurationClassParser.java:288) ~[spring-context-7.0.7.jar:7.0.7]
	at org.springframework.context.annotation.ConfigurationClassParser.parse(ConfigurationClassParser.java:220) ~[spring-context-7.0.7.jar:7.0.7]
	at org.springframework.context.annotation.ConfigurationClassParser.doProcessConfigurationClass(ConfigurationClassParser.java:355) ~[spring-context-7.0.7.jar:7.0.7]
	at org.springframework.context.annotation.ConfigurationClassParser.processConfigurationClass(ConfigurationClassParser.java:283) ~[spring-context-7.0.7.jar:7.0.7]
	at org.springframework.context.annotation.ConfigurationClassParser.parse(ConfigurationClassParser.java:206) ~[spring-context-7.0.7.jar:7.0.7]
	at org.springframework.context.annotation.ConfigurationClassParser.parse(ConfigurationClassParser.java:174) ~[spring-context-7.0.7.jar:7.0.7]
	at org.springframework.context.annotation.ConfigurationClassPostProcessor.processConfigBeanDefinitions(ConfigurationClassPostProcessor.java:452) ~[spring-context-7.0.7.jar:7.0.7]
	at org.springframework.context.annotation.ConfigurationClassPostProcessor.postProcessBeanDefinitionRegistry(ConfigurationClassPostProcessor.java:316) ~[spring-context-7.0.7.jar:7.0.7]
	at org.springframework.context.support.PostProcessorRegistrationDelegate.invokeBeanDefinitionRegistryPostProcessors(PostProcessorRegistrationDelegate.java:349) ~[spring-context-7.0.7.jar:7.0.7]
	at org.springframework.context.support.PostProcessorRegistrationDelegate.invokeBeanFactoryPostProcessors(PostProcessorRegistrationDelegate.java:118) ~[spring-context-7.0.7.jar:7.0.7]
	at org.springframework.context.support.AbstractApplicationContext.invokeBeanFactoryPostProcessors(AbstractApplicationContext.java:795) ~[spring-context-7.0.7.jar:7.0.7]
	at org.springframework.context.support.AbstractApplicationContext.refresh(AbstractApplicationContext.java:603) ~[spring-context-7.0.7.jar:7.0.7]
	at org.springframework.boot.web.server.servlet.context.ServletWebServerApplicationContext.refresh(ServletWebServerApplicationContext.java:143) ~[spring-boot-web-server-4.0.6.jar:4.0.6]
	at org.springframework.boot.SpringApplication.refresh(SpringApplication.java:756) ~[spring-boot-4.0.6.jar:4.0.6]
	at org.springframework.boot.SpringApplication.refreshContext(SpringApplication.java:445) ~[spring-boot-4.0.6.jar:4.0.6]
	at org.springframework.boot.SpringApplication.run(SpringApplication.java:321) ~[spring-boot-4.0.6.jar:4.0.6]
	at org.springframework.boot.SpringApplication.run(SpringApplication.java:1365) ~[spring-boot-4.0.6.jar:4.0.6]
	at org.springframework.boot.SpringApplication.run(SpringApplication.java:1354) ~[spring-boot-4.0.6.jar:4.0.6]
	at flearn.FLearnSpringBootApplication.main(FLearnSpringBootApplication.java:10) ~[classes/:na]
	at java.base/jdk.internal.reflect.DirectMethodHandleAccessor.invoke(DirectMethodHandleAccessor.java:103) ~[na:na]
	at java.base/java.lang.reflect.Method.invoke(Method.java:580) ~[na:na]
	at org.springframework.boot.devtools.restart.RestartLauncher.run(RestartLauncher.java:52) ~[spring-boot-devtools-4.0.6.jar:4.0.6]
Caused by: java.io.FileNotFoundException: class path resource [flearn/mapper/ClassroomMapper.class] cannot be opened because it does not exist
	at org.springframework.core.io.ClassPathResource.getInputStream(ClassPathResource.java:212) ~[spring-core-7.0.7.jar:7.0.7]
	at org.springframework.core.type.classreading.SimpleMetadataReader.getClassReader(SimpleMetadataReader.java:54) ~[spring-core-7.0.7.jar:7.0.7]
	at org.springframework.core.type.classreading.SimpleMetadataReader.<init>(SimpleMetadataReader.java:48) ~[spring-core-7.0.7.jar:7.0.7]
	at org.springframework.core.type.classreading.SimpleMetadataReaderFactory.getMetadataReader(SimpleMetadataReaderFactory.java:62) ~[spring-core-7.0.7.jar:7.0.7]
	at org.springframework.core.type.classreading.CachingMetadataReaderFactory.getMetadataReader(CachingMetadataReaderFactory.java:127) ~[spring-core-7.0.7.jar:7.0.7]
	at org.springframework.core.type.classreading.AbstractMetadataReaderFactory.getMetadataReader(AbstractMetadataReaderFactory.java:62) ~[spring-core-7.0.7.jar:7.0.7]
	at org.springframework.core.type.classreading.CachingMetadataReaderFactory.getMetadataReader(CachingMetadataReaderFactory.java:40) ~[spring-core-7.0.7.jar:7.0.7]
	at org.springframework.context.annotation.ConfigurationClassParser.asSourceClass(ConfigurationClassParser.java:728) ~[spring-context-7.0.7.jar:7.0.7]
	at org.springframework.context.annotation.ConfigurationClassParser$SourceClass.getInterfaces(ConfigurationClassParser.java:1074) ~[spring-context-7.0.7.jar:7.0.7]
	at org.springframework.context.annotation.ConfigurationClassParser.collectImports(ConfigurationClassParser.java:566) ~[spring-context-7.0.7.jar:7.0.7]
	at org.springframework.context.annotation.ConfigurationClassParser.getImports(ConfigurationClassParser.java:541) ~[spring-context-7.0.7.jar:7.0.7]
	at org.springframework.context.annotation.ConfigurationClassParser.doProcessConfigurationClass(ConfigurationClassParser.java:362) ~[spring-context-7.0.7.jar:7.0.7]
	at org.springframework.context.annotation.ConfigurationClassParser.processConfigurationClass(ConfigurationClassParser.java:283) ~[spring-context-7.0.7.jar:7.0.7]
	... 21 common frames omitted


  .   ____          _            __ _ _
 /\\ / ___'_ __ _ _(_)_ __  __ _ \ \ \ \
( ( )\___ | '_ | '_| | '_ \/ _` | \ \ \ \
 \\/  ___)| |_)| | | | | || (_| |  ) ) ) )
  '  |____| .__|_| |_|_| |_\__, | / / / /
 =========|_|==============|___/=/_/_/_/

 :: Spring Boot ::                (v4.0.6)

2026-06-10T20:57:29.331+07:00  INFO 21596 --- [FLearn_SpringBoot] [  restartedMain] flearn.FLearnSpringBootApplication       : Starting FLearnSpringBootApplication using Java 21.0.11 with PID 21596 (D:\SWP391\FLearn_\target\classes started by quynh anh in D:\SWP391\FLearn_)
2026-06-10T20:57:29.331+07:00  INFO 21596 --- [FLearn_SpringBoot] [  restartedMain] flearn.FLearnSpringBootApplication       : No active profile set, falling back to 1 default profile: "default"
2026-06-10T20:57:29.498+07:00  WARN 21596 --- [FLearn_SpringBoot] [  restartedMain] ConfigServletWebServerApplicationContext : Exception encountered during context initialization - cancelling refresh attempt: org.springframework.beans.factory.BeanDefinitionStoreException: I/O failure while processing configuration class [flearn.mapper.ClassroomMapperImpl]
2026-06-10T20:57:29.519+07:00 ERROR 21596 --- [FLearn_SpringBoot] [  restartedMain] o.s.boot.SpringApplication               : Application run failed

org.springframework.beans.factory.BeanDefinitionStoreException: I/O failure while processing configuration class [flearn.mapper.ClassroomMapperImpl]
	at org.springframework.context.annotation.ConfigurationClassParser.processConfigurationClass(ConfigurationClassParser.java:288) ~[spring-context-7.0.7.jar:7.0.7]
	at org.springframework.context.annotation.ConfigurationClassParser.parse(ConfigurationClassParser.java:220) ~[spring-context-7.0.7.jar:7.0.7]
	at org.springframework.context.annotation.ConfigurationClassParser.doProcessConfigurationClass(ConfigurationClassParser.java:355) ~[spring-context-7.0.7.jar:7.0.7]
	at org.springframework.context.annotation.ConfigurationClassParser.processConfigurationClass(ConfigurationClassParser.java:283) ~[spring-context-7.0.7.jar:7.0.7]
	at org.springframework.context.annotation.ConfigurationClassParser.parse(ConfigurationClassParser.java:206) ~[spring-context-7.0.7.jar:7.0.7]
	at org.springframework.context.annotation.ConfigurationClassParser.parse(ConfigurationClassParser.java:174) ~[spring-context-7.0.7.jar:7.0.7]
	at org.springframework.context.annotation.ConfigurationClassPostProcessor.processConfigBeanDefinitions(ConfigurationClassPostProcessor.java:452) ~[spring-context-7.0.7.jar:7.0.7]
	at org.springframework.context.annotation.ConfigurationClassPostProcessor.postProcessBeanDefinitionRegistry(ConfigurationClassPostProcessor.java:316) ~[spring-context-7.0.7.jar:7.0.7]
	at org.springframework.context.support.PostProcessorRegistrationDelegate.invokeBeanDefinitionRegistryPostProcessors(PostProcessorRegistrationDelegate.java:349) ~[spring-context-7.0.7.jar:7.0.7]
	at org.springframework.context.support.PostProcessorRegistrationDelegate.invokeBeanFactoryPostProcessors(PostProcessorRegistrationDelegate.java:118) ~[spring-context-7.0.7.jar:7.0.7]
	at org.springframework.context.support.AbstractApplicationContext.invokeBeanFactoryPostProcessors(AbstractApplicationContext.java:795) ~[spring-context-7.0.7.jar:7.0.7]
	at org.springframework.context.support.AbstractApplicationContext.refresh(AbstractApplicationContext.java:603) ~[spring-context-7.0.7.jar:7.0.7]
	at org.springframework.boot.web.server.servlet.context.ServletWebServerApplicationContext.refresh(ServletWebServerApplicationContext.java:143) ~[spring-boot-web-server-4.0.6.jar:4.0.6]
	at org.springframework.boot.SpringApplication.refresh(SpringApplication.java:756) ~[spring-boot-4.0.6.jar:4.0.6]
	at org.springframework.boot.SpringApplication.refreshContext(SpringApplication.java:445) ~[spring-boot-4.0.6.jar:4.0.6]
	at org.springframework.boot.SpringApplication.run(SpringApplication.java:321) ~[spring-boot-4.0.6.jar:4.0.6]
	at org.springframework.boot.SpringApplication.run(SpringApplication.java:1365) ~[spring-boot-4.0.6.jar:4.0.6]
	at org.springframework.boot.SpringApplication.run(SpringApplication.java:1354) ~[spring-boot-4.0.6.jar:4.0.6]
	at flearn.FLearnSpringBootApplication.main(FLearnSpringBootApplication.java:10) ~[classes/:na]
	at java.base/jdk.internal.reflect.DirectMethodHandleAccessor.invoke(DirectMethodHandleAccessor.java:103) ~[na:na]
	at java.base/java.lang.reflect.Method.invoke(Method.java:580) ~[na:na]
	at org.springframework.boot.devtools.restart.RestartLauncher.run(RestartLauncher.java:52) ~[spring-boot-devtools-4.0.6.jar:4.0.6]
Caused by: java.io.FileNotFoundException: class path resource [flearn/mapper/ClassroomMapper.class] cannot be opened because it does not exist
	at org.springframework.core.io.ClassPathResource.getInputStream(ClassPathResource.java:212) ~[spring-core-7.0.7.jar:7.0.7]
	at org.springframework.core.type.classreading.SimpleMetadataReader.getClassReader(SimpleMetadataReader.java:54) ~[spring-core-7.0.7.jar:7.0.7]
	at org.springframework.core.type.classreading.SimpleMetadataReader.<init>(SimpleMetadataReader.java:48) ~[spring-core-7.0.7.jar:7.0.7]
	at org.springframework.core.type.classreading.SimpleMetadataReaderFactory.getMetadataReader(SimpleMetadataReaderFactory.java:62) ~[spring-core-7.0.7.jar:7.0.7]
	at org.springframework.core.type.classreading.CachingMetadataReaderFactory.getMetadataReader(CachingMetadataReaderFactory.java:127) ~[spring-core-7.0.7.jar:7.0.7]
	at org.springframework.core.type.classreading.AbstractMetadataReaderFactory.getMetadataReader(AbstractMetadataReaderFactory.java:62) ~[spring-core-7.0.7.jar:7.0.7]
	at org.springframework.core.type.classreading.CachingMetadataReaderFactory.getMetadataReader(CachingMetadataReaderFactory.java:40) ~[spring-core-7.0.7.jar:7.0.7]
	at org.springframework.context.annotation.ConfigurationClassParser.asSourceClass(ConfigurationClassParser.java:728) ~[spring-context-7.0.7.jar:7.0.7]
	at org.springframework.context.annotation.ConfigurationClassParser$SourceClass.getInterfaces(ConfigurationClassParser.java:1074) ~[spring-context-7.0.7.jar:7.0.7]
	at org.springframework.context.annotation.ConfigurationClassParser.collectImports(ConfigurationClassParser.java:566) ~[spring-context-7.0.7.jar:7.0.7]
	at org.springframework.context.annotation.ConfigurationClassParser.getImports(ConfigurationClassParser.java:541) ~[spring-context-7.0.7.jar:7.0.7]
	at org.springframework.context.annotation.ConfigurationClassParser.doProcessConfigurationClass(ConfigurationClassParser.java:362) ~[spring-context-7.0.7.jar:7.0.7]
	at org.springframework.context.annotation.ConfigurationClassParser.processConfigurationClass(ConfigurationClassParser.java:283) ~[spring-context-7.0.7.jar:7.0.7]
	... 21 common frames omitted


  .   ____          _            __ _ _
 /\\ / ___'_ __ _ _(_)_ __  __ _ \ \ \ \
( ( )\___ | '_ | '_| | '_ \/ _` | \ \ \ \
 \\/  ___)| |_)| | | | | || (_| |  ) ) ) )
  '  |____| .__|_| |_|_| |_\__, | / / / /
 =========|_|==============|___/=/_/_/_/

 :: Spring Boot ::                (v4.0.6)

2026-06-10T20:57:31.132+07:00  INFO 21596 --- [FLearn_SpringBoot] [  restartedMain] flearn.FLearnSpringBootApplication       : Starting FLearnSpringBootApplication using Java 21.0.11 with PID 21596 (D:\SWP391\FLearn_\target\classes started by quynh anh in D:\SWP391\FLearn_)
2026-06-10T20:57:31.133+07:00  INFO 21596 --- [FLearn_SpringBoot] [  restartedMain] flearn.FLearnSpringBootApplication       : No active profile set, falling back to 1 default profile: "default"
2026-06-10T20:57:31.190+07:00  WARN 21596 --- [FLearn_SpringBoot] [  restartedMain] ConfigServletWebServerApplicationContext : Exception encountered during context initialization - cancelling refresh attempt: org.springframework.beans.factory.BeanDefinitionStoreException: I/O failure while processing configuration class [flearn.mapper.ClassroomMapperImpl]
2026-06-10T20:57:31.196+07:00 ERROR 21596 --- [FLearn_SpringBoot] [  restartedMain] o.s.boot.SpringApplication               : Application run failed

org.springframework.beans.factory.BeanDefinitionStoreException: I/O failure while processing configuration class [flearn.mapper.ClassroomMapperImpl]
	at org.springframework.context.annotation.ConfigurationClassParser.processConfigurationClass(ConfigurationClassParser.java:288) ~[spring-context-7.0.7.jar:7.0.7]
	at org.springframework.context.annotation.ConfigurationClassParser.parse(ConfigurationClassParser.java:220) ~[spring-context-7.0.7.jar:7.0.7]
	at org.springframework.context.annotation.ConfigurationClassParser.doProcessConfigurationClass(ConfigurationClassParser.java:355) ~[spring-context-7.0.7.jar:7.0.7]
	at org.springframework.context.annotation.ConfigurationClassParser.processConfigurationClass(ConfigurationClassParser.java:283) ~[spring-context-7.0.7.jar:7.0.7]
	at org.springframework.context.annotation.ConfigurationClassParser.parse(ConfigurationClassParser.java:206) ~[spring-context-7.0.7.jar:7.0.7]
	at org.springframework.context.annotation.ConfigurationClassParser.parse(ConfigurationClassParser.java:174) ~[spring-context-7.0.7.jar:7.0.7]
	at org.springframework.context.annotation.ConfigurationClassPostProcessor.processConfigBeanDefinitions(ConfigurationClassPostProcessor.java:452) ~[spring-context-7.0.7.jar:7.0.7]
	at org.springframework.context.annotation.ConfigurationClassPostProcessor.postProcessBeanDefinitionRegistry(ConfigurationClassPostProcessor.java:316) ~[spring-context-7.0.7.jar:7.0.7]
	at org.springframework.context.support.PostProcessorRegistrationDelegate.invokeBeanDefinitionRegistryPostProcessors(PostProcessorRegistrationDelegate.java:349) ~[spring-context-7.0.7.jar:7.0.7]
	at org.springframework.context.support.PostProcessorRegistrationDelegate.invokeBeanFactoryPostProcessors(PostProcessorRegistrationDelegate.java:118) ~[spring-context-7.0.7.jar:7.0.7]
	at org.springframework.context.support.AbstractApplicationContext.invokeBeanFactoryPostProcessors(AbstractApplicationContext.java:795) ~[spring-context-7.0.7.jar:7.0.7]
	at org.springframework.context.support.AbstractApplicationContext.refresh(AbstractApplicationContext.java:603) ~[spring-context-7.0.7.jar:7.0.7]
	at org.springframework.boot.web.server.servlet.context.ServletWebServerApplicationContext.refresh(ServletWebServerApplicationContext.java:143) ~[spring-boot-web-server-4.0.6.jar:4.0.6]
	at org.springframework.boot.SpringApplication.refresh(SpringApplication.java:756) ~[spring-boot-4.0.6.jar:4.0.6]
	at org.springframework.boot.SpringApplication.refreshContext(SpringApplication.java:445) ~[spring-boot-4.0.6.jar:4.0.6]
	at org.springframework.boot.SpringApplication.run(SpringApplication.java:321) ~[spring-boot-4.0.6.jar:4.0.6]
	at org.springframework.boot.SpringApplication.run(SpringApplication.java:1365) ~[spring-boot-4.0.6.jar:4.0.6]
	at org.springframework.boot.SpringApplication.run(SpringApplication.java:1354) ~[spring-boot-4.0.6.jar:4.0.6]
	at flearn.FLearnSpringBootApplication.main(FLearnSpringBootApplication.java:10) ~[classes/:na]
	at java.base/jdk.internal.reflect.DirectMethodHandleAccessor.invoke(DirectMethodHandleAccessor.java:103) ~[na:na]
	at java.base/java.lang.reflect.Method.invoke(Method.java:580) ~[na:na]
	at org.springframework.boot.devtools.restart.RestartLauncher.run(RestartLauncher.java:52) ~[spring-boot-devtools-4.0.6.jar:4.0.6]
Caused by: java.io.FileNotFoundException: class path resource [flearn/mapper/ClassroomMapper.class] cannot be opened because it does not exist
	at org.springframework.core.io.ClassPathResource.getInputStream(ClassPathResource.java:212) ~[spring-core-7.0.7.jar:7.0.7]
	at org.springframework.core.type.classreading.SimpleMetadataReader.getClassReader(SimpleMetadataReader.java:54) ~[spring-core-7.0.7.jar:7.0.7]
	at org.springframework.core.type.classreading.SimpleMetadataReader.<init>(SimpleMetadataReader.java:48) ~[spring-core-7.0.7.jar:7.0.7]
	at org.springframework.core.type.classreading.SimpleMetadataReaderFactory.getMetadataReader(SimpleMetadataReaderFactory.java:62) ~[spring-core-7.0.7.jar:7.0.7]
	at org.springframework.core.type.classreading.CachingMetadataReaderFactory.getMetadataReader(CachingMetadataReaderFactory.java:127) ~[spring-core-7.0.7.jar:7.0.7]
	at org.springframework.core.type.classreading.AbstractMetadataReaderFactory.getMetadataReader(AbstractMetadataReaderFactory.java:62) ~[spring-core-7.0.7.jar:7.0.7]
	at org.springframework.core.type.classreading.CachingMetadataReaderFactory.getMetadataReader(CachingMetadataReaderFactory.java:40) ~[spring-core-7.0.7.jar:7.0.7]
	at org.springframework.context.annotation.ConfigurationClassParser.asSourceClass(ConfigurationClassParser.java:728) ~[spring-context-7.0.7.jar:7.0.7]
	at org.springframework.context.annotation.ConfigurationClassParser$SourceClass.getInterfaces(ConfigurationClassParser.java:1074) ~[spring-context-7.0.7.jar:7.0.7]
	at org.springframework.context.annotation.ConfigurationClassParser.collectImports(ConfigurationClassParser.java:566) ~[spring-context-7.0.7.jar:7.0.7]
	at org.springframework.context.annotation.ConfigurationClassParser.getImports(ConfigurationClassParser.java:541) ~[spring-context-7.0.7.jar:7.0.7]
	at org.springframework.context.annotation.ConfigurationClassParser.doProcessConfigurationClass(ConfigurationClassParser.java:362) ~[spring-context-7.0.7.jar:7.0.7]
	at org.springframework.context.annotation.ConfigurationClassParser.processConfigurationClass(ConfigurationClassParser.java:283) ~[spring-context-7.0.7.jar:7.0.7]
	... 21 common frames omitted


  .   ____          _            __ _ _
 /\\ / ___'_ __ _ _(_)_ __  __ _ \ \ \ \
( ( )\___ | '_ | '_| | '_ \/ _` | \ \ \ \
 \\/  ___)| |_)| | | | | || (_| |  ) ) ) )
  '  |____| .__|_| |_|_| |_\__, | / / / /
 =========|_|==============|___/=/_/_/_/

 :: Spring Boot ::                (v4.0.6)

2026-06-10T20:57:33.212+07:00  INFO 21596 --- [FLearn_SpringBoot] [  restartedMain] flearn.FLearnSpringBootApplication       : Starting FLearnSpringBootApplication using Java 21.0.11 with PID 21596 (D:\SWP391\FLearn_\target\classes started by quynh anh in D:\SWP391\FLearn_)
2026-06-10T20:57:33.213+07:00  INFO 21596 --- [FLearn_SpringBoot] [  restartedMain] flearn.FLearnSpringBootApplication       : No active profile set, falling back to 1 default profile: "default"
2026-06-10T20:57:33.297+07:00  WARN 21596 --- [FLearn_SpringBoot] [  restartedMain] ConfigServletWebServerApplicationContext : Exception encountered during context initialization - cancelling refresh attempt: org.springframework.beans.factory.BeanDefinitionStoreException: I/O failure while processing configuration class [flearn.mapper.ClassroomMapperImpl]
2026-06-10T20:57:33.302+07:00 ERROR 21596 --- [FLearn_SpringBoot] [  restartedMain] o.s.boot.SpringApplication               : Application run failed

org.springframework.beans.factory.BeanDefinitionStoreException: I/O failure while processing configuration class [flearn.mapper.ClassroomMapperImpl]
	at org.springframework.context.annotation.ConfigurationClassParser.processConfigurationClass(ConfigurationClassParser.java:288) ~[spring-context-7.0.7.jar:7.0.7]
	at org.springframework.context.annotation.ConfigurationClassParser.parse(ConfigurationClassParser.java:220) ~[spring-context-7.0.7.jar:7.0.7]
	at org.springframework.context.annotation.ConfigurationClassParser.doProcessConfigurationClass(ConfigurationClassParser.java:355) ~[spring-context-7.0.7.jar:7.0.7]
	at org.springframework.context.annotation.ConfigurationClassParser.processConfigurationClass(ConfigurationClassParser.java:283) ~[spring-context-7.0.7.jar:7.0.7]
	at org.springframework.context.annotation.ConfigurationClassParser.parse(ConfigurationClassParser.java:206) ~[spring-context-7.0.7.jar:7.0.7]
	at org.springframework.context.annotation.ConfigurationClassParser.parse(ConfigurationClassParser.java:174) ~[spring-context-7.0.7.jar:7.0.7]
	at org.springframework.context.annotation.ConfigurationClassPostProcessor.processConfigBeanDefinitions(ConfigurationClassPostProcessor.java:452) ~[spring-context-7.0.7.jar:7.0.7]
	at org.springframework.context.annotation.ConfigurationClassPostProcessor.postProcessBeanDefinitionRegistry(ConfigurationClassPostProcessor.java:316) ~[spring-context-7.0.7.jar:7.0.7]
	at org.springframework.context.support.PostProcessorRegistrationDelegate.invokeBeanDefinitionRegistryPostProcessors(PostProcessorRegistrationDelegate.java:349) ~[spring-context-7.0.7.jar:7.0.7]
	at org.springframework.context.support.PostProcessorRegistrationDelegate.invokeBeanFactoryPostProcessors(PostProcessorRegistrationDelegate.java:118) ~[spring-context-7.0.7.jar:7.0.7]
	at org.springframework.context.support.AbstractApplicationContext.invokeBeanFactoryPostProcessors(AbstractApplicationContext.java:795) ~[spring-context-7.0.7.jar:7.0.7]
	at org.springframework.context.support.AbstractApplicationContext.refresh(AbstractApplicationContext.java:603) ~[spring-context-7.0.7.jar:7.0.7]
	at org.springframework.boot.web.server.servlet.context.ServletWebServerApplicationContext.refresh(ServletWebServerApplicationContext.java:143) ~[spring-boot-web-server-4.0.6.jar:4.0.6]
	at org.springframework.boot.SpringApplication.refresh(SpringApplication.java:756) ~[spring-boot-4.0.6.jar:4.0.6]
	at org.springframework.boot.SpringApplication.refreshContext(SpringApplication.java:445) ~[spring-boot-4.0.6.jar:4.0.6]
	at org.springframework.boot.SpringApplication.run(SpringApplication.java:321) ~[spring-boot-4.0.6.jar:4.0.6]
	at org.springframework.boot.SpringApplication.run(SpringApplication.java:1365) ~[spring-boot-4.0.6.jar:4.0.6]
	at org.springframework.boot.SpringApplication.run(SpringApplication.java:1354) ~[spring-boot-4.0.6.jar:4.0.6]
	at flearn.FLearnSpringBootApplication.main(FLearnSpringBootApplication.java:10) ~[classes/:na]
	at java.base/jdk.internal.reflect.DirectMethodHandleAccessor.invoke(DirectMethodHandleAccessor.java:103) ~[na:na]
	at java.base/java.lang.reflect.Method.invoke(Method.java:580) ~[na:na]
	at org.springframework.boot.devtools.restart.RestartLauncher.run(RestartLauncher.java:52) ~[spring-boot-devtools-4.0.6.jar:4.0.6]
Caused by: java.io.FileNotFoundException: class path resource [flearn/mapper/ClassroomMapper.class] cannot be opened because it does not exist
	at org.springframework.core.io.ClassPathResource.getInputStream(ClassPathResource.java:212) ~[spring-core-7.0.7.jar:7.0.7]
	at org.springframework.core.type.classreading.SimpleMetadataReader.getClassReader(SimpleMetadataReader.java:54) ~[spring-core-7.0.7.jar:7.0.7]
	at org.springframework.core.type.classreading.SimpleMetadataReader.<init>(SimpleMetadataReader.java:48) ~[spring-core-7.0.7.jar:7.0.7]
	at org.springframework.core.type.classreading.SimpleMetadataReaderFactory.getMetadataReader(SimpleMetadataReaderFactory.java:62) ~[spring-core-7.0.7.jar:7.0.7]
	at org.springframework.core.type.classreading.CachingMetadataReaderFactory.getMetadataReader(CachingMetadataReaderFactory.java:127) ~[spring-core-7.0.7.jar:7.0.7]
	at org.springframework.core.type.classreading.AbstractMetadataReaderFactory.getMetadataReader(AbstractMetadataReaderFactory.java:62) ~[spring-core-7.0.7.jar:7.0.7]
	at org.springframework.core.type.classreading.CachingMetadataReaderFactory.getMetadataReader(CachingMetadataReaderFactory.java:40) ~[spring-core-7.0.7.jar:7.0.7]
	at org.springframework.context.annotation.ConfigurationClassParser.asSourceClass(ConfigurationClassParser.java:728) ~[spring-context-7.0.7.jar:7.0.7]
	at org.springframework.context.annotation.ConfigurationClassParser$SourceClass.getInterfaces(ConfigurationClassParser.java:1074) ~[spring-context-7.0.7.jar:7.0.7]
	at org.springframework.context.annotation.ConfigurationClassParser.collectImports(ConfigurationClassParser.java:566) ~[spring-context-7.0.7.jar:7.0.7]
	at org.springframework.context.annotation.ConfigurationClassParser.getImports(ConfigurationClassParser.java:541) ~[spring-context-7.0.7.jar:7.0.7]
	at org.springframework.context.annotation.ConfigurationClassParser.doProcessConfigurationClass(ConfigurationClassParser.java:362) ~[spring-context-7.0.7.jar:7.0.7]
	at org.springframework.context.annotation.ConfigurationClassParser.processConfigurationClass(ConfigurationClassParser.java:283) ~[spring-context-7.0.7.jar:7.0.7]
	... 21 common frames omitted


  .   ____          _            __ _ _
 /\\ / ___'_ __ _ _(_)_ __  __ _ \ \ \ \
( ( )\___ | '_ | '_| | '_ \/ _` | \ \ \ \
 \\/  ___)| |_)| | | | | || (_| |  ) ) ) )
  '  |____| .__|_| |_|_| |_\__, | / / / /
 =========|_|==============|___/=/_/_/_/

 :: Spring Boot ::                (v4.0.6)

2026-06-10T20:57:35.104+07:00  INFO 21596 --- [FLearn_SpringBoot] [  restartedMain] flearn.FLearnSpringBootApplication       : Starting FLearnSpringBootApplication using Java 21.0.11 with PID 21596 (D:\SWP391\FLearn_\target\classes started by quynh anh in D:\SWP391\FLearn_)
2026-06-10T20:57:35.105+07:00  INFO 21596 --- [FLearn_SpringBoot] [  restartedMain] flearn.FLearnSpringBootApplication       : No active profile set, falling back to 1 default profile: "default"
2026-06-10T20:57:35.219+07:00  WARN 21596 --- [FLearn_SpringBoot] [  restartedMain] ConfigServletWebServerApplicationContext : Exception encountered during context initialization - cancelling refresh attempt: org.springframework.beans.factory.BeanDefinitionStoreException: I/O failure while processing configuration class [flearn.mapper.ClassroomMapperImpl]
2026-06-10T20:57:35.227+07:00 ERROR 21596 --- [FLearn_SpringBoot] [  restartedMain] o.s.boot.SpringApplication               : Application run failed

org.springframework.beans.factory.BeanDefinitionStoreException: I/O failure while processing configuration class [flearn.mapper.ClassroomMapperImpl]
	at org.springframework.context.annotation.ConfigurationClassParser.processConfigurationClass(ConfigurationClassParser.java:288) ~[spring-context-7.0.7.jar:7.0.7]
	at org.springframework.context.annotation.ConfigurationClassParser.parse(ConfigurationClassParser.java:220) ~[spring-context-7.0.7.jar:7.0.7]
	at org.springframework.context.annotation.ConfigurationClassParser.doProcessConfigurationClass(ConfigurationClassParser.java:355) ~[spring-context-7.0.7.jar:7.0.7]
	at org.springframework.context.annotation.ConfigurationClassParser.processConfigurationClass(ConfigurationClassParser.java:283) ~[spring-context-7.0.7.jar:7.0.7]
	at org.springframework.context.annotation.ConfigurationClassParser.parse(ConfigurationClassParser.java:206) ~[spring-context-7.0.7.jar:7.0.7]
	at org.springframework.context.annotation.ConfigurationClassParser.parse(ConfigurationClassParser.java:174) ~[spring-context-7.0.7.jar:7.0.7]
	at org.springframework.context.annotation.ConfigurationClassPostProcessor.processConfigBeanDefinitions(ConfigurationClassPostProcessor.java:452) ~[spring-context-7.0.7.jar:7.0.7]
	at org.springframework.context.annotation.ConfigurationClassPostProcessor.postProcessBeanDefinitionRegistry(ConfigurationClassPostProcessor.java:316) ~[spring-context-7.0.7.jar:7.0.7]
	at org.springframework.context.support.PostProcessorRegistrationDelegate.invokeBeanDefinitionRegistryPostProcessors(PostProcessorRegistrationDelegate.java:349) ~[spring-context-7.0.7.jar:7.0.7]
	at org.springframework.context.support.PostProcessorRegistrationDelegate.invokeBeanFactoryPostProcessors(PostProcessorRegistrationDelegate.java:118) ~[spring-context-7.0.7.jar:7.0.7]
	at org.springframework.context.support.AbstractApplicationContext.invokeBeanFactoryPostProcessors(AbstractApplicationContext.java:795) ~[spring-context-7.0.7.jar:7.0.7]
	at org.springframework.context.support.AbstractApplicationContext.refresh(AbstractApplicationContext.java:603) ~[spring-context-7.0.7.jar:7.0.7]
	at org.springframework.boot.web.server.servlet.context.ServletWebServerApplicationContext.refresh(ServletWebServerApplicationContext.java:143) ~[spring-boot-web-server-4.0.6.jar:4.0.6]
	at org.springframework.boot.SpringApplication.refresh(SpringApplication.java:756) ~[spring-boot-4.0.6.jar:4.0.6]
	at org.springframework.boot.SpringApplication.refreshContext(SpringApplication.java:445) ~[spring-boot-4.0.6.jar:4.0.6]
	at org.springframework.boot.SpringApplication.run(SpringApplication.java:321) ~[spring-boot-4.0.6.jar:4.0.6]
	at org.springframework.boot.SpringApplication.run(SpringApplication.java:1365) ~[spring-boot-4.0.6.jar:4.0.6]
	at org.springframework.boot.SpringApplication.run(SpringApplication.java:1354) ~[spring-boot-4.0.6.jar:4.0.6]
	at flearn.FLearnSpringBootApplication.main(FLearnSpringBootApplication.java:10) ~[classes/:na]
	at java.base/jdk.internal.reflect.DirectMethodHandleAccessor.invoke(DirectMethodHandleAccessor.java:103) ~[na:na]
	at java.base/java.lang.reflect.Method.invoke(Method.java:580) ~[na:na]
	at org.springframework.boot.devtools.restart.RestartLauncher.run(RestartLauncher.java:52) ~[spring-boot-devtools-4.0.6.jar:4.0.6]
Caused by: java.io.FileNotFoundException: class path resource [flearn/mapper/ClassroomMapper.class] cannot be opened because it does not exist
	at org.springframework.core.io.ClassPathResource.getInputStream(ClassPathResource.java:212) ~[spring-core-7.0.7.jar:7.0.7]
	at org.springframework.core.type.classreading.SimpleMetadataReader.getClassReader(SimpleMetadataReader.java:54) ~[spring-core-7.0.7.jar:7.0.7]
	at org.springframework.core.type.classreading.SimpleMetadataReader.<init>(SimpleMetadataReader.java:48) ~[spring-core-7.0.7.jar:7.0.7]
	at org.springframework.core.type.classreading.SimpleMetadataReaderFactory.getMetadataReader(SimpleMetadataReaderFactory.java:62) ~[spring-core-7.0.7.jar:7.0.7]
	at org.springframework.core.type.classreading.CachingMetadataReaderFactory.getMetadataReader(CachingMetadataReaderFactory.java:127) ~[spring-core-7.0.7.jar:7.0.7]
	at org.springframework.core.type.classreading.AbstractMetadataReaderFactory.getMetadataReader(AbstractMetadataReaderFactory.java:62) ~[spring-core-7.0.7.jar:7.0.7]
	at org.springframework.core.type.classreading.CachingMetadataReaderFactory.getMetadataReader(CachingMetadataReaderFactory.java:40) ~[spring-core-7.0.7.jar:7.0.7]
	at org.springframework.context.annotation.ConfigurationClassParser.asSourceClass(ConfigurationClassParser.java:728) ~[spring-context-7.0.7.jar:7.0.7]
	at org.springframework.context.annotation.ConfigurationClassParser$SourceClass.getInterfaces(ConfigurationClassParser.java:1074) ~[spring-context-7.0.7.jar:7.0.7]
	at org.springframework.context.annotation.ConfigurationClassParser.collectImports(ConfigurationClassParser.java:566) ~[spring-context-7.0.7.jar:7.0.7]
	at org.springframework.context.annotation.ConfigurationClassParser.getImports(ConfigurationClassParser.java:541) ~[spring-context-7.0.7.jar:7.0.7]
	at org.springframework.context.annotation.ConfigurationClassParser.doProcessConfigurationClass(ConfigurationClassParser.java:362) ~[spring-context-7.0.7.jar:7.0.7]
	at org.springframework.context.annotation.ConfigurationClassParser.processConfigurationClass(ConfigurationClassParser.java:283) ~[spring-context-7.0.7.jar:7.0.7]
	... 21 common frames omitted


  .   ____          _            __ _ _
 /\\ / ___'_ __ _ _(_)_ __  __ _ \ \ \ \
( ( )\___ | '_ | '_| | '_ \/ _` | \ \ \ \
 \\/  ___)| |_)| | | | | || (_| |  ) ) ) )
  '  |____| .__|_| |_|_| |_\__, | / / / /
 =========|_|==============|___/=/_/_/_/

 :: Spring Boot ::                (v4.0.6)

2026-06-10T20:57:38.326+07:00  INFO 21596 --- [FLearn_SpringBoot] [  restartedMain] flearn.FLearnSpringBootApplication       : Starting FLearnSpringBootApplication using Java 21.0.11 with PID 21596 (D:\SWP391\FLearn_\target\classes started by quynh anh in D:\SWP391\FLearn_)
2026-06-10T20:57:38.326+07:00  INFO 21596 --- [FLearn_SpringBoot] [  restartedMain] flearn.FLearnSpringBootApplication       : No active profile set, falling back to 1 default profile: "default"
2026-06-10T20:57:38.421+07:00  WARN 21596 --- [FLearn_SpringBoot] [  restartedMain] ConfigServletWebServerApplicationContext : Exception encountered during context initialization - cancelling refresh attempt: org.springframework.beans.factory.BeanDefinitionStoreException: I/O failure while processing configuration class [flearn.mapper.ClassroomMapperImpl]
2026-06-10T20:57:38.428+07:00 ERROR 21596 --- [FLearn_SpringBoot] [  restartedMain] o.s.boot.SpringApplication               : Application run failed

org.springframework.beans.factory.BeanDefinitionStoreException: I/O failure while processing configuration class [flearn.mapper.ClassroomMapperImpl]
	at org.springframework.context.annotation.ConfigurationClassParser.processConfigurationClass(ConfigurationClassParser.java:288) ~[spring-context-7.0.7.jar:7.0.7]
	at org.springframework.context.annotation.ConfigurationClassParser.parse(ConfigurationClassParser.java:220) ~[spring-context-7.0.7.jar:7.0.7]
	at org.springframework.context.annotation.ConfigurationClassParser.doProcessConfigurationClass(ConfigurationClassParser.java:355) ~[spring-context-7.0.7.jar:7.0.7]
	at org.springframework.context.annotation.ConfigurationClassParser.processConfigurationClass(ConfigurationClassParser.java:283) ~[spring-context-7.0.7.jar:7.0.7]
	at org.springframework.context.annotation.ConfigurationClassParser.parse(ConfigurationClassParser.java:206) ~[spring-context-7.0.7.jar:7.0.7]
	at org.springframework.context.annotation.ConfigurationClassParser.parse(ConfigurationClassParser.java:174) ~[spring-context-7.0.7.jar:7.0.7]
	at org.springframework.context.annotation.ConfigurationClassPostProcessor.processConfigBeanDefinitions(ConfigurationClassPostProcessor.java:452) ~[spring-context-7.0.7.jar:7.0.7]
	at org.springframework.context.annotation.ConfigurationClassPostProcessor.postProcessBeanDefinitionRegistry(ConfigurationClassPostProcessor.java:316) ~[spring-context-7.0.7.jar:7.0.7]
	at org.springframework.context.support.PostProcessorRegistrationDelegate.invokeBeanDefinitionRegistryPostProcessors(PostProcessorRegistrationDelegate.java:349) ~[spring-context-7.0.7.jar:7.0.7]
	at org.springframework.context.support.PostProcessorRegistrationDelegate.invokeBeanFactoryPostProcessors(PostProcessorRegistrationDelegate.java:118) ~[spring-context-7.0.7.jar:7.0.7]
	at org.springframework.context.support.AbstractApplicationContext.invokeBeanFactoryPostProcessors(AbstractApplicationContext.java:795) ~[spring-context-7.0.7.jar:7.0.7]
	at org.springframework.context.support.AbstractApplicationContext.refresh(AbstractApplicationContext.java:603) ~[spring-context-7.0.7.jar:7.0.7]
	at org.springframework.boot.web.server.servlet.context.ServletWebServerApplicationContext.refresh(ServletWebServerApplicationContext.java:143) ~[spring-boot-web-server-4.0.6.jar:4.0.6]
	at org.springframework.boot.SpringApplication.refresh(SpringApplication.java:756) ~[spring-boot-4.0.6.jar:4.0.6]
	at org.springframework.boot.SpringApplication.refreshContext(SpringApplication.java:445) ~[spring-boot-4.0.6.jar:4.0.6]
	at org.springframework.boot.SpringApplication.run(SpringApplication.java:321) ~[spring-boot-4.0.6.jar:4.0.6]
	at org.springframework.boot.SpringApplication.run(SpringApplication.java:1365) ~[spring-boot-4.0.6.jar:4.0.6]
	at org.springframework.boot.SpringApplication.run(SpringApplication.java:1354) ~[spring-boot-4.0.6.jar:4.0.6]
	at flearn.FLearnSpringBootApplication.main(FLearnSpringBootApplication.java:10) ~[classes/:na]
	at java.base/jdk.internal.reflect.DirectMethodHandleAccessor.invoke(DirectMethodHandleAccessor.java:103) ~[na:na]
	at java.base/java.lang.reflect.Method.invoke(Method.java:580) ~[na:na]
	at org.springframework.boot.devtools.restart.RestartLauncher.run(RestartLauncher.java:52) ~[spring-boot-devtools-4.0.6.jar:4.0.6]
Caused by: java.io.FileNotFoundException: class path resource [flearn/mapper/ClassroomMapper.class] cannot be opened because it does not exist
	at org.springframework.core.io.ClassPathResource.getInputStream(ClassPathResource.java:212) ~[spring-core-7.0.7.jar:7.0.7]
	at org.springframework.core.type.classreading.SimpleMetadataReader.getClassReader(SimpleMetadataReader.java:54) ~[spring-core-7.0.7.jar:7.0.7]
	at org.springframework.core.type.classreading.SimpleMetadataReader.<init>(SimpleMetadataReader.java:48) ~[spring-core-7.0.7.jar:7.0.7]
	at org.springframework.core.type.classreading.SimpleMetadataReaderFactory.getMetadataReader(SimpleMetadataReaderFactory.java:62) ~[spring-core-7.0.7.jar:7.0.7]
	at org.springframework.core.type.classreading.CachingMetadataReaderFactory.getMetadataReader(CachingMetadataReaderFactory.java:127) ~[spring-core-7.0.7.jar:7.0.7]
	at org.springframework.core.type.classreading.AbstractMetadataReaderFactory.getMetadataReader(AbstractMetadataReaderFactory.java:62) ~[spring-core-7.0.7.jar:7.0.7]
	at org.springframework.core.type.classreading.CachingMetadataReaderFactory.getMetadataReader(CachingMetadataReaderFactory.java:40) ~[spring-core-7.0.7.jar:7.0.7]
	at org.springframework.context.annotation.ConfigurationClassParser.asSourceClass(ConfigurationClassParser.java:728) ~[spring-context-7.0.7.jar:7.0.7]
	at org.springframework.context.annotation.ConfigurationClassParser$SourceClass.getInterfaces(ConfigurationClassParser.java:1074) ~[spring-context-7.0.7.jar:7.0.7]
	at org.springframework.context.annotation.ConfigurationClassParser.collectImports(ConfigurationClassParser.java:566) ~[spring-context-7.0.7.jar:7.0.7]
	at org.springframework.context.annotation.ConfigurationClassParser.getImports(ConfigurationClassParser.java:541) ~[spring-context-7.0.7.jar:7.0.7]
	at org.springframework.context.annotation.ConfigurationClassParser.doProcessConfigurationClass(ConfigurationClassParser.java:362) ~[spring-context-7.0.7.jar:7.0.7]
	at org.springframework.context.annotation.ConfigurationClassParser.processConfigurationClass(ConfigurationClassParser.java:283) ~[spring-context-7.0.7.jar:7.0.7]
	... 21 common frames omitted


  .   ____          _            __ _ _
 /\\ / ___'_ __ _ _(_)_ __  __ _ \ \ \ \
( ( )\___ | '_ | '_| | '_ \/ _` | \ \ \ \
 \\/  ___)| |_)| | | | | || (_| |  ) ) ) )
  '  |____| .__|_| |_|_| |_\__, | / / / /
 =========|_|==============|___/=/_/_/_/

 :: Spring Boot ::                (v4.0.6)

2026-06-10T20:57:40.069+07:00  INFO 21596 --- [FLearn_SpringBoot] [  restartedMain] flearn.FLearnSpringBootApplication       : Starting FLearnSpringBootApplication using Java 21.0.11 with PID 21596 (D:\SWP391\FLearn_\target\classes started by quynh anh in D:\SWP391\FLearn_)
2026-06-10T20:57:40.070+07:00  INFO 21596 --- [FLearn_SpringBoot] [  restartedMain] flearn.FLearnSpringBootApplication       : No active profile set, falling back to 1 default profile: "default"
2026-06-10T20:57:40.129+07:00  WARN 21596 --- [FLearn_SpringBoot] [  restartedMain] ConfigServletWebServerApplicationContext : Exception encountered during context initialization - cancelling refresh attempt: org.springframework.beans.factory.BeanDefinitionStoreException: I/O failure while processing configuration class [flearn.mapper.ClassroomMapperImpl]
2026-06-10T20:57:40.136+07:00 ERROR 21596 --- [FLearn_SpringBoot] [  restartedMain] o.s.boot.SpringApplication               : Application run failed

org.springframework.beans.factory.BeanDefinitionStoreException: I/O failure while processing configuration class [flearn.mapper.ClassroomMapperImpl]
	at org.springframework.context.annotation.ConfigurationClassParser.processConfigurationClass(ConfigurationClassParser.java:288) ~[spring-context-7.0.7.jar:7.0.7]
	at org.springframework.context.annotation.ConfigurationClassParser.parse(ConfigurationClassParser.java:220) ~[spring-context-7.0.7.jar:7.0.7]
	at org.springframework.context.annotation.ConfigurationClassParser.doProcessConfigurationClass(ConfigurationClassParser.java:355) ~[spring-context-7.0.7.jar:7.0.7]
	at org.springframework.context.annotation.ConfigurationClassParser.processConfigurationClass(ConfigurationClassParser.java:283) ~[spring-context-7.0.7.jar:7.0.7]
	at org.springframework.context.annotation.ConfigurationClassParser.parse(ConfigurationClassParser.java:206) ~[spring-context-7.0.7.jar:7.0.7]
	at org.springframework.context.annotation.ConfigurationClassParser.parse(ConfigurationClassParser.java:174) ~[spring-context-7.0.7.jar:7.0.7]
	at org.springframework.context.annotation.ConfigurationClassPostProcessor.processConfigBeanDefinitions(ConfigurationClassPostProcessor.java:452) ~[spring-context-7.0.7.jar:7.0.7]
	at org.springframework.context.annotation.ConfigurationClassPostProcessor.postProcessBeanDefinitionRegistry(ConfigurationClassPostProcessor.java:316) ~[spring-context-7.0.7.jar:7.0.7]
	at org.springframework.context.support.PostProcessorRegistrationDelegate.invokeBeanDefinitionRegistryPostProcessors(PostProcessorRegistrationDelegate.java:349) ~[spring-context-7.0.7.jar:7.0.7]
	at org.springframework.context.support.PostProcessorRegistrationDelegate.invokeBeanFactoryPostProcessors(PostProcessorRegistrationDelegate.java:118) ~[spring-context-7.0.7.jar:7.0.7]
	at org.springframework.context.support.AbstractApplicationContext.invokeBeanFactoryPostProcessors(AbstractApplicationContext.java:795) ~[spring-context-7.0.7.jar:7.0.7]
	at org.springframework.context.support.AbstractApplicationContext.refresh(AbstractApplicationContext.java:603) ~[spring-context-7.0.7.jar:7.0.7]
	at org.springframework.boot.web.server.servlet.context.ServletWebServerApplicationContext.refresh(ServletWebServerApplicationContext.java:143) ~[spring-boot-web-server-4.0.6.jar:4.0.6]
	at org.springframework.boot.SpringApplication.refresh(SpringApplication.java:756) ~[spring-boot-4.0.6.jar:4.0.6]
	at org.springframework.boot.SpringApplication.refreshContext(SpringApplication.java:445) ~[spring-boot-4.0.6.jar:4.0.6]
	at org.springframework.boot.SpringApplication.run(SpringApplication.java:321) ~[spring-boot-4.0.6.jar:4.0.6]
	at org.springframework.boot.SpringApplication.run(SpringApplication.java:1365) ~[spring-boot-4.0.6.jar:4.0.6]
	at org.springframework.boot.SpringApplication.run(SpringApplication.java:1354) ~[spring-boot-4.0.6.jar:4.0.6]
	at flearn.FLearnSpringBootApplication.main(FLearnSpringBootApplication.java:10) ~[classes/:na]
	at java.base/jdk.internal.reflect.DirectMethodHandleAccessor.invoke(DirectMethodHandleAccessor.java:103) ~[na:na]
	at java.base/java.lang.reflect.Method.invoke(Method.java:580) ~[na:na]
	at org.springframework.boot.devtools.restart.RestartLauncher.run(RestartLauncher.java:52) ~[spring-boot-devtools-4.0.6.jar:4.0.6]
Caused by: java.io.FileNotFoundException: class path resource [flearn/mapper/ClassroomMapper.class] cannot be opened because it does not exist
	at org.springframework.core.io.ClassPathResource.getInputStream(ClassPathResource.java:212) ~[spring-core-7.0.7.jar:7.0.7]
	at org.springframework.core.type.classreading.SimpleMetadataReader.getClassReader(SimpleMetadataReader.java:54) ~[spring-core-7.0.7.jar:7.0.7]
	at org.springframework.core.type.classreading.SimpleMetadataReader.<init>(SimpleMetadataReader.java:48) ~[spring-core-7.0.7.jar:7.0.7]
	at org.springframework.core.type.classreading.SimpleMetadataReaderFactory.getMetadataReader(SimpleMetadataReaderFactory.java:62) ~[spring-core-7.0.7.jar:7.0.7]
	at org.springframework.core.type.classreading.CachingMetadataReaderFactory.getMetadataReader(CachingMetadataReaderFactory.java:127) ~[spring-core-7.0.7.jar:7.0.7]
	at org.springframework.core.type.classreading.AbstractMetadataReaderFactory.getMetadataReader(AbstractMetadataReaderFactory.java:62) ~[spring-core-7.0.7.jar:7.0.7]
	at org.springframework.core.type.classreading.CachingMetadataReaderFactory.getMetadataReader(CachingMetadataReaderFactory.java:40) ~[spring-core-7.0.7.jar:7.0.7]
	at org.springframework.context.annotation.ConfigurationClassParser.asSourceClass(ConfigurationClassParser.java:728) ~[spring-context-7.0.7.jar:7.0.7]
	at org.springframework.context.annotation.ConfigurationClassParser$SourceClass.getInterfaces(ConfigurationClassParser.java:1074) ~[spring-context-7.0.7.jar:7.0.7]
	at org.springframework.context.annotation.ConfigurationClassParser.collectImports(ConfigurationClassParser.java:566) ~[spring-context-7.0.7.jar:7.0.7]
	at org.springframework.context.annotation.ConfigurationClassParser.getImports(ConfigurationClassParser.java:541) ~[spring-context-7.0.7.jar:7.0.7]
	at org.springframework.context.annotation.ConfigurationClassParser.doProcessConfigurationClass(ConfigurationClassParser.java:362) ~[spring-context-7.0.7.jar:7.0.7]
	at org.springframework.context.annotation.ConfigurationClassParser.processConfigurationClass(ConfigurationClassParser.java:283) ~[spring-context-7.0.7.jar:7.0.7]
	... 21 common frames omitted


  .   ____          _            __ _ _
 /\\ / ___'_ __ _ _(_)_ __  __ _ \ \ \ \
( ( )\___ | '_ | '_| | '_ \/ _` | \ \ \ \
 \\/  ___)| |_)| | | | | || (_| |  ) ) ) )
  '  |____| .__|_| |_|_| |_\__, | / / / /
 =========|_|==============|___/=/_/_/_/

 :: Spring Boot ::                (v4.0.6)

2026-06-10T20:57:42.565+07:00  INFO 21596 --- [FLearn_SpringBoot] [  restartedMain] flearn.FLearnSpringBootApplication       : Starting FLearnSpringBootApplication using Java 21.0.11 with PID 21596 (D:\SWP391\FLearn_\target\classes started by quynh anh in D:\SWP391\FLearn_)
2026-06-10T20:57:42.565+07:00  INFO 21596 --- [FLearn_SpringBoot] [  restartedMain] flearn.FLearnSpringBootApplication       : No active profile set, falling back to 1 default profile: "default"
2026-06-10T20:57:43.711+07:00  INFO 21596 --- [FLearn_SpringBoot] [  restartedMain] .s.d.r.c.RepositoryConfigurationDelegate : Bootstrapping Spring Data JPA repositories in DEFAULT mode.
2026-06-10T20:57:43.969+07:00  INFO 21596 --- [FLearn_SpringBoot] [  restartedMain] .s.d.r.c.RepositoryConfigurationDelegate : Finished Spring Data repository scanning in 253 ms. Found 10 JPA repository interfaces.
2026-06-10T20:57:44.370+07:00  INFO 21596 --- [FLearn_SpringBoot] [  restartedMain] o.s.boot.tomcat.TomcatWebServer          : Tomcat initialized with port 8081 (http)
2026-06-10T20:57:44.374+07:00  INFO 21596 --- [FLearn_SpringBoot] [  restartedMain] o.apache.catalina.core.StandardService   : Starting service [Tomcat]
2026-06-10T20:57:44.375+07:00  INFO 21596 --- [FLearn_SpringBoot] [  restartedMain] o.apache.catalina.core.StandardEngine    : Starting Servlet engine: [Apache Tomcat/11.0.21]
2026-06-10T20:57:44.456+07:00  INFO 21596 --- [FLearn_SpringBoot] [  restartedMain] b.w.c.s.WebApplicationContextInitializer : Root WebApplicationContext: initialization completed in 1885 ms
2026-06-10T20:57:44.586+07:00  WARN 21596 --- [FLearn_SpringBoot] [  restartedMain] o.a.c.c.C.[Tomcat].[localhost].[/]       : Cannot deserialize session attribute [SPRING_SECURITY_CONTEXT] for session [BD1FF5F6EE5E9ECD4958E493A1CE2A7E]
2026-06-10T20:57:44.594+07:00 ERROR 21596 --- [FLearn_SpringBoot] [  restartedMain] o.a.catalina.session.StandardManager     : Exception loading sessions from persistent storage

java.io.StreamCorruptedException: invalid type code: 00
	at java.base/java.io.ObjectInputStream.readObject0(ObjectInputStream.java:1793) ~[na:na]
	at java.base/java.io.ObjectInputStream$FieldValues.<init>(ObjectInputStream.java:2618) ~[na:na]
	at java.base/java.io.ObjectInputStream.defaultReadObject(ObjectInputStream.java:678) ~[na:na]
	at java.base/java.lang.Throwable.readObject(Throwable.java:936) ~[na:na]
	at java.base/jdk.internal.reflect.DirectMethodHandleAccessor.invoke(DirectMethodHandleAccessor.java:103) ~[na:na]
	at java.base/java.lang.reflect.Method.invoke(Method.java:580) ~[na:na]
	at java.base/java.io.ObjectStreamClass.invokeReadObject(ObjectStreamClass.java:1102) ~[na:na]
	at java.base/java.io.ObjectInputStream.readSerialData(ObjectInputStream.java:2444) ~[na:na]
	at java.base/java.io.ObjectInputStream.readOrdinaryObject(ObjectInputStream.java:2284) ~[na:na]
	at java.base/java.io.ObjectInputStream.readObject0(ObjectInputStream.java:1762) ~[na:na]
	at java.base/java.io.ObjectInputStream.readObject(ObjectInputStream.java:540) ~[na:na]
	at java.base/java.io.ObjectInputStream.readObject(ObjectInputStream.java:498) ~[na:na]
	at org.apache.catalina.session.StandardSession.doReadObject(StandardSession.java:1120) ~[tomcat-embed-core-11.0.21.jar:11.0.21]
	at org.apache.catalina.session.StandardSession.readObjectData(StandardSession.java:821) ~[tomcat-embed-core-11.0.21.jar:11.0.21]
	at org.apache.catalina.session.StandardManager.load(StandardManager.java:146) ~[tomcat-embed-core-11.0.21.jar:11.0.21]
	at org.apache.catalina.session.StandardManager.startInternal(StandardManager.java:255) ~[tomcat-embed-core-11.0.21.jar:11.0.21]
	at org.apache.catalina.util.LifecycleBase.start(LifecycleBase.java:164) ~[tomcat-embed-core-11.0.21.jar:11.0.21]
	at org.apache.catalina.core.StandardContext.startInternal(StandardContext.java:4443) ~[tomcat-embed-core-11.0.21.jar:11.0.21]
	at org.apache.catalina.util.LifecycleBase.start(LifecycleBase.java:164) ~[tomcat-embed-core-11.0.21.jar:11.0.21]
	at org.apache.catalina.core.ContainerBase$StartChild.call(ContainerBase.java:1162) ~[tomcat-embed-core-11.0.21.jar:11.0.21]
	at org.apache.catalina.core.ContainerBase$StartChild.call(ContainerBase.java:1158) ~[tomcat-embed-core-11.0.21.jar:11.0.21]
	at java.base/java.util.concurrent.FutureTask.run(FutureTask.java:317) ~[na:na]
	at org.apache.tomcat.util.threads.InlineExecutorService.execute(InlineExecutorService.java:81) ~[tomcat-embed-core-11.0.21.jar:11.0.21]
	at java.base/java.util.concurrent.AbstractExecutorService.submit(AbstractExecutorService.java:145) ~[na:na]
	at org.apache.catalina.core.ContainerBase.startInternal(ContainerBase.java:714) ~[tomcat-embed-core-11.0.21.jar:11.0.21]
	at org.apache.catalina.core.StandardHost.startInternal(StandardHost.java:780) ~[tomcat-embed-core-11.0.21.jar:11.0.21]
	at org.apache.catalina.util.LifecycleBase.start(LifecycleBase.java:164) ~[tomcat-embed-core-11.0.21.jar:11.0.21]
	at org.apache.catalina.core.ContainerBase$StartChild.call(ContainerBase.java:1162) ~[tomcat-embed-core-11.0.21.jar:11.0.21]
	at org.apache.catalina.core.ContainerBase$StartChild.call(ContainerBase.java:1158) ~[tomcat-embed-core-11.0.21.jar:11.0.21]
	at java.base/java.util.concurrent.FutureTask.run(FutureTask.java:317) ~[na:na]
	at org.apache.tomcat.util.threads.InlineExecutorService.execute(InlineExecutorService.java:81) ~[tomcat-embed-core-11.0.21.jar:11.0.21]
	at java.base/java.util.concurrent.AbstractExecutorService.submit(AbstractExecutorService.java:145) ~[na:na]
	at org.apache.catalina.core.ContainerBase.startInternal(ContainerBase.java:714) ~[tomcat-embed-core-11.0.21.jar:11.0.21]
	at org.apache.catalina.core.StandardEngine.startInternal(StandardEngine.java:201) ~[tomcat-embed-core-11.0.21.jar:11.0.21]
	at org.apache.catalina.util.LifecycleBase.start(LifecycleBase.java:164) ~[tomcat-embed-core-11.0.21.jar:11.0.21]
	at org.apache.catalina.core.StandardService.startInternal(StandardService.java:410) ~[tomcat-embed-core-11.0.21.jar:11.0.21]
	at org.apache.catalina.util.LifecycleBase.start(LifecycleBase.java:164) ~[tomcat-embed-core-11.0.21.jar:11.0.21]
	at org.apache.catalina.core.StandardServer.startInternal(StandardServer.java:864) ~[tomcat-embed-core-11.0.21.jar:11.0.21]
	at org.apache.catalina.util.LifecycleBase.start(LifecycleBase.java:164) ~[tomcat-embed-core-11.0.21.jar:11.0.21]
	at org.apache.catalina.startup.Tomcat.start(Tomcat.java:435) ~[tomcat-embed-core-11.0.21.jar:11.0.21]
	at org.springframework.boot.tomcat.TomcatWebServer.initialize(TomcatWebServer.java:131) ~[spring-boot-tomcat-4.0.6.jar:4.0.6]
	at org.springframework.boot.tomcat.TomcatWebServer.<init>(TomcatWebServer.java:110) ~[spring-boot-tomcat-4.0.6.jar:4.0.6]
	at org.springframework.boot.tomcat.servlet.TomcatServletWebServerFactory.getTomcatWebServer(TomcatServletWebServerFactory.java:408) ~[spring-boot-tomcat-4.0.6.jar:4.0.6]
	at org.springframework.boot.tomcat.servlet.TomcatServletWebServerFactory.getWebServer(TomcatServletWebServerFactory.java:166) ~[spring-boot-tomcat-4.0.6.jar:4.0.6]
	at org.springframework.boot.web.server.servlet.context.ServletWebServerApplicationContext.createWebServer(ServletWebServerApplicationContext.java:190) ~[spring-boot-web-server-4.0.6.jar:4.0.6]
	at org.springframework.boot.web.server.servlet.context.ServletWebServerApplicationContext.onRefresh(ServletWebServerApplicationContext.java:164) ~[spring-boot-web-server-4.0.6.jar:4.0.6]
	at org.springframework.context.support.AbstractApplicationContext.refresh(AbstractApplicationContext.java:615) ~[spring-context-7.0.7.jar:7.0.7]
	at org.springframework.boot.web.server.servlet.context.ServletWebServerApplicationContext.refresh(ServletWebServerApplicationContext.java:143) ~[spring-boot-web-server-4.0.6.jar:4.0.6]
	at org.springframework.boot.SpringApplication.refresh(SpringApplication.java:756) ~[spring-boot-4.0.6.jar:4.0.6]
	at org.springframework.boot.SpringApplication.refreshContext(SpringApplication.java:445) ~[spring-boot-4.0.6.jar:4.0.6]
	at org.springframework.boot.SpringApplication.run(SpringApplication.java:321) ~[spring-boot-4.0.6.jar:4.0.6]
	at org.springframework.boot.SpringApplication.run(SpringApplication.java:1365) ~[spring-boot-4.0.6.jar:4.0.6]
	at org.springframework.boot.SpringApplication.run(SpringApplication.java:1354) ~[spring-boot-4.0.6.jar:4.0.6]
	at flearn.FLearnSpringBootApplication.main(FLearnSpringBootApplication.java:10) ~[classes/:na]
	at java.base/jdk.internal.reflect.DirectMethodHandleAccessor.invoke(DirectMethodHandleAccessor.java:103) ~[na:na]
	at java.base/java.lang.reflect.Method.invoke(Method.java:580) ~[na:na]
	at org.springframework.boot.devtools.restart.RestartLauncher.run(RestartLauncher.java:52) ~[spring-boot-devtools-4.0.6.jar:4.0.6]

2026-06-10T20:57:44.765+07:00  INFO 21596 --- [FLearn_SpringBoot] [  restartedMain] org.hibernate.orm.jpa                    : HHH008540: Processing PersistenceUnitInfo [name: default]
2026-06-10T20:57:44.929+07:00  INFO 21596 --- [FLearn_SpringBoot] [  restartedMain] o.s.o.j.p.SpringPersistenceUnitInfo      : No LoadTimeWeaver setup: ignoring JPA class transformer
2026-06-10T20:57:44.939+07:00  INFO 21596 --- [FLearn_SpringBoot] [  restartedMain] com.zaxxer.hikari.HikariDataSource       : HikariPool-2 - Starting...
2026-06-10T20:57:45.199+07:00  INFO 21596 --- [FLearn_SpringBoot] [  restartedMain] com.zaxxer.hikari.pool.HikariPool        : HikariPool-2 - Added connection ConnectionID:11 ClientConnectionId: 0cf3d00d-5153-44d7-b3a6-7ccdfc760fbf
2026-06-10T20:57:45.200+07:00  INFO 21596 --- [FLearn_SpringBoot] [  restartedMain] com.zaxxer.hikari.HikariDataSource       : HikariPool-2 - Start completed.
2026-06-10T20:57:46.164+07:00  WARN 21596 --- [FLearn_SpringBoot] [  restartedMain] org.hibernate.orm.deprecation            : HHH90000025: SQLServerDialect does not need to be specified explicitly using 'hibernate.dialect' (remove the property setting and it will be selected by default)
2026-06-10T20:57:46.169+07:00  INFO 21596 --- [FLearn_SpringBoot] [  restartedMain] org.hibernate.orm.connections.pooling    : HHH10001005: Database info:
	Database JDBC URL [jdbc:sqlserver://localhost:1433;concatNullYieldsNull=ON;quotedIdentifier=ON;connectRetryInterval=10;connectRetryCount=1;maxResultBuffer=-1;sendTemporalDataTypesAsStringForBulkCopy=true;delayLoadingLobs=true;useFmtOnly=false;vectorTypeSupport=v1;cacheBulkCopyMetadata=false;bulkCopyForBatchInsertAllowEncryptedValueModifications=false;bulkCopyForBatchInsertTableLock=false;bulkCopyForBatchInsertKeepNulls=false;bulkCopyForBatchInsertKeepIdentity=false;bulkCopyForBatchInsertFireTriggers=false;bulkCopyForBatchInsertCheckConstraints=false;bulkCopyForBatchInsertBatchSize=0;useBulkCopyForBatchInsert=false;cancelQueryTimeout=-1;sslProtocol=TLS;calcBigDecimalPrecision=false;useDefaultJaasConfig=false;jaasConfigurationName=SQLJDBCDriver;statementPoolingCacheSize=0;serverPreparedStatementDiscardThreshold=10;enablePrepareOnFirstPreparedStatementCall=false;fips=false;socketTimeout=0;authentication=NotSpecified;authenticationScheme=nativeAuthentication;xopenStates=false;datetimeParameterType=datetime2;sendTimeAsDatetime=true;replication=false;trustStoreType=JKS;trustServerCertificate=true;TransparentNetworkIPResolution=true;iPAddressPreference=IPv4First;serverNameAsACE=false;sendStringParametersAsUnicode=true;selectMethod=direct;responseBuffering=adaptive;queryTimeout=-1;packetSize=8000;multiSubnetFailover=false;loginTimeout=30;lockTimeout=-1;lastUpdateCount=true;useDefaultGSSCredential=false;prepareMethod=prepexec;encrypt=true;disableStatementPooling=true;databaseName=FLearnDB;columnEncryptionSetting=Disabled;applicationName=Microsoft JDBC Driver for SQL Server;applicationIntent=readwrite;]
	Database driver: Microsoft JDBC Driver 13.2 for SQL Server
	Database dialect: SQLServerDialect
	Database version: 16.0
	Default catalog/schema: FLearnDB/dbo
	Autocommit mode: undefined/unknown
	Isolation level: READ_COMMITTED [default READ_COMMITTED]
	JDBC fetch size: 128
	Pool: DataSourceConnectionProvider
	Minimum pool size: undefined/unknown
	Maximum pool size: undefined/unknown
2026-06-10T20:57:46.195+07:00  WARN 21596 --- [FLearn_SpringBoot] [  restartedMain] org.hibernate.orm.deprecation            : HHH90000033: Encountered use of deprecated annotation [interface jakarta.persistence.Temporal] at flearn.entity.ClassMember.joinedAt.
2026-06-10T20:57:46.210+07:00  WARN 21596 --- [FLearn_SpringBoot] [  restartedMain] org.hibernate.orm.deprecation            : HHH90000033: Encountered use of deprecated annotation [interface jakarta.persistence.Temporal] at flearn.entity.Classroom.createdAt.
2026-06-10T20:57:46.223+07:00  WARN 21596 --- [FLearn_SpringBoot] [  restartedMain] org.hibernate.orm.deprecation            : HHH90000033: Encountered use of deprecated annotation [interface jakarta.persistence.Temporal] at flearn.entity.Classroom.updatedAt.
2026-06-10T20:57:46.247+07:00  WARN 21596 --- [FLearn_SpringBoot] [  restartedMain] org.hibernate.orm.deprecation            : HHH90000033: Encountered use of deprecated annotation [interface jakarta.persistence.Temporal] at flearn.entity.Enrollment.approvedAt.
2026-06-10T20:57:46.252+07:00  WARN 21596 --- [FLearn_SpringBoot] [  restartedMain] org.hibernate.orm.deprecation            : HHH90000033: Encountered use of deprecated annotation [interface jakarta.persistence.Temporal] at flearn.entity.Enrollment.rejectedAt.
2026-06-10T20:57:46.256+07:00  WARN 21596 --- [FLearn_SpringBoot] [  restartedMain] org.hibernate.orm.deprecation            : HHH90000033: Encountered use of deprecated annotation [interface jakarta.persistence.Temporal] at flearn.entity.Enrollment.removedAt.
2026-06-10T20:57:46.259+07:00  WARN 21596 --- [FLearn_SpringBoot] [  restartedMain] org.hibernate.orm.deprecation            : HHH90000033: Encountered use of deprecated annotation [interface jakarta.persistence.Temporal] at flearn.entity.Enrollment.requestedAt.
2026-06-10T20:57:46.283+07:00  WARN 21596 --- [FLearn_SpringBoot] [  restartedMain] org.hibernate.orm.deprecation            : HHH90000033: Encountered use of deprecated annotation [interface jakarta.persistence.Temporal] at flearn.entity.Lesson.createdAt.
2026-06-10T20:57:46.307+07:00  WARN 21596 --- [FLearn_SpringBoot] [  restartedMain] org.hibernate.orm.deprecation            : HHH90000033: Encountered use of deprecated annotation [interface jakarta.persistence.Temporal] at flearn.entity.LessonCompletion.completedAt.
2026-06-10T20:57:46.345+07:00  WARN 21596 --- [FLearn_SpringBoot] [  restartedMain] org.hibernate.orm.deprecation            : HHH90000033: Encountered use of deprecated annotation [interface jakarta.persistence.Temporal] at flearn.entity.QuizResult.completedAt.
2026-06-10T20:57:46.381+07:00  WARN 21596 --- [FLearn_SpringBoot] [  restartedMain] org.hibernate.orm.deprecation            : HHH90000033: Encountered use of deprecated annotation [interface jakarta.persistence.Temporal] at flearn.entity.User.createdAt.
2026-06-10T20:57:46.384+07:00  WARN 21596 --- [FLearn_SpringBoot] [  restartedMain] org.hibernate.orm.deprecation            : HHH90000033: Encountered use of deprecated annotation [interface jakarta.persistence.Temporal] at flearn.entity.User.resetTokenExpiry.
2026-06-10T20:57:46.390+07:00  WARN 21596 --- [FLearn_SpringBoot] [  restartedMain] org.hibernate.orm.deprecation            : HHH90000033: Encountered use of deprecated annotation [interface jakarta.persistence.Temporal] at flearn.entity.User.updatedAt.
2026-06-10T20:57:48.123+07:00  INFO 21596 --- [FLearn_SpringBoot] [  restartedMain] org.hibernate.orm.core                   : HHH000489: No JTA platform available (set 'hibernate.transaction.jta.platform' to enable JTA platform integration)
2026-06-10T20:57:51.632+07:00 DEBUG 21596 --- [FLearn_SpringBoot] [  restartedMain] org.hibernate.SQL                        : 
    alter table [Lessons] 
       alter column [Content] NVARCHAR(MAX)
Hibernate: 
    alter table [Lessons] 
       alter column [Content] NVARCHAR(MAX)
2026-06-10T20:57:55.310+07:00 DEBUG 21596 --- [FLearn_SpringBoot] [  restartedMain] org.hibernate.SQL                        : 
    alter table [Questions] 
       alter column [OptionA] NVARCHAR(500)
Hibernate: 
    alter table [Questions] 
       alter column [OptionA] NVARCHAR(500)
2026-06-10T20:58:03.018+07:00 DEBUG 21596 --- [FLearn_SpringBoot] [  restartedMain] org.hibernate.SQL                        : 
    alter table [Questions] 
       alter column [OptionB] NVARCHAR(500)
Hibernate: 
    alter table [Questions] 
       alter column [OptionB] NVARCHAR(500)
2026-06-10T20:58:04.786+07:00 DEBUG 21596 --- [FLearn_SpringBoot] [  restartedMain] org.hibernate.SQL                        : 
    alter table [Questions] 
       alter column [OptionC] NVARCHAR(500)
Hibernate: 
    alter table [Questions] 
       alter column [OptionC] NVARCHAR(500)
2026-06-10T20:58:04.832+07:00 DEBUG 21596 --- [FLearn_SpringBoot] [  restartedMain] org.hibernate.SQL                        : 
    alter table [Questions] 
       alter column [OptionD] NVARCHAR(500)
Hibernate: 
    alter table [Questions] 
       alter column [OptionD] NVARCHAR(500)
2026-06-10T20:58:04.870+07:00 DEBUG 21596 --- [FLearn_SpringBoot] [  restartedMain] org.hibernate.SQL                        : 
    alter table [Questions] 
       alter column [QuestionText] NVARCHAR(MAX)
Hibernate: 
    alter table [Questions] 
       alter column [QuestionText] NVARCHAR(MAX)
2026-06-10T20:58:04.932+07:00 DEBUG 21596 --- [FLearn_SpringBoot] [  restartedMain] org.hibernate.SQL                        : 
    alter table [Quizzes] 
       alter column [Title] NVARCHAR(200)
Hibernate: 
    alter table [Quizzes] 
       alter column [Title] NVARCHAR(200)
2026-06-10T20:58:16.634+07:00  INFO 21596 --- [FLearn_SpringBoot] [  restartedMain] j.LocalContainerEntityManagerFactoryBean : Initialized JPA EntityManagerFactory for persistence unit 'default'
2026-06-10T20:58:16.838+07:00  WARN 21596 --- [FLearn_SpringBoot] [  restartedMain] ConfigServletWebServerApplicationContext : Exception encountered during context initialization - cancelling refresh attempt: org.springframework.beans.factory.UnsatisfiedDependencyException: Error creating bean with name 'applicationInitConfig' defined in file [D:\SWP391\FLearn_\target\classes\flearn\configuration\ApplicationInitConfig.class]: Unsatisfied dependency expressed through constructor parameter 0: No qualifying bean of type 'org.springframework.security.crypto.password.PasswordEncoder' available: expected at least 1 bean which qualifies as autowire candidate. Dependency annotations: {}
2026-06-10T20:58:16.838+07:00  INFO 21596 --- [FLearn_SpringBoot] [  restartedMain] j.LocalContainerEntityManagerFactoryBean : Closing JPA EntityManagerFactory for persistence unit 'default'
2026-06-10T20:58:16.856+07:00  INFO 21596 --- [FLearn_SpringBoot] [  restartedMain] com.zaxxer.hikari.HikariDataSource       : HikariPool-2 - Shutdown initiated...
2026-06-10T20:58:16.915+07:00  INFO 21596 --- [FLearn_SpringBoot] [  restartedMain] com.zaxxer.hikari.HikariDataSource       : HikariPool-2 - Shutdown completed.
2026-06-10T20:58:16.919+07:00  INFO 21596 --- [FLearn_SpringBoot] [  restartedMain] o.apache.catalina.core.StandardService   : Stopping service [Tomcat]
2026-06-10T20:58:16.955+07:00  INFO 21596 --- [FLearn_SpringBoot] [  restartedMain] .s.b.a.l.ConditionEvaluationReportLogger : 

Error starting ApplicationContext. To display the condition evaluation report re-run your application with 'debug' enabled.
2026-06-10T20:58:16.991+07:00 ERROR 21596 --- [FLearn_SpringBoot] [  restartedMain] o.s.b.d.LoggingFailureAnalysisReporter   : 

***************************
APPLICATION FAILED TO START
***************************

Description:

Parameter 0 of constructor in flearn.configuration.ApplicationInitConfig required a bean of type 'org.springframework.security.crypto.password.PasswordEncoder' that could not be found.


Action:

Consider defining a bean of type 'org.springframework.security.crypto.password.PasswordEncoder' in your configuration.


  .   ____          _            __ _ _
 /\\ / ___'_ __ _ _(_)_ __  __ _ \ \ \ \
( ( )\___ | '_ | '_| | '_ \/ _` | \ \ \ \
 \\/  ___)| |_)| | | | | || (_| |  ) ) ) )
  '  |____| .__|_| |_|_| |_\__, | / / / /
 =========|_|==============|___/=/_/_/_/

 :: Spring Boot ::                (v4.0.6)

2026-06-10T20:58:19.170+07:00  INFO 21596 --- [FLearn_SpringBoot] [  restartedMain] flearn.FLearnSpringBootApplication       : Starting FLearnSpringBootApplication using Java 21.0.11 with PID 21596 (D:\SWP391\FLearn_\target\classes started by quynh anh in D:\SWP391\FLearn_)
2026-06-10T20:58:19.171+07:00  INFO 21596 --- [FLearn_SpringBoot] [  restartedMain] flearn.FLearnSpringBootApplication       : No active profile set, falling back to 1 default profile: "default"
2026-06-10T20:58:20.990+07:00  INFO 21596 --- [FLearn_SpringBoot] [  restartedMain] .s.d.r.c.RepositoryConfigurationDelegate : Bootstrapping Spring Data JPA repositories in DEFAULT mode.
2026-06-10T20:58:21.353+07:00  INFO 21596 --- [FLearn_SpringBoot] [  restartedMain] .s.d.r.c.RepositoryConfigurationDelegate : Finished Spring Data repository scanning in 336 ms. Found 10 JPA repository interfaces.
2026-06-10T20:58:22.357+07:00  INFO 21596 --- [FLearn_SpringBoot] [  restartedMain] o.s.boot.tomcat.TomcatWebServer          : Tomcat initialized with port 8081 (http)
2026-06-10T20:58:22.400+07:00  INFO 21596 --- [FLearn_SpringBoot] [  restartedMain] o.apache.catalina.core.StandardService   : Starting service [Tomcat]
2026-06-10T20:58:22.403+07:00  INFO 21596 --- [FLearn_SpringBoot] [  restartedMain] o.apache.catalina.core.StandardEngine    : Starting Servlet engine: [Apache Tomcat/11.0.21]
2026-06-10T20:58:22.657+07:00  INFO 21596 --- [FLearn_SpringBoot] [  restartedMain] b.w.c.s.WebApplicationContextInitializer : Root WebApplicationContext: initialization completed in 3475 ms
2026-06-10T20:58:23.103+07:00  INFO 21596 --- [FLearn_SpringBoot] [  restartedMain] org.hibernate.orm.jpa                    : HHH008540: Processing PersistenceUnitInfo [name: default]
2026-06-10T20:58:23.266+07:00  INFO 21596 --- [FLearn_SpringBoot] [  restartedMain] o.s.o.j.p.SpringPersistenceUnitInfo      : No LoadTimeWeaver setup: ignoring JPA class transformer
2026-06-10T20:58:23.268+07:00  INFO 21596 --- [FLearn_SpringBoot] [  restartedMain] com.zaxxer.hikari.HikariDataSource       : HikariPool-3 - Starting...
2026-06-10T20:58:23.405+07:00  INFO 21596 --- [FLearn_SpringBoot] [  restartedMain] com.zaxxer.hikari.pool.HikariPool        : HikariPool-3 - Added connection ConnectionID:21 ClientConnectionId: c78a7343-23be-4f67-a578-3e833ac2eca5
2026-06-10T20:58:23.405+07:00  INFO 21596 --- [FLearn_SpringBoot] [  restartedMain] com.zaxxer.hikari.HikariDataSource       : HikariPool-3 - Start completed.
2026-06-10T20:58:23.694+07:00  WARN 21596 --- [FLearn_SpringBoot] [  restartedMain] org.hibernate.orm.deprecation            : HHH90000025: SQLServerDialect does not need to be specified explicitly using 'hibernate.dialect' (remove the property setting and it will be selected by default)
2026-06-10T20:58:23.709+07:00  INFO 21596 --- [FLearn_SpringBoot] [  restartedMain] org.hibernate.orm.connections.pooling    : HHH10001005: Database info:
	Database JDBC URL [jdbc:sqlserver://localhost:1433;concatNullYieldsNull=ON;quotedIdentifier=ON;connectRetryInterval=10;connectRetryCount=1;maxResultBuffer=-1;sendTemporalDataTypesAsStringForBulkCopy=true;delayLoadingLobs=true;useFmtOnly=false;vectorTypeSupport=v1;cacheBulkCopyMetadata=false;bulkCopyForBatchInsertAllowEncryptedValueModifications=false;bulkCopyForBatchInsertTableLock=false;bulkCopyForBatchInsertKeepNulls=false;bulkCopyForBatchInsertKeepIdentity=false;bulkCopyForBatchInsertFireTriggers=false;bulkCopyForBatchInsertCheckConstraints=false;bulkCopyForBatchInsertBatchSize=0;useBulkCopyForBatchInsert=false;cancelQueryTimeout=-1;sslProtocol=TLS;calcBigDecimalPrecision=false;useDefaultJaasConfig=false;jaasConfigurationName=SQLJDBCDriver;statementPoolingCacheSize=0;serverPreparedStatementDiscardThreshold=10;enablePrepareOnFirstPreparedStatementCall=false;fips=false;socketTimeout=0;authentication=NotSpecified;authenticationScheme=nativeAuthentication;xopenStates=false;datetimeParameterType=datetime2;sendTimeAsDatetime=true;replication=false;trustStoreType=JKS;trustServerCertificate=true;TransparentNetworkIPResolution=true;iPAddressPreference=IPv4First;serverNameAsACE=false;sendStringParametersAsUnicode=true;selectMethod=direct;responseBuffering=adaptive;queryTimeout=-1;packetSize=8000;multiSubnetFailover=false;loginTimeout=30;lockTimeout=-1;lastUpdateCount=true;useDefaultGSSCredential=false;prepareMethod=prepexec;encrypt=true;disableStatementPooling=true;databaseName=FLearnDB;columnEncryptionSetting=Disabled;applicationName=Microsoft JDBC Driver for SQL Server;applicationIntent=readwrite;]
	Database driver: Microsoft JDBC Driver 13.2 for SQL Server
	Database dialect: SQLServerDialect
	Database version: 16.0
	Default catalog/schema: FLearnDB/dbo
	Autocommit mode: undefined/unknown
	Isolation level: READ_COMMITTED [default READ_COMMITTED]
	JDBC fetch size: 128
	Pool: DataSourceConnectionProvider
	Minimum pool size: undefined/unknown
	Maximum pool size: undefined/unknown
2026-06-10T20:58:23.752+07:00  WARN 21596 --- [FLearn_SpringBoot] [  restartedMain] org.hibernate.orm.deprecation            : HHH90000033: Encountered use of deprecated annotation [interface jakarta.persistence.Temporal] at flearn.entity.ClassMember.joinedAt.
2026-06-10T20:58:23.778+07:00  WARN 21596 --- [FLearn_SpringBoot] [  restartedMain] org.hibernate.orm.deprecation            : HHH90000033: Encountered use of deprecated annotation [interface jakarta.persistence.Temporal] at flearn.entity.Classroom.createdAt.
2026-06-10T20:58:23.783+07:00  WARN 21596 --- [FLearn_SpringBoot] [  restartedMain] org.hibernate.orm.deprecation            : HHH90000033: Encountered use of deprecated annotation [interface jakarta.persistence.Temporal] at flearn.entity.Classroom.updatedAt.
2026-06-10T20:58:23.823+07:00  WARN 21596 --- [FLearn_SpringBoot] [  restartedMain] org.hibernate.orm.deprecation            : HHH90000033: Encountered use of deprecated annotation [interface jakarta.persistence.Temporal] at flearn.entity.Enrollment.approvedAt.
2026-06-10T20:58:23.825+07:00  WARN 21596 --- [FLearn_SpringBoot] [  restartedMain] org.hibernate.orm.deprecation            : HHH90000033: Encountered use of deprecated annotation [interface jakarta.persistence.Temporal] at flearn.entity.Enrollment.rejectedAt.
2026-06-10T20:58:23.826+07:00  WARN 21596 --- [FLearn_SpringBoot] [  restartedMain] org.hibernate.orm.deprecation            : HHH90000033: Encountered use of deprecated annotation [interface jakarta.persistence.Temporal] at flearn.entity.Enrollment.removedAt.
2026-06-10T20:58:23.826+07:00  WARN 21596 --- [FLearn_SpringBoot] [  restartedMain] org.hibernate.orm.deprecation            : HHH90000033: Encountered use of deprecated annotation [interface jakarta.persistence.Temporal] at flearn.entity.Enrollment.requestedAt.
2026-06-10T20:58:23.845+07:00  WARN 21596 --- [FLearn_SpringBoot] [  restartedMain] org.hibernate.orm.deprecation            : HHH90000033: Encountered use of deprecated annotation [interface jakarta.persistence.Temporal] at flearn.entity.Lesson.createdAt.
2026-06-10T20:58:23.853+07:00  WARN 21596 --- [FLearn_SpringBoot] [  restartedMain] org.hibernate.orm.deprecation            : HHH90000033: Encountered use of deprecated annotation [interface jakarta.persistence.Temporal] at flearn.entity.LessonCompletion.completedAt.
2026-06-10T20:58:23.894+07:00  WARN 21596 --- [FLearn_SpringBoot] [  restartedMain] org.hibernate.orm.deprecation            : HHH90000033: Encountered use of deprecated annotation [interface jakarta.persistence.Temporal] at flearn.entity.QuizResult.completedAt.
2026-06-10T20:58:23.924+07:00  WARN 21596 --- [FLearn_SpringBoot] [  restartedMain] org.hibernate.orm.deprecation            : HHH90000033: Encountered use of deprecated annotation [interface jakarta.persistence.Temporal] at flearn.entity.User.createdAt.
2026-06-10T20:58:23.928+07:00  WARN 21596 --- [FLearn_SpringBoot] [  restartedMain] org.hibernate.orm.deprecation            : HHH90000033: Encountered use of deprecated annotation [interface jakarta.persistence.Temporal] at flearn.entity.User.resetTokenExpiry.
2026-06-10T20:58:23.934+07:00  WARN 21596 --- [FLearn_SpringBoot] [  restartedMain] org.hibernate.orm.deprecation            : HHH90000033: Encountered use of deprecated annotation [interface jakarta.persistence.Temporal] at flearn.entity.User.updatedAt.
2026-06-10T20:58:25.166+07:00  INFO 21596 --- [FLearn_SpringBoot] [  restartedMain] org.hibernate.orm.core                   : HHH000489: No JTA platform available (set 'hibernate.transaction.jta.platform' to enable JTA platform integration)
2026-06-10T20:58:27.615+07:00 DEBUG 21596 --- [FLearn_SpringBoot] [  restartedMain] org.hibernate.SQL                        : 
    alter table [Lessons] 
       alter column [Content] NVARCHAR(MAX)
Hibernate: 
    alter table [Lessons] 
       alter column [Content] NVARCHAR(MAX)
2026-06-10T20:58:27.650+07:00 DEBUG 21596 --- [FLearn_SpringBoot] [  restartedMain] org.hibernate.SQL                        : 
    alter table [Questions] 
       alter column [OptionA] NVARCHAR(500)
Hibernate: 
    alter table [Questions] 
       alter column [OptionA] NVARCHAR(500)
2026-06-10T20:58:27.660+07:00 DEBUG 21596 --- [FLearn_SpringBoot] [  restartedMain] org.hibernate.SQL                        : 
    alter table [Questions] 
       alter column [OptionB] NVARCHAR(500)
Hibernate: 
    alter table [Questions] 
       alter column [OptionB] NVARCHAR(500)
2026-06-10T20:58:27.669+07:00 DEBUG 21596 --- [FLearn_SpringBoot] [  restartedMain] org.hibernate.SQL                        : 
    alter table [Questions] 
       alter column [OptionC] NVARCHAR(500)
Hibernate: 
    alter table [Questions] 
       alter column [OptionC] NVARCHAR(500)
2026-06-10T20:58:27.678+07:00 DEBUG 21596 --- [FLearn_SpringBoot] [  restartedMain] org.hibernate.SQL                        : 
    alter table [Questions] 
       alter column [OptionD] NVARCHAR(500)
Hibernate: 
    alter table [Questions] 
       alter column [OptionD] NVARCHAR(500)
2026-06-10T20:58:27.696+07:00 DEBUG 21596 --- [FLearn_SpringBoot] [  restartedMain] org.hibernate.SQL                        : 
    alter table [Questions] 
       alter column [QuestionText] NVARCHAR(MAX)
Hibernate: 
    alter table [Questions] 
       alter column [QuestionText] NVARCHAR(MAX)
2026-06-10T20:58:27.730+07:00 DEBUG 21596 --- [FLearn_SpringBoot] [  restartedMain] org.hibernate.SQL                        : 
    alter table [Quizzes] 
       alter column [Title] NVARCHAR(200)
Hibernate: 
    alter table [Quizzes] 
       alter column [Title] NVARCHAR(200)
2026-06-10T20:58:31.327+07:00  INFO 21596 --- [FLearn_SpringBoot] [  restartedMain] j.LocalContainerEntityManagerFactoryBean : Initialized JPA EntityManagerFactory for persistence unit 'default'
2026-06-10T20:58:33.223+07:00  WARN 21596 --- [FLearn_SpringBoot] [  restartedMain] JpaBaseConfiguration$JpaWebConfiguration : spring.jpa.open-in-view is enabled by default. Therefore, database queries may be performed during view rendering. Explicitly configure spring.jpa.open-in-view to disable this warning
2026-06-10T20:58:33.348+07:00  INFO 21596 --- [FLearn_SpringBoot] [  restartedMain] r$InitializeUserDetailsManagerConfigurer : Global AuthenticationManager configured with UserDetailsService bean with name customUserDetailsService
2026-06-10T20:58:34.415+07:00  INFO 21596 --- [FLearn_SpringBoot] [  restartedMain] o.s.boot.tomcat.TomcatWebServer          : Tomcat started on port 8081 (http) with context path '/'
2026-06-10T20:58:34.508+07:00  INFO 21596 --- [FLearn_SpringBoot] [  restartedMain] flearn.FLearnSpringBootApplication       : Started FLearnSpringBootApplication in 15.429 seconds (process running for 577.352)
2026-06-10T20:58:34.715+07:00 DEBUG 21596 --- [FLearn_SpringBoot] [  restartedMain] org.hibernate.SQL                        : 
    select
        u1_0.[UserID],
        u1_0.[CreatedAt],
        u1_0.[Department],
        u1_0.[Email],
        u1_0.[FullName],
        u1_0.[IsActive],
        u1_0.[PasswordHash],
        u1_0.[Phone],
        u1_0.[ResetToken],
        u1_0.[ResetTokenExpiry],
        u1_0.[Role],
        u1_0.[Status],
        u1_0.[UpdatedAt],
        u1_0.[Username] 
    from
        [Users] u1_0 
    where
        u1_0.[Username]=?
Hibernate: 
    select
        u1_0.[UserID],
        u1_0.[CreatedAt],
        u1_0.[Department],
        u1_0.[Email],
        u1_0.[FullName],
        u1_0.[IsActive],
        u1_0.[PasswordHash],
        u1_0.[Phone],
        u1_0.[ResetToken],
        u1_0.[ResetTokenExpiry],
        u1_0.[Role],
        u1_0.[Status],
        u1_0.[UpdatedAt],
        u1_0.[Username] 
    from
        [Users] u1_0 
    where
        u1_0.[Username]=?
2026-06-10T20:58:34.716+07:00 TRACE 21596 --- [FLearn_SpringBoot] [  restartedMain] org.hibernate.orm.jdbc.bind              : binding parameter (1:VARCHAR) <- [admin]
2026-06-10T20:58:34.934+07:00 DEBUG 21596 --- [FLearn_SpringBoot] [  restartedMain] org.hibernate.SQL                        : 
    select
        u1_0.[UserID],
        u1_0.[CreatedAt],
        u1_0.[Department],
        u1_0.[Email],
        u1_0.[FullName],
        u1_0.[IsActive],
        u1_0.[PasswordHash],
        u1_0.[Phone],
        u1_0.[ResetToken],
        u1_0.[ResetTokenExpiry],
        u1_0.[Role],
        u1_0.[Status],
        u1_0.[UpdatedAt],
        u1_0.[Username] 
    from
        [Users] u1_0 
    where
        u1_0.[UserID]=?
Hibernate: 
    select
        u1_0.[UserID],
        u1_0.[CreatedAt],
        u1_0.[Department],
        u1_0.[Email],
        u1_0.[FullName],
        u1_0.[IsActive],
        u1_0.[PasswordHash],
        u1_0.[Phone],
        u1_0.[ResetToken],
        u1_0.[ResetTokenExpiry],
        u1_0.[Role],
        u1_0.[Status],
        u1_0.[UpdatedAt],
        u1_0.[Username] 
    from
        [Users] u1_0 
    where
        u1_0.[UserID]=?
2026-06-10T20:58:34.934+07:00 TRACE 21596 --- [FLearn_SpringBoot] [  restartedMain] org.hibernate.orm.jdbc.bind              : binding parameter (1:INTEGER) <- [4]
2026-06-10T20:58:34.946+07:00 DEBUG 21596 --- [FLearn_SpringBoot] [  restartedMain] org.hibernate.SQL                        : 
    update
        [Users] 
    set
        [Department]=?,
        [Email]=?,
        [FullName]=?,
        [IsActive]=?,
        [PasswordHash]=?,
        [Phone]=?,
        [ResetToken]=?,
        [ResetTokenExpiry]=?,
        [Role]=?,
        [Status]=?,
        [UpdatedAt]=?,
        [Username]=? 
    where
        [UserID]=?
Hibernate: 
    update
        [Users] 
    set
        [Department]=?,
        [Email]=?,
        [FullName]=?,
        [IsActive]=?,
        [PasswordHash]=?,
        [Phone]=?,
        [ResetToken]=?,
        [ResetTokenExpiry]=?,
        [Role]=?,
        [Status]=?,
        [UpdatedAt]=?,
        [Username]=? 
    where
        [UserID]=?
2026-06-10T20:58:34.947+07:00 TRACE 21596 --- [FLearn_SpringBoot] [  restartedMain] org.hibernate.orm.jdbc.bind              : binding parameter (1:VARCHAR) <- [null]
2026-06-10T20:58:34.947+07:00 TRACE 21596 --- [FLearn_SpringBoot] [  restartedMain] org.hibernate.orm.jdbc.bind              : binding parameter (2:VARCHAR) <- [admin@flearn.local]
2026-06-10T20:58:34.947+07:00 TRACE 21596 --- [FLearn_SpringBoot] [  restartedMain] org.hibernate.orm.jdbc.bind              : binding parameter (3:VARCHAR) <- [FLearn Administrator]
2026-06-10T20:58:34.947+07:00 TRACE 21596 --- [FLearn_SpringBoot] [  restartedMain] org.hibernate.orm.jdbc.bind              : binding parameter (4:BOOLEAN) <- [true]
2026-06-10T20:58:34.947+07:00 TRACE 21596 --- [FLearn_SpringBoot] [  restartedMain] org.hibernate.orm.jdbc.bind              : binding parameter (5:VARCHAR) <- [$2a$10$TyOxWZqh/keFp8sbbrTYX.5dTgoxXjK/TFBAytxteeOVM/w/lz9uG]
2026-06-10T20:58:34.947+07:00 TRACE 21596 --- [FLearn_SpringBoot] [  restartedMain] org.hibernate.orm.jdbc.bind              : binding parameter (6:VARCHAR) <- [null]
2026-06-10T20:58:34.947+07:00 TRACE 21596 --- [FLearn_SpringBoot] [  restartedMain] org.hibernate.orm.jdbc.bind              : binding parameter (7:VARCHAR) <- [null]
2026-06-10T20:58:34.947+07:00 TRACE 21596 --- [FLearn_SpringBoot] [  restartedMain] org.hibernate.orm.jdbc.bind              : binding parameter (8:TIMESTAMP) <- [null]
2026-06-10T20:58:34.947+07:00 TRACE 21596 --- [FLearn_SpringBoot] [  restartedMain] org.hibernate.orm.jdbc.bind              : binding parameter (9:INTEGER) <- [0]
2026-06-10T20:58:34.947+07:00 TRACE 21596 --- [FLearn_SpringBoot] [  restartedMain] org.hibernate.orm.jdbc.bind              : binding parameter (10:VARCHAR) <- [ACTIVE]
2026-06-10T20:58:34.949+07:00 TRACE 21596 --- [FLearn_SpringBoot] [  restartedMain] org.hibernate.orm.jdbc.bind              : binding parameter (11:TIMESTAMP) <- [Wed Jun 10 20:58:34 ICT 2026]
2026-06-10T20:58:34.949+07:00 TRACE 21596 --- [FLearn_SpringBoot] [  restartedMain] org.hibernate.orm.jdbc.bind              : binding parameter (12:VARCHAR) <- [admin]
2026-06-10T20:58:34.949+07:00 TRACE 21596 --- [FLearn_SpringBoot] [  restartedMain] org.hibernate.orm.jdbc.bind              : binding parameter (13:INTEGER) <- [4]
2026-06-10T20:58:35.068+07:00  WARN 21596 --- [FLearn_SpringBoot] [  restartedMain] f.configuration.ApplicationInitConfig    : Admin user refreshed with username 'admin' and password 'admin'. Please change the password immediately after logging in.
2026-06-10T20:58:35.070+07:00  INFO 21596 --- [FLearn_SpringBoot] [  restartedMain] .ConditionEvaluationDeltaLoggingListener : Condition evaluation unchanged
2026-06-10T21:16:08.690+07:00  INFO 21596 --- [FLearn_SpringBoot] [nio-8081-exec-1] o.a.c.c.C.[Tomcat-1].[localhost].[/]     : Initializing Spring DispatcherServlet 'dispatcherServlet'
2026-06-10T21:16:08.695+07:00  INFO 21596 --- [FLearn_SpringBoot] [nio-8081-exec-1] o.s.web.servlet.DispatcherServlet        : Initializing Servlet 'dispatcherServlet'
2026-06-10T21:16:08.765+07:00  INFO 21596 --- [FLearn_SpringBoot] [nio-8081-exec-1] o.s.web.servlet.DispatcherServlet        : Completed initialization in 70 ms
2026-06-10T21:16:08.920+07:00 DEBUG 21596 --- [FLearn_SpringBoot] [nio-8081-exec-1] org.hibernate.SQL                        : 
    select
        ss1_0.[SettingID],
        ss1_0.[SettingKey],
        ss1_0.[SettingValue] 
    from
        [SystemSettings] ss1_0 
    where
        ss1_0.[SettingKey]=?
Hibernate: 
    select
        ss1_0.[SettingID],
        ss1_0.[SettingKey],
        ss1_0.[SettingValue] 
    from
        [SystemSettings] ss1_0 
    where
        ss1_0.[SettingKey]=?
2026-06-10T21:16:08.923+07:00 TRACE 21596 --- [FLearn_SpringBoot] [nio-8081-exec-1] org.hibernate.orm.jdbc.bind              : binding parameter (1:VARCHAR) <- [MAINTENANCE_MODE]
2026-06-10T21:16:09.425+07:00 DEBUG 21596 --- [FLearn_SpringBoot] [nio-8081-exec-2] org.hibernate.SQL                        : 
    select
        ss1_0.[SettingID],
        ss1_0.[SettingKey],
        ss1_0.[SettingValue] 
    from
        [SystemSettings] ss1_0 
    where
        ss1_0.[SettingKey]=?
Hibernate: 
    select
        ss1_0.[SettingID],
        ss1_0.[SettingKey],
        ss1_0.[SettingValue] 
    from
        [SystemSettings] ss1_0 
    where
        ss1_0.[SettingKey]=?
2026-06-10T21:16:09.425+07:00 TRACE 21596 --- [FLearn_SpringBoot] [nio-8081-exec-2] org.hibernate.orm.jdbc.bind              : binding parameter (1:VARCHAR) <- [MAINTENANCE_MODE]
2026-06-10T21:16:09.699+07:00 DEBUG 21596 --- [FLearn_SpringBoot] [nio-8081-exec-3] org.hibernate.SQL                        : 
    select
        ss1_0.[SettingID],
        ss1_0.[SettingKey],
        ss1_0.[SettingValue] 
    from
        [SystemSettings] ss1_0 
    where
        ss1_0.[SettingKey]=?
Hibernate: 
    select
        ss1_0.[SettingID],
        ss1_0.[SettingKey],
        ss1_0.[SettingValue] 
    from
        [SystemSettings] ss1_0 
    where
        ss1_0.[SettingKey]=?
2026-06-10T21:16:09.700+07:00 TRACE 21596 --- [FLearn_SpringBoot] [nio-8081-exec-3] org.hibernate.orm.jdbc.bind              : binding parameter (1:VARCHAR) <- [MAINTENANCE_MODE]
2026-06-10T21:16:09.783+07:00 DEBUG 21596 --- [FLearn_SpringBoot] [nio-8081-exec-4] org.hibernate.SQL                        : 
    select
        ss1_0.[SettingID],
        ss1_0.[SettingKey],
        ss1_0.[SettingValue] 
    from
        [SystemSettings] ss1_0 
    where
        ss1_0.[SettingKey]=?
Hibernate: 
    select
        ss1_0.[SettingID],
        ss1_0.[SettingKey],
        ss1_0.[SettingValue] 
    from
        [SystemSettings] ss1_0 
    where
        ss1_0.[SettingKey]=?
2026-06-10T21:16:09.784+07:00 TRACE 21596 --- [FLearn_SpringBoot] [nio-8081-exec-4] org.hibernate.orm.jdbc.bind              : binding parameter (1:VARCHAR) <- [MAINTENANCE_MODE]
2026-06-10T21:16:10.049+07:00 DEBUG 21596 --- [FLearn_SpringBoot] [nio-8081-exec-5] org.hibernate.SQL                        : 
    select
        ss1_0.[SettingID],
        ss1_0.[SettingKey],
        ss1_0.[SettingValue] 
    from
        [SystemSettings] ss1_0 
    where
        ss1_0.[SettingKey]=?
Hibernate: 
    select
        ss1_0.[SettingID],
        ss1_0.[SettingKey],
        ss1_0.[SettingValue] 
    from
        [SystemSettings] ss1_0 
    where
        ss1_0.[SettingKey]=?
2026-06-10T21:16:10.050+07:00 TRACE 21596 --- [FLearn_SpringBoot] [nio-8081-exec-5] org.hibernate.orm.jdbc.bind              : binding parameter (1:VARCHAR) <- [MAINTENANCE_MODE]
2026-06-10T21:16:33.070+07:00 DEBUG 21596 --- [FLearn_SpringBoot] [nio-8081-exec-7] org.hibernate.SQL                        : 
    select
        ss1_0.[SettingID],
        ss1_0.[SettingKey],
        ss1_0.[SettingValue] 
    from
        [SystemSettings] ss1_0 
    where
        ss1_0.[SettingKey]=?
Hibernate: 
    select
        ss1_0.[SettingID],
        ss1_0.[SettingKey],
        ss1_0.[SettingValue] 
    from
        [SystemSettings] ss1_0 
    where
        ss1_0.[SettingKey]=?
2026-06-10T21:16:33.071+07:00 TRACE 21596 --- [FLearn_SpringBoot] [nio-8081-exec-7] org.hibernate.orm.jdbc.bind              : binding parameter (1:VARCHAR) <- [MAINTENANCE_MODE]
2026-06-10T21:16:33.334+07:00 DEBUG 21596 --- [FLearn_SpringBoot] [nio-8081-exec-8] org.hibernate.SQL                        : 
    select
        u1_0.[UserID],
        u1_0.[CreatedAt],
        u1_0.[Department],
        u1_0.[Email],
        u1_0.[FullName],
        u1_0.[IsActive],
        u1_0.[PasswordHash],
        u1_0.[Phone],
        u1_0.[ResetToken],
        u1_0.[ResetTokenExpiry],
        u1_0.[Role],
        u1_0.[Status],
        u1_0.[UpdatedAt],
        u1_0.[Username] 
    from
        [Users] u1_0 
    where
        u1_0.[Username]=?
Hibernate: 
    select
        u1_0.[UserID],
        u1_0.[CreatedAt],
        u1_0.[Department],
        u1_0.[Email],
        u1_0.[FullName],
        u1_0.[IsActive],
        u1_0.[PasswordHash],
        u1_0.[Phone],
        u1_0.[ResetToken],
        u1_0.[ResetTokenExpiry],
        u1_0.[Role],
        u1_0.[Status],
        u1_0.[UpdatedAt],
        u1_0.[Username] 
    from
        [Users] u1_0 
    where
        u1_0.[Username]=?
2026-06-10T21:16:33.340+07:00 TRACE 21596 --- [FLearn_SpringBoot] [nio-8081-exec-8] org.hibernate.orm.jdbc.bind              : binding parameter (1:VARCHAR) <- [admin]
2026-06-10T21:16:33.526+07:00 DEBUG 21596 --- [FLearn_SpringBoot] [nio-8081-exec-8] org.hibernate.SQL                        : 
    select
        ss1_0.[SettingID],
        ss1_0.[SettingKey],
        ss1_0.[SettingValue] 
    from
        [SystemSettings] ss1_0 
    where
        ss1_0.[SettingKey]=?
Hibernate: 
    select
        ss1_0.[SettingID],
        ss1_0.[SettingKey],
        ss1_0.[SettingValue] 
    from
        [SystemSettings] ss1_0 
    where
        ss1_0.[SettingKey]=?
2026-06-10T21:16:33.527+07:00 TRACE 21596 --- [FLearn_SpringBoot] [nio-8081-exec-8] org.hibernate.orm.jdbc.bind              : binding parameter (1:VARCHAR) <- [MAINTENANCE_MODE]
2026-06-10T21:16:33.687+07:00 DEBUG 21596 --- [FLearn_SpringBoot] [nio-8081-exec-8] org.hibernate.SQL                        : 
    select
        ss1_0.[SettingID],
        ss1_0.[SettingKey],
        ss1_0.[SettingValue] 
    from
        [SystemSettings] ss1_0 
    where
        ss1_0.[SettingKey]=?
Hibernate: 
    select
        ss1_0.[SettingID],
        ss1_0.[SettingKey],
        ss1_0.[SettingValue] 
    from
        [SystemSettings] ss1_0 
    where
        ss1_0.[SettingKey]=?
2026-06-10T21:16:33.687+07:00 TRACE 21596 --- [FLearn_SpringBoot] [nio-8081-exec-8] org.hibernate.orm.jdbc.bind              : binding parameter (1:VARCHAR) <- [MAINTENANCE_MODE]
2026-06-10T21:16:33.961+07:00 DEBUG 21596 --- [FLearn_SpringBoot] [nio-8081-exec-8] org.hibernate.SQL                        : 
    select
        count_big(*) 
    from
        [Users] u1_0
Hibernate: 
    select
        count_big(*) 
    from
        [Users] u1_0
2026-06-10T21:16:33.988+07:00 DEBUG 21596 --- [FLearn_SpringBoot] [nio-8081-exec-8] org.hibernate.SQL                        : 
    select
        count_big(u1_0.[UserID]) 
    from
        [Users] u1_0 
    where
        u1_0.[Role]=?
Hibernate: 
    select
        count_big(u1_0.[UserID]) 
    from
        [Users] u1_0 
    where
        u1_0.[Role]=?
2026-06-10T21:16:33.989+07:00 TRACE 21596 --- [FLearn_SpringBoot] [nio-8081-exec-8] org.hibernate.orm.jdbc.bind              : binding parameter (1:INTEGER) <- [2]
2026-06-10T21:16:33.996+07:00 DEBUG 21596 --- [FLearn_SpringBoot] [nio-8081-exec-8] org.hibernate.SQL                        : 
    select
        count_big(u1_0.[UserID]) 
    from
        [Users] u1_0 
    where
        u1_0.[Role]=?
Hibernate: 
    select
        count_big(u1_0.[UserID]) 
    from
        [Users] u1_0 
    where
        u1_0.[Role]=?
2026-06-10T21:16:33.996+07:00 TRACE 21596 --- [FLearn_SpringBoot] [nio-8081-exec-8] org.hibernate.orm.jdbc.bind              : binding parameter (1:INTEGER) <- [1]
2026-06-10T21:16:34.004+07:00 DEBUG 21596 --- [FLearn_SpringBoot] [nio-8081-exec-8] org.hibernate.SQL                        : 
    select
        count_big(*) 
    from
        [Classes] c1_0
Hibernate: 
    select
        count_big(*) 
    from
        [Classes] c1_0
2026-06-10T21:16:34.015+07:00 DEBUG 21596 --- [FLearn_SpringBoot] [nio-8081-exec-8] org.hibernate.SQL                        : 
    select
        count_big(c1_0.[ClassID]) 
    from
        [Classes] c1_0 
    where
        c1_0.[Status]=?
Hibernate: 
    select
        count_big(c1_0.[ClassID]) 
    from
        [Classes] c1_0 
    where
        c1_0.[Status]=?
2026-06-10T21:16:34.016+07:00 TRACE 21596 --- [FLearn_SpringBoot] [nio-8081-exec-8] org.hibernate.orm.jdbc.bind              : binding parameter (1:VARCHAR) <- [ACTIVE]
2026-06-10T21:16:34.043+07:00 DEBUG 21596 --- [FLearn_SpringBoot] [nio-8081-exec-8] org.hibernate.SQL                        : 
    select
        count_big(u1_0.[UserID]) 
    from
        [Users] u1_0 
    where
        u1_0.[Role]=? 
        and u1_0.[Status]=?
Hibernate: 
    select
        count_big(u1_0.[UserID]) 
    from
        [Users] u1_0 
    where
        u1_0.[Role]=? 
        and u1_0.[Status]=?
2026-06-10T21:16:34.044+07:00 TRACE 21596 --- [FLearn_SpringBoot] [nio-8081-exec-8] org.hibernate.orm.jdbc.bind              : binding parameter (1:INTEGER) <- [1]
2026-06-10T21:16:34.044+07:00 TRACE 21596 --- [FLearn_SpringBoot] [nio-8081-exec-8] org.hibernate.orm.jdbc.bind              : binding parameter (2:VARCHAR) <- [BLOCKED]
2026-06-10T21:16:34.119+07:00 DEBUG 21596 --- [FLearn_SpringBoot] [nio-8081-exec-8] org.hibernate.SQL                        : 
    select
        c1_0.[ClassID],
        c1_0.[ClassName],
        c1_0.[CreatedAt],
        c1_0.[Description],
        c1_0.[EndDate],
        c1_0.[InviteCode],
        c1_0.[IsActive],
        c1_0.[StartDate],
        c1_0.[Status],
        c1_0.[TeacherID],
        c1_0.[UpdatedAt] 
    from
        [Classes] c1_0
Hibernate: 
    select
        c1_0.[ClassID],
        c1_0.[ClassName],
        c1_0.[CreatedAt],
        c1_0.[Description],
        c1_0.[EndDate],
        c1_0.[InviteCode],
        c1_0.[IsActive],
        c1_0.[StartDate],
        c1_0.[Status],
        c1_0.[TeacherID],
        c1_0.[UpdatedAt] 
    from
        [Classes] c1_0
2026-06-10T21:16:34.145+07:00 DEBUG 21596 --- [FLearn_SpringBoot] [nio-8081-exec-8] org.hibernate.SQL                        : 
    select
        u1_0.[UserID],
        u1_0.[CreatedAt],
        u1_0.[Department],
        u1_0.[Email],
        u1_0.[FullName],
        u1_0.[IsActive],
        u1_0.[PasswordHash],
        u1_0.[Phone],
        u1_0.[ResetToken],
        u1_0.[ResetTokenExpiry],
        u1_0.[Role],
        u1_0.[Status],
        u1_0.[UpdatedAt],
        u1_0.[Username] 
    from
        [Users] u1_0 
    where
        u1_0.[UserID]=?
Hibernate: 
    select
        u1_0.[UserID],
        u1_0.[CreatedAt],
        u1_0.[Department],
        u1_0.[Email],
        u1_0.[FullName],
        u1_0.[IsActive],
        u1_0.[PasswordHash],
        u1_0.[Phone],
        u1_0.[ResetToken],
        u1_0.[ResetTokenExpiry],
        u1_0.[Role],
        u1_0.[Status],
        u1_0.[UpdatedAt],
        u1_0.[Username] 
    from
        [Users] u1_0 
    where
        u1_0.[UserID]=?
2026-06-10T21:16:34.149+07:00 TRACE 21596 --- [FLearn_SpringBoot] [nio-8081-exec-8] org.hibernate.orm.jdbc.bind              : binding parameter (1:INTEGER) <- [5]
2026-06-10T21:16:34.220+07:00 DEBUG 21596 --- [FLearn_SpringBoot] [nio-8081-exec-8] org.hibernate.SQL                        : 
    select
        u1_0.[UserID],
        u1_0.[CreatedAt],
        u1_0.[Department],
        u1_0.[Email],
        u1_0.[FullName],
        u1_0.[IsActive],
        u1_0.[PasswordHash],
        u1_0.[Phone],
        u1_0.[ResetToken],
        u1_0.[ResetTokenExpiry],
        u1_0.[Role],
        u1_0.[Status],
        u1_0.[UpdatedAt],
        u1_0.[Username] 
    from
        [Users] u1_0 
    where
        u1_0.[Role]=?
Hibernate: 
    select
        u1_0.[UserID],
        u1_0.[CreatedAt],
        u1_0.[Department],
        u1_0.[Email],
        u1_0.[FullName],
        u1_0.[IsActive],
        u1_0.[PasswordHash],
        u1_0.[Phone],
        u1_0.[ResetToken],
        u1_0.[ResetTokenExpiry],
        u1_0.[Role],
        u1_0.[Status],
        u1_0.[UpdatedAt],
        u1_0.[Username] 
    from
        [Users] u1_0 
    where
        u1_0.[Role]=?
2026-06-10T21:16:34.224+07:00 TRACE 21596 --- [FLearn_SpringBoot] [nio-8081-exec-8] org.hibernate.orm.jdbc.bind              : binding parameter (1:INTEGER) <- [1]
2026-06-10T21:16:34.351+07:00 DEBUG 21596 --- [FLearn_SpringBoot] [nio-8081-exec-9] org.hibernate.SQL                        : 
    select
        ss1_0.[SettingID],
        ss1_0.[SettingKey],
        ss1_0.[SettingValue] 
    from
        [SystemSettings] ss1_0 
    where
        ss1_0.[SettingKey]=?
Hibernate: 
    select
        ss1_0.[SettingID],
        ss1_0.[SettingKey],
        ss1_0.[SettingValue] 
    from
        [SystemSettings] ss1_0 
    where
        ss1_0.[SettingKey]=?
2026-06-10T21:16:34.352+07:00 TRACE 21596 --- [FLearn_SpringBoot] [nio-8081-exec-9] org.hibernate.orm.jdbc.bind              : binding parameter (1:VARCHAR) <- [MAINTENANCE_MODE]
2026-06-10T21:16:34.368+07:00 DEBUG 21596 --- [FLearn_SpringBoot] [nio-8081-exec-9] org.hibernate.SQL                        : 
    select
        count_big(*) 
    from
        [Users] u1_0
Hibernate: 
    select
        count_big(*) 
    from
        [Users] u1_0
2026-06-10T21:16:34.372+07:00 DEBUG 21596 --- [FLearn_SpringBoot] [nio-8081-exec-9] org.hibernate.SQL                        : 
    select
        count_big(u1_0.[UserID]) 
    from
        [Users] u1_0 
    where
        u1_0.[Role]=?
Hibernate: 
    select
        count_big(u1_0.[UserID]) 
    from
        [Users] u1_0 
    where
        u1_0.[Role]=?
2026-06-10T21:16:34.374+07:00 TRACE 21596 --- [FLearn_SpringBoot] [nio-8081-exec-9] org.hibernate.orm.jdbc.bind              : binding parameter (1:INTEGER) <- [2]
2026-06-10T21:16:34.380+07:00 DEBUG 21596 --- [FLearn_SpringBoot] [nio-8081-exec-9] org.hibernate.SQL                        : 
    select
        count_big(u1_0.[UserID]) 
    from
        [Users] u1_0 
    where
        u1_0.[Role]=?
Hibernate: 
    select
        count_big(u1_0.[UserID]) 
    from
        [Users] u1_0 
    where
        u1_0.[Role]=?
2026-06-10T21:16:34.381+07:00 TRACE 21596 --- [FLearn_SpringBoot] [nio-8081-exec-9] org.hibernate.orm.jdbc.bind              : binding parameter (1:INTEGER) <- [1]
2026-06-10T21:16:34.385+07:00 DEBUG 21596 --- [FLearn_SpringBoot] [nio-8081-exec-9] org.hibernate.SQL                        : 
    select
        count_big(*) 
    from
        [Classes] c1_0
Hibernate: 
    select
        count_big(*) 
    from
        [Classes] c1_0
2026-06-10T21:16:34.390+07:00 DEBUG 21596 --- [FLearn_SpringBoot] [nio-8081-exec-9] org.hibernate.SQL                        : 
    select
        count_big(c1_0.[ClassID]) 
    from
        [Classes] c1_0 
    where
        c1_0.[Status]=?
Hibernate: 
    select
        count_big(c1_0.[ClassID]) 
    from
        [Classes] c1_0 
    where
        c1_0.[Status]=?
2026-06-10T21:16:34.391+07:00 TRACE 21596 --- [FLearn_SpringBoot] [nio-8081-exec-9] org.hibernate.orm.jdbc.bind              : binding parameter (1:VARCHAR) <- [ACTIVE]
2026-06-10T21:16:34.396+07:00 DEBUG 21596 --- [FLearn_SpringBoot] [nio-8081-exec-9] org.hibernate.SQL                        : 
    select
        count_big(u1_0.[UserID]) 
    from
        [Users] u1_0 
    where
        u1_0.[Role]=? 
        and u1_0.[Status]=?
Hibernate: 
    select
        count_big(u1_0.[UserID]) 
    from
        [Users] u1_0 
    where
        u1_0.[Role]=? 
        and u1_0.[Status]=?
2026-06-10T21:16:34.396+07:00 TRACE 21596 --- [FLearn_SpringBoot] [nio-8081-exec-9] org.hibernate.orm.jdbc.bind              : binding parameter (1:INTEGER) <- [1]
2026-06-10T21:16:34.396+07:00 TRACE 21596 --- [FLearn_SpringBoot] [nio-8081-exec-9] org.hibernate.orm.jdbc.bind              : binding parameter (2:VARCHAR) <- [BLOCKED]
2026-06-10T21:16:34.408+07:00 DEBUG 21596 --- [FLearn_SpringBoot] [nio-8081-exec-9] org.hibernate.SQL                        : 
    select
        c1_0.[ClassID],
        c1_0.[ClassName],
        c1_0.[CreatedAt],
        c1_0.[Description],
        c1_0.[EndDate],
        c1_0.[InviteCode],
        c1_0.[IsActive],
        c1_0.[StartDate],
        c1_0.[Status],
        c1_0.[TeacherID],
        c1_0.[UpdatedAt] 
    from
        [Classes] c1_0
Hibernate: 
    select
        c1_0.[ClassID],
        c1_0.[ClassName],
        c1_0.[CreatedAt],
        c1_0.[Description],
        c1_0.[EndDate],
        c1_0.[InviteCode],
        c1_0.[IsActive],
        c1_0.[StartDate],
        c1_0.[Status],
        c1_0.[TeacherID],
        c1_0.[UpdatedAt] 
    from
        [Classes] c1_0
2026-06-10T21:16:34.413+07:00 DEBUG 21596 --- [FLearn_SpringBoot] [nio-8081-exec-9] org.hibernate.SQL                        : 
    select
        u1_0.[UserID],
        u1_0.[CreatedAt],
        u1_0.[Department],
        u1_0.[Email],
        u1_0.[FullName],
        u1_0.[IsActive],
        u1_0.[PasswordHash],
        u1_0.[Phone],
        u1_0.[ResetToken],
        u1_0.[ResetTokenExpiry],
        u1_0.[Role],
        u1_0.[Status],
        u1_0.[UpdatedAt],
        u1_0.[Username] 
    from
        [Users] u1_0 
    where
        u1_0.[UserID]=?
Hibernate: 
    select
        u1_0.[UserID],
        u1_0.[CreatedAt],
        u1_0.[Department],
        u1_0.[Email],
        u1_0.[FullName],
        u1_0.[IsActive],
        u1_0.[PasswordHash],
        u1_0.[Phone],
        u1_0.[ResetToken],
        u1_0.[ResetTokenExpiry],
        u1_0.[Role],
        u1_0.[Status],
        u1_0.[UpdatedAt],
        u1_0.[Username] 
    from
        [Users] u1_0 
    where
        u1_0.[UserID]=?
2026-06-10T21:16:34.414+07:00 TRACE 21596 --- [FLearn_SpringBoot] [nio-8081-exec-9] org.hibernate.orm.jdbc.bind              : binding parameter (1:INTEGER) <- [5]
2026-06-10T21:16:34.426+07:00 DEBUG 21596 --- [FLearn_SpringBoot] [nio-8081-exec-9] org.hibernate.SQL                        : 
    select
        u1_0.[UserID],
        u1_0.[CreatedAt],
        u1_0.[Department],
        u1_0.[Email],
        u1_0.[FullName],
        u1_0.[IsActive],
        u1_0.[PasswordHash],
        u1_0.[Phone],
        u1_0.[ResetToken],
        u1_0.[ResetTokenExpiry],
        u1_0.[Role],
        u1_0.[Status],
        u1_0.[UpdatedAt],
        u1_0.[Username] 
    from
        [Users] u1_0 
    where
        u1_0.[Role]=?
Hibernate: 
    select
        u1_0.[UserID],
        u1_0.[CreatedAt],
        u1_0.[Department],
        u1_0.[Email],
        u1_0.[FullName],
        u1_0.[IsActive],
        u1_0.[PasswordHash],
        u1_0.[Phone],
        u1_0.[ResetToken],
        u1_0.[ResetTokenExpiry],
        u1_0.[Role],
        u1_0.[Status],
        u1_0.[UpdatedAt],
        u1_0.[Username] 
    from
        [Users] u1_0 
    where
        u1_0.[Role]=?
2026-06-10T21:16:34.426+07:00 TRACE 21596 --- [FLearn_SpringBoot] [nio-8081-exec-9] org.hibernate.orm.jdbc.bind              : binding parameter (1:INTEGER) <- [1]
2026-06-10T21:16:34.511+07:00 DEBUG 21596 --- [FLearn_SpringBoot] [io-8081-exec-10] org.hibernate.SQL                        : 
    select
        ss1_0.[SettingID],
        ss1_0.[SettingKey],
        ss1_0.[SettingValue] 
    from
        [SystemSettings] ss1_0 
    where
        ss1_0.[SettingKey]=?
Hibernate: 
    select
        ss1_0.[SettingID],
        ss1_0.[SettingKey],
        ss1_0.[SettingValue] 
    from
        [SystemSettings] ss1_0 
    where
        ss1_0.[SettingKey]=?
2026-06-10T21:16:34.511+07:00 TRACE 21596 --- [FLearn_SpringBoot] [io-8081-exec-10] org.hibernate.orm.jdbc.bind              : binding parameter (1:VARCHAR) <- [MAINTENANCE_MODE]
2026-06-10T21:16:34.524+07:00 DEBUG 21596 --- [FLearn_SpringBoot] [io-8081-exec-10] org.hibernate.SQL                        : 
    select
        u1_0.[UserID],
        u1_0.[CreatedAt],
        u1_0.[Department],
        u1_0.[Email],
        u1_0.[FullName],
        u1_0.[IsActive],
        u1_0.[PasswordHash],
        u1_0.[Phone],
        u1_0.[ResetToken],
        u1_0.[ResetTokenExpiry],
        u1_0.[Role],
        u1_0.[Status],
        u1_0.[UpdatedAt],
        u1_0.[Username] 
    from
        [Users] u1_0 
    where
        u1_0.[Role]=?
Hibernate: 
    select
        u1_0.[UserID],
        u1_0.[CreatedAt],
        u1_0.[Department],
        u1_0.[Email],
        u1_0.[FullName],
        u1_0.[IsActive],
        u1_0.[PasswordHash],
        u1_0.[Phone],
        u1_0.[ResetToken],
        u1_0.[ResetTokenExpiry],
        u1_0.[Role],
        u1_0.[Status],
        u1_0.[UpdatedAt],
        u1_0.[Username] 
    from
        [Users] u1_0 
    where
        u1_0.[Role]=?
2026-06-10T21:16:34.525+07:00 TRACE 21596 --- [FLearn_SpringBoot] [io-8081-exec-10] org.hibernate.orm.jdbc.bind              : binding parameter (1:INTEGER) <- [1]
2026-06-10T21:16:34.585+07:00 DEBUG 21596 --- [FLearn_SpringBoot] [nio-8081-exec-1] org.hibernate.SQL                        : 
    select
        ss1_0.[SettingID],
        ss1_0.[SettingKey],
        ss1_0.[SettingValue] 
    from
        [SystemSettings] ss1_0 
    where
        ss1_0.[SettingKey]=?
Hibernate: 
    select
        ss1_0.[SettingID],
        ss1_0.[SettingKey],
        ss1_0.[SettingValue] 
    from
        [SystemSettings] ss1_0 
    where
        ss1_0.[SettingKey]=?
2026-06-10T21:16:34.588+07:00 TRACE 21596 --- [FLearn_SpringBoot] [nio-8081-exec-1] org.hibernate.orm.jdbc.bind              : binding parameter (1:VARCHAR) <- [MAINTENANCE_MODE]
2026-06-10T21:16:34.601+07:00 DEBUG 21596 --- [FLearn_SpringBoot] [nio-8081-exec-1] org.hibernate.SQL                        : 
    select
        u1_0.[UserID],
        u1_0.[CreatedAt],
        u1_0.[Department],
        u1_0.[Email],
        u1_0.[FullName],
        u1_0.[IsActive],
        u1_0.[PasswordHash],
        u1_0.[Phone],
        u1_0.[ResetToken],
        u1_0.[ResetTokenExpiry],
        u1_0.[Role],
        u1_0.[Status],
        u1_0.[UpdatedAt],
        u1_0.[Username] 
    from
        [Users] u1_0 
    where
        u1_0.[Role]=?
Hibernate: 
    select
        u1_0.[UserID],
        u1_0.[CreatedAt],
        u1_0.[Department],
        u1_0.[Email],
        u1_0.[FullName],
        u1_0.[IsActive],
        u1_0.[PasswordHash],
        u1_0.[Phone],
        u1_0.[ResetToken],
        u1_0.[ResetTokenExpiry],
        u1_0.[Role],
        u1_0.[Status],
        u1_0.[UpdatedAt],
        u1_0.[Username] 
    from
        [Users] u1_0 
    where
        u1_0.[Role]=?
2026-06-10T21:16:34.602+07:00 TRACE 21596 --- [FLearn_SpringBoot] [nio-8081-exec-1] org.hibernate.orm.jdbc.bind              : binding parameter (1:INTEGER) <- [2]
2026-06-10T21:16:34.752+07:00 DEBUG 21596 --- [FLearn_SpringBoot] [nio-8081-exec-2] org.hibernate.SQL                        : 
    select
        ss1_0.[SettingID],
        ss1_0.[SettingKey],
        ss1_0.[SettingValue] 
    from
        [SystemSettings] ss1_0 
    where
        ss1_0.[SettingKey]=?
Hibernate: 
    select
        ss1_0.[SettingID],
        ss1_0.[SettingKey],
        ss1_0.[SettingValue] 
    from
        [SystemSettings] ss1_0 
    where
        ss1_0.[SettingKey]=?
2026-06-10T21:16:34.755+07:00 TRACE 21596 --- [FLearn_SpringBoot] [nio-8081-exec-2] org.hibernate.orm.jdbc.bind              : binding parameter (1:VARCHAR) <- [MAINTENANCE_MODE]
2026-06-10T21:16:34.783+07:00 DEBUG 21596 --- [FLearn_SpringBoot] [nio-8081-exec-2] org.hibernate.SQL                        : 
    select
        ss1_0.[SettingID],
        ss1_0.[SettingKey],
        ss1_0.[SettingValue] 
    from
        [SystemSettings] ss1_0 
    where
        ss1_0.[SettingKey]=?
Hibernate: 
    select
        ss1_0.[SettingID],
        ss1_0.[SettingKey],
        ss1_0.[SettingValue] 
    from
        [SystemSettings] ss1_0 
    where
        ss1_0.[SettingKey]=?
2026-06-10T21:16:34.784+07:00 TRACE 21596 --- [FLearn_SpringBoot] [nio-8081-exec-2] org.hibernate.orm.jdbc.bind              : binding parameter (1:VARCHAR) <- [MAINTENANCE_MODE]
2026-06-10T21:16:34.825+07:00 DEBUG 21596 --- [FLearn_SpringBoot] [nio-8081-exec-3] org.hibernate.SQL                        : 
    select
        ss1_0.[SettingID],
        ss1_0.[SettingKey],
        ss1_0.[SettingValue] 
    from
        [SystemSettings] ss1_0 
    where
        ss1_0.[SettingKey]=?
Hibernate: 
    select
        ss1_0.[SettingID],
        ss1_0.[SettingKey],
        ss1_0.[SettingValue] 
    from
        [SystemSettings] ss1_0 
    where
        ss1_0.[SettingKey]=?
2026-06-10T21:16:34.825+07:00 TRACE 21596 --- [FLearn_SpringBoot] [nio-8081-exec-3] org.hibernate.orm.jdbc.bind              : binding parameter (1:VARCHAR) <- [MAINTENANCE_MODE]
2026-06-10T21:16:34.840+07:00 DEBUG 21596 --- [FLearn_SpringBoot] [nio-8081-exec-3] org.hibernate.SQL                        : 
    select
        count_big(*) 
    from
        [Users] u1_0
Hibernate: 
    select
        count_big(*) 
    from
        [Users] u1_0
2026-06-10T21:16:34.861+07:00 DEBUG 21596 --- [FLearn_SpringBoot] [nio-8081-exec-3] org.hibernate.SQL                        : 
    select
        count_big(u1_0.[UserID]) 
    from
        [Users] u1_0 
    where
        u1_0.[Role]=?
Hibernate: 
    select
        count_big(u1_0.[UserID]) 
    from
        [Users] u1_0 
    where
        u1_0.[Role]=?
2026-06-10T21:16:34.862+07:00 TRACE 21596 --- [FLearn_SpringBoot] [nio-8081-exec-3] org.hibernate.orm.jdbc.bind              : binding parameter (1:INTEGER) <- [2]
2026-06-10T21:16:34.887+07:00 DEBUG 21596 --- [FLearn_SpringBoot] [nio-8081-exec-3] org.hibernate.SQL                        : 
    select
        count_big(u1_0.[UserID]) 
    from
        [Users] u1_0 
    where
        u1_0.[Role]=?
Hibernate: 
    select
        count_big(u1_0.[UserID]) 
    from
        [Users] u1_0 
    where
        u1_0.[Role]=?
2026-06-10T21:16:34.887+07:00 TRACE 21596 --- [FLearn_SpringBoot] [nio-8081-exec-3] org.hibernate.orm.jdbc.bind              : binding parameter (1:INTEGER) <- [1]
2026-06-10T21:16:34.896+07:00 DEBUG 21596 --- [FLearn_SpringBoot] [nio-8081-exec-3] org.hibernate.SQL                        : 
    select
        count_big(*) 
    from
        [Classes] c1_0
Hibernate: 
    select
        count_big(*) 
    from
        [Classes] c1_0
2026-06-10T21:16:34.905+07:00 DEBUG 21596 --- [FLearn_SpringBoot] [nio-8081-exec-3] org.hibernate.SQL                        : 
    select
        count_big(c1_0.[ClassID]) 
    from
        [Classes] c1_0 
    where
        c1_0.[Status]=?
Hibernate: 
    select
        count_big(c1_0.[ClassID]) 
    from
        [Classes] c1_0 
    where
        c1_0.[Status]=?
2026-06-10T21:16:34.906+07:00 TRACE 21596 --- [FLearn_SpringBoot] [nio-8081-exec-3] org.hibernate.orm.jdbc.bind              : binding parameter (1:VARCHAR) <- [ACTIVE]
2026-06-10T21:16:34.912+07:00 DEBUG 21596 --- [FLearn_SpringBoot] [nio-8081-exec-3] org.hibernate.SQL                        : 
    select
        count_big(u1_0.[UserID]) 
    from
        [Users] u1_0 
    where
        u1_0.[Role]=? 
        and u1_0.[Status]=?
Hibernate: 
    select
        count_big(u1_0.[UserID]) 
    from
        [Users] u1_0 
    where
        u1_0.[Role]=? 
        and u1_0.[Status]=?
2026-06-10T21:16:34.912+07:00 TRACE 21596 --- [FLearn_SpringBoot] [nio-8081-exec-3] org.hibernate.orm.jdbc.bind              : binding parameter (1:INTEGER) <- [1]
2026-06-10T21:16:34.912+07:00 TRACE 21596 --- [FLearn_SpringBoot] [nio-8081-exec-3] org.hibernate.orm.jdbc.bind              : binding parameter (2:VARCHAR) <- [BLOCKED]
2026-06-10T21:16:34.966+07:00 DEBUG 21596 --- [FLearn_SpringBoot] [nio-8081-exec-4] org.hibernate.SQL                        : 
    select
        ss1_0.[SettingID],
        ss1_0.[SettingKey],
        ss1_0.[SettingValue] 
    from
        [SystemSettings] ss1_0 
    where
        ss1_0.[SettingKey]=?
Hibernate: 
    select
        ss1_0.[SettingID],
        ss1_0.[SettingKey],
        ss1_0.[SettingValue] 
    from
        [SystemSettings] ss1_0 
    where
        ss1_0.[SettingKey]=?
2026-06-10T21:16:34.967+07:00 TRACE 21596 --- [FLearn_SpringBoot] [nio-8081-exec-4] org.hibernate.orm.jdbc.bind              : binding parameter (1:VARCHAR) <- [MAINTENANCE_MODE]
2026-06-10T21:21:55.245+07:00  INFO 21596 --- [FLearn_SpringBoot] [   File Watcher] rtingClassPathChangeChangedEventListener : Restarting due to 33 class path changes (0 additions, 33 deletions, 0 modifications)
2026-06-10T21:21:55.308+07:00  INFO 21596 --- [FLearn_SpringBoot] [       Thread-5] o.s.boot.tomcat.GracefulShutdown         : Commencing graceful shutdown. Waiting for active requests to complete
2026-06-10T21:21:56.944+07:00  INFO 21596 --- [FLearn_SpringBoot] [tomcat-shutdown] o.s.boot.tomcat.GracefulShutdown         : Graceful shutdown complete
2026-06-10T21:21:56.968+07:00  INFO 21596 --- [FLearn_SpringBoot] [       Thread-5] j.LocalContainerEntityManagerFactoryBean : Closing JPA EntityManagerFactory for persistence unit 'default'
2026-06-10T21:21:56.974+07:00  INFO 21596 --- [FLearn_SpringBoot] [       Thread-5] com.zaxxer.hikari.HikariDataSource       : HikariPool-3 - Shutdown initiated...
2026-06-10T21:21:57.028+07:00  INFO 21596 --- [FLearn_SpringBoot] [       Thread-5] com.zaxxer.hikari.HikariDataSource       : HikariPool-3 - Shutdown completed.

  .   ____          _            __ _ _
 /\\ / ___'_ __ _ _(_)_ __  __ _ \ \ \ \
( ( )\___ | '_ | '_| | '_ \/ _` | \ \ \ \
 \\/  ___)| |_)| | | | | || (_| |  ) ) ) )
  '  |____| .__|_| |_|_| |_\__, | / / / /
 =========|_|==============|___/=/_/_/_/

 :: Spring Boot ::                (v4.0.6)

2026-06-10T21:21:58.298+07:00  INFO 21596 --- [FLearn_SpringBoot] [  restartedMain] flearn.FLearnSpringBootApplication       : Starting FLearnSpringBootApplication using Java 21.0.11 with PID 21596 (D:\SWP391\FLearn_\target\classes started by quynh anh in D:\SWP391\FLearn_)
2026-06-10T21:21:58.298+07:00  INFO 21596 --- [FLearn_SpringBoot] [  restartedMain] flearn.FLearnSpringBootApplication       : No active profile set, falling back to 1 default profile: "default"
2026-06-10T21:22:03.246+07:00  INFO 21596 --- [FLearn_SpringBoot] [  restartedMain] .s.d.r.c.RepositoryConfigurationDelegate : Bootstrapping Spring Data JPA repositories in DEFAULT mode.
2026-06-10T21:22:03.369+07:00  WARN 21596 --- [FLearn_SpringBoot] [  restartedMain] ConfigServletWebServerApplicationContext : Exception encountered during context initialization - cancelling refresh attempt: java.lang.NoClassDefFoundError: flearn/entity/ClassStatus
2026-06-10T21:22:03.450+07:00  INFO 21596 --- [FLearn_SpringBoot] [  restartedMain] .s.b.a.l.ConditionEvaluationReportLogger : 

Error starting ApplicationContext. To display the condition evaluation report re-run your application with 'debug' enabled.
2026-06-10T21:22:03.456+07:00 ERROR 21596 --- [FLearn_SpringBoot] [  restartedMain] o.s.boot.SpringApplication               : Application run failed

java.lang.NoClassDefFoundError: flearn/entity/ClassStatus
	at java.base/java.lang.Class.getDeclaredMethods0(Native Method) ~[na:na]
	at java.base/java.lang.Class.privateGetDeclaredMethods(Class.java:3580) ~[na:na]
	at java.base/java.lang.Class.privateGetPublicMethods(Class.java:3605) ~[na:na]
	at java.base/java.lang.Class.getMethods(Class.java:2187) ~[na:na]
	at org.springframework.data.core.ReactiveWrappers.usesReactiveType(ReactiveWrappers.java:144) ~[spring-data-commons-4.0.5.jar:4.0.5]
	at org.springframework.data.repository.core.support.AbstractRepositoryMetadata.isReactiveRepository(AbstractRepositoryMetadata.java:140) ~[spring-data-commons-4.0.5.jar:4.0.5]
	at org.springframework.data.repository.config.RepositoryConfigurationExtensionSupport.useRepositoryConfiguration(RepositoryConfigurationExtensionSupport.java:344) ~[spring-data-commons-4.0.5.jar:4.0.5]
	at org.springframework.data.repository.config.RepositoryConfigurationExtensionSupport.getRepositoryConfigurations(RepositoryConfigurationExtensionSupport.java:98) ~[spring-data-commons-4.0.5.jar:4.0.5]
	at org.springframework.data.repository.config.RepositoryConfigurationDelegate.registerRepositoriesIn(RepositoryConfigurationDelegate.java:170) ~[spring-data-commons-4.0.5.jar:4.0.5]
	at org.springframework.boot.autoconfigure.data.AbstractRepositoryConfigurationSourceSupport.registerBeanDefinitions(AbstractRepositoryConfigurationSourceSupport.java:67) ~[spring-boot-autoconfigure-4.0.6.jar:4.0.6]
	at org.springframework.context.annotation.ConfigurationClassBeanDefinitionReader.lambda$loadBeanDefinitionsFromImportBeanDefinitionRegistrars$0(ConfigurationClassBeanDefinitionReader.java:422) ~[spring-context-7.0.7.jar:7.0.7]
	at java.base/java.util.LinkedHashMap.forEach(LinkedHashMap.java:986) ~[na:na]
	at org.springframework.context.annotation.ConfigurationClassBeanDefinitionReader.loadBeanDefinitionsFromImportBeanDefinitionRegistrars(ConfigurationClassBeanDefinitionReader.java:421) ~[spring-context-7.0.7.jar:7.0.7]
	at org.springframework.context.annotation.ConfigurationClassBeanDefinitionReader.loadBeanDefinitionsForConfigurationClass(ConfigurationClassBeanDefinitionReader.java:152) ~[spring-context-7.0.7.jar:7.0.7]
	at org.springframework.context.annotation.ConfigurationClassBeanDefinitionReader.loadBeanDefinitions(ConfigurationClassBeanDefinitionReader.java:124) ~[spring-context-7.0.7.jar:7.0.7]
	at org.springframework.context.annotation.ConfigurationClassPostProcessor.processConfigBeanDefinitions(ConfigurationClassPostProcessor.java:464) ~[spring-context-7.0.7.jar:7.0.7]
	at org.springframework.context.annotation.ConfigurationClassPostProcessor.postProcessBeanDefinitionRegistry(ConfigurationClassPostProcessor.java:316) ~[spring-context-7.0.7.jar:7.0.7]
	at org.springframework.context.support.PostProcessorRegistrationDelegate.invokeBeanDefinitionRegistryPostProcessors(PostProcessorRegistrationDelegate.java:349) ~[spring-context-7.0.7.jar:7.0.7]
	at org.springframework.context.support.PostProcessorRegistrationDelegate.invokeBeanFactoryPostProcessors(PostProcessorRegistrationDelegate.java:118) ~[spring-context-7.0.7.jar:7.0.7]
	at org.springframework.context.support.AbstractApplicationContext.invokeBeanFactoryPostProcessors(AbstractApplicationContext.java:795) ~[spring-context-7.0.7.jar:7.0.7]
	at org.springframework.context.support.AbstractApplicationContext.refresh(AbstractApplicationContext.java:603) ~[spring-context-7.0.7.jar:7.0.7]
	at org.springframework.boot.web.server.servlet.context.ServletWebServerApplicationContext.refresh(ServletWebServerApplicationContext.java:143) ~[spring-boot-web-server-4.0.6.jar:4.0.6]
	at org.springframework.boot.SpringApplication.refresh(SpringApplication.java:756) ~[spring-boot-4.0.6.jar:4.0.6]
	at org.springframework.boot.SpringApplication.refreshContext(SpringApplication.java:445) ~[spring-boot-4.0.6.jar:4.0.6]
	at org.springframework.boot.SpringApplication.run(SpringApplication.java:321) ~[spring-boot-4.0.6.jar:4.0.6]
	at org.springframework.boot.SpringApplication.run(SpringApplication.java:1365) ~[spring-boot-4.0.6.jar:4.0.6]
	at org.springframework.boot.SpringApplication.run(SpringApplication.java:1354) ~[spring-boot-4.0.6.jar:4.0.6]
	at flearn.FLearnSpringBootApplication.main(FLearnSpringBootApplication.java:10) ~[classes/:na]
	at java.base/jdk.internal.reflect.DirectMethodHandleAccessor.invoke(DirectMethodHandleAccessor.java:103) ~[na:na]
	at java.base/java.lang.reflect.Method.invoke(Method.java:580) ~[na:na]
	at org.springframework.boot.devtools.restart.RestartLauncher.run(RestartLauncher.java:52) ~[spring-boot-devtools-4.0.6.jar:4.0.6]
Caused by: java.lang.ClassNotFoundException: flearn.entity.ClassStatus
	at java.base/jdk.internal.loader.BuiltinClassLoader.loadClass(BuiltinClassLoader.java:641) ~[na:na]
	at java.base/jdk.internal.loader.ClassLoaders$AppClassLoader.loadClass(ClassLoaders.java:188) ~[na:na]
	at java.base/java.lang.ClassLoader.loadClass(ClassLoader.java:526) ~[na:na]
	at java.base/java.lang.Class.forName0(Native Method) ~[na:na]
	at java.base/java.lang.Class.forName(Class.java:536) ~[na:na]
	at java.base/java.lang.Class.forName(Class.java:515) ~[na:na]
	at org.springframework.boot.devtools.restart.classloader.RestartClassLoader.loadClass(RestartClassLoader.java:123) ~[spring-boot-devtools-4.0.6.jar:4.0.6]
	at java.base/java.lang.ClassLoader.loadClass(ClassLoader.java:526) ~[na:na]
	... 31 common frames omitted

Exception in thread "restartedMain" java.lang.reflect.InvocationTargetException
	at java.base/jdk.internal.reflect.DirectMethodHandleAccessor.invoke(DirectMethodHandleAccessor.java:118)
	at java.base/java.lang.reflect.Method.invoke(Method.java:580)
	at org.springframework.boot.devtools.restart.RestartLauncher.run(RestartLauncher.java:52)
Caused by: java.lang.IllegalStateException: java.lang.NoClassDefFoundError: flearn/entity/ClassStatus
	at org.springframework.boot.SpringApplication.handleRunFailure(SpringApplication.java:827)
	at org.springframework.boot.SpringApplication.run(SpringApplication.java:331)
	at org.springframework.boot.SpringApplication.run(SpringApplication.java:1365)
	at org.springframework.boot.SpringApplication.run(SpringApplication.java:1354)
	at flearn.FLearnSpringBootApplication.main(FLearnSpringBootApplication.java:10)
	at java.base/jdk.internal.reflect.DirectMethodHandleAccessor.invoke(DirectMethodHandleAccessor.java:103)
	... 2 more
Caused by: java.lang.NoClassDefFoundError: flearn/entity/ClassStatus
	at java.base/java.lang.Class.getDeclaredMethods0(Native Method)
	at java.base/java.lang.Class.privateGetDeclaredMethods(Class.java:3580)
	at java.base/java.lang.Class.privateGetPublicMethods(Class.java:3605)
	at java.base/java.lang.Class.getMethods(Class.java:2187)
	at org.springframework.data.core.ReactiveWrappers.usesReactiveType(ReactiveWrappers.java:144)
	at org.springframework.data.repository.core.support.AbstractRepositoryMetadata.isReactiveRepository(AbstractRepositoryMetadata.java:140)
	at org.springframework.data.repository.config.RepositoryConfigurationExtensionSupport.useRepositoryConfiguration(RepositoryConfigurationExtensionSupport.java:344)
	at org.springframework.data.repository.config.RepositoryConfigurationExtensionSupport.getRepositoryConfigurations(RepositoryConfigurationExtensionSupport.java:98)
	at org.springframework.data.repository.config.RepositoryConfigurationDelegate.registerRepositoriesIn(RepositoryConfigurationDelegate.java:170)
	at org.springframework.boot.autoconfigure.data.AbstractRepositoryConfigurationSourceSupport.registerBeanDefinitions(AbstractRepositoryConfigurationSourceSupport.java:67)
	at org.springframework.context.annotation.ConfigurationClassBeanDefinitionReader.lambda$loadBeanDefinitionsFromImportBeanDefinitionRegistrars$0(ConfigurationClassBeanDefinitionReader.java:422)
	at java.base/java.util.LinkedHashMap.forEach(LinkedHashMap.java:986)
	at org.springframework.context.annotation.ConfigurationClassBeanDefinitionReader.loadBeanDefinitionsFromImportBeanDefinitionRegistrars(ConfigurationClassBeanDefinitionReader.java:421)
	at org.springframework.context.annotation.ConfigurationClassBeanDefinitionReader.loadBeanDefinitionsForConfigurationClass(ConfigurationClassBeanDefinitionReader.java:152)
	at org.springframework.context.annotation.ConfigurationClassBeanDefinitionReader.loadBeanDefinitions(ConfigurationClassBeanDefinitionReader.java:124)
	at org.springframework.context.annotation.ConfigurationClassPostProcessor.processConfigBeanDefinitions(ConfigurationClassPostProcessor.java:464)
	at org.springframework.context.annotation.ConfigurationClassPostProcessor.postProcessBeanDefinitionRegistry(ConfigurationClassPostProcessor.java:316)
	at org.springframework.context.support.PostProcessorRegistrationDelegate.invokeBeanDefinitionRegistryPostProcessors(PostProcessorRegistrationDelegate.java:349)
	at org.springframework.context.support.PostProcessorRegistrationDelegate.invokeBeanFactoryPostProcessors(PostProcessorRegistrationDelegate.java:118)
	at org.springframework.context.support.AbstractApplicationContext.invokeBeanFactoryPostProcessors(AbstractApplicationContext.java:795)
	at org.springframework.context.support.AbstractApplicationContext.refresh(AbstractApplicationContext.java:603)
	at org.springframework.boot.web.server.servlet.context.ServletWebServerApplicationContext.refresh(ServletWebServerApplicationContext.java:143)
	at org.springframework.boot.SpringApplication.refresh(SpringApplication.java:756)
	at org.springframework.boot.SpringApplication.refreshContext(SpringApplication.java:445)
	at org.springframework.boot.SpringApplication.run(SpringApplication.java:321)
	... 6 more
Caused by: java.lang.ClassNotFoundException: flearn.entity.ClassStatus
	at java.base/jdk.internal.loader.BuiltinClassLoader.loadClass(BuiltinClassLoader.java:641)
	at java.base/jdk.internal.loader.ClassLoaders$AppClassLoader.loadClass(ClassLoaders.java:188)
	at java.base/java.lang.ClassLoader.loadClass(ClassLoader.java:526)
	at java.base/java.lang.Class.forName0(Native Method)
	at java.base/java.lang.Class.forName(Class.java:536)
	at java.base/java.lang.Class.forName(Class.java:515)
	at org.springframework.boot.devtools.restart.classloader.RestartClassLoader.loadClass(RestartClassLoader.java:123)
	at java.base/java.lang.ClassLoader.loadClass(ClassLoader.java:526)
	... 31 more

  .   ____          _            __ _ _
 /\\ / ___'_ __ _ _(_)_ __  __ _ \ \ \ \
( ( )\___ | '_ | '_| | '_ \/ _` | \ \ \ \
 \\/  ___)| |_)| | | | | || (_| |  ) ) ) )
  '  |____| .__|_| |_|_| |_\__, | / / / /
 =========|_|==============|___/=/_/_/_/

 :: Spring Boot ::                (v4.0.6)

2026-06-10T21:22:26.083+07:00  INFO 21596 --- [FLearn_SpringBoot] [  restartedMain] flearn.FLearnSpringBootApplication       : Starting FLearnSpringBootApplication using Java 21.0.11 with PID 21596 (D:\SWP391\FLearn_\target\classes started by quynh anh in D:\SWP391\FLearn_)
2026-06-10T21:22:26.083+07:00  INFO 21596 --- [FLearn_SpringBoot] [  restartedMain] flearn.FLearnSpringBootApplication       : No active profile set, falling back to 1 default profile: "default"
2026-06-10T21:22:28.182+07:00  INFO 21596 --- [FLearn_SpringBoot] [  restartedMain] .s.d.r.c.RepositoryConfigurationDelegate : Bootstrapping Spring Data JPA repositories in DEFAULT mode.
2026-06-10T21:22:28.408+07:00  INFO 21596 --- [FLearn_SpringBoot] [  restartedMain] .s.d.r.c.RepositoryConfigurationDelegate : Finished Spring Data repository scanning in 221 ms. Found 10 JPA repository interfaces.
2026-06-10T21:22:30.736+07:00  INFO 21596 --- [FLearn_SpringBoot] [  restartedMain] o.s.boot.tomcat.TomcatWebServer          : Tomcat initialized with port 8081 (http)
2026-06-10T21:22:30.741+07:00  INFO 21596 --- [FLearn_SpringBoot] [  restartedMain] o.apache.catalina.core.StandardService   : Starting service [Tomcat]
2026-06-10T21:22:30.741+07:00  INFO 21596 --- [FLearn_SpringBoot] [  restartedMain] o.apache.catalina.core.StandardEngine    : Starting Servlet engine: [Apache Tomcat/11.0.21]
2026-06-10T21:22:31.140+07:00  INFO 21596 --- [FLearn_SpringBoot] [  restartedMain] b.w.c.s.WebApplicationContextInitializer : Root WebApplicationContext: initialization completed in 5025 ms
2026-06-10T21:22:31.281+07:00  WARN 21596 --- [FLearn_SpringBoot] [  restartedMain] o.a.c.c.C.[Tomcat-1].[localhost].[/]     : Cannot deserialize session attribute [SPRING_SECURITY_CONTEXT] for session [83014A583BCD03908F960F9D831B4734]
2026-06-10T21:22:31.283+07:00 ERROR 21596 --- [FLearn_SpringBoot] [  restartedMain] o.a.catalina.session.StandardManager     : Exception loading sessions from persistent storage

java.io.StreamCorruptedException: invalid type code: 00
	at java.base/java.io.ObjectInputStream.readObject0(ObjectInputStream.java:1793) ~[na:na]
	at java.base/java.io.ObjectInputStream$FieldValues.<init>(ObjectInputStream.java:2618) ~[na:na]
	at java.base/java.io.ObjectInputStream.defaultReadObject(ObjectInputStream.java:678) ~[na:na]
	at java.base/java.lang.Throwable.readObject(Throwable.java:936) ~[na:na]
	at java.base/jdk.internal.reflect.DirectMethodHandleAccessor.invoke(DirectMethodHandleAccessor.java:103) ~[na:na]
	at java.base/java.lang.reflect.Method.invoke(Method.java:580) ~[na:na]
	at java.base/java.io.ObjectStreamClass.invokeReadObject(ObjectStreamClass.java:1102) ~[na:na]
	at java.base/java.io.ObjectInputStream.readSerialData(ObjectInputStream.java:2444) ~[na:na]
	at java.base/java.io.ObjectInputStream.readOrdinaryObject(ObjectInputStream.java:2284) ~[na:na]
	at java.base/java.io.ObjectInputStream.readObject0(ObjectInputStream.java:1762) ~[na:na]
	at java.base/java.io.ObjectInputStream.readObject(ObjectInputStream.java:540) ~[na:na]
	at java.base/java.io.ObjectInputStream.readObject(ObjectInputStream.java:498) ~[na:na]
	at org.apache.catalina.session.StandardSession.doReadObject(StandardSession.java:1120) ~[tomcat-embed-core-11.0.21.jar:11.0.21]
	at org.apache.catalina.session.StandardSession.readObjectData(StandardSession.java:821) ~[tomcat-embed-core-11.0.21.jar:11.0.21]
	at org.apache.catalina.session.StandardManager.load(StandardManager.java:146) ~[tomcat-embed-core-11.0.21.jar:11.0.21]
	at org.apache.catalina.session.StandardManager.startInternal(StandardManager.java:255) ~[tomcat-embed-core-11.0.21.jar:11.0.21]
	at org.apache.catalina.util.LifecycleBase.start(LifecycleBase.java:164) ~[tomcat-embed-core-11.0.21.jar:11.0.21]
	at org.apache.catalina.core.StandardContext.startInternal(StandardContext.java:4443) ~[tomcat-embed-core-11.0.21.jar:11.0.21]
	at org.apache.catalina.util.LifecycleBase.start(LifecycleBase.java:164) ~[tomcat-embed-core-11.0.21.jar:11.0.21]
	at org.apache.catalina.core.ContainerBase$StartChild.call(ContainerBase.java:1162) ~[tomcat-embed-core-11.0.21.jar:11.0.21]
	at org.apache.catalina.core.ContainerBase$StartChild.call(ContainerBase.java:1158) ~[tomcat-embed-core-11.0.21.jar:11.0.21]
	at java.base/java.util.concurrent.FutureTask.run(FutureTask.java:317) ~[na:na]
	at org.apache.tomcat.util.threads.InlineExecutorService.execute(InlineExecutorService.java:81) ~[tomcat-embed-core-11.0.21.jar:11.0.21]
	at java.base/java.util.concurrent.AbstractExecutorService.submit(AbstractExecutorService.java:145) ~[na:na]
	at org.apache.catalina.core.ContainerBase.startInternal(ContainerBase.java:714) ~[tomcat-embed-core-11.0.21.jar:11.0.21]
	at org.apache.catalina.core.StandardHost.startInternal(StandardHost.java:780) ~[tomcat-embed-core-11.0.21.jar:11.0.21]
	at org.apache.catalina.util.LifecycleBase.start(LifecycleBase.java:164) ~[tomcat-embed-core-11.0.21.jar:11.0.21]
	at org.apache.catalina.core.ContainerBase$StartChild.call(ContainerBase.java:1162) ~[tomcat-embed-core-11.0.21.jar:11.0.21]
	at org.apache.catalina.core.ContainerBase$StartChild.call(ContainerBase.java:1158) ~[tomcat-embed-core-11.0.21.jar:11.0.21]
	at java.base/java.util.concurrent.FutureTask.run(FutureTask.java:317) ~[na:na]
	at org.apache.tomcat.util.threads.InlineExecutorService.execute(InlineExecutorService.java:81) ~[tomcat-embed-core-11.0.21.jar:11.0.21]
	at java.base/java.util.concurrent.AbstractExecutorService.submit(AbstractExecutorService.java:145) ~[na:na]
	at org.apache.catalina.core.ContainerBase.startInternal(ContainerBase.java:714) ~[tomcat-embed-core-11.0.21.jar:11.0.21]
	at org.apache.catalina.core.StandardEngine.startInternal(StandardEngine.java:201) ~[tomcat-embed-core-11.0.21.jar:11.0.21]
	at org.apache.catalina.util.LifecycleBase.start(LifecycleBase.java:164) ~[tomcat-embed-core-11.0.21.jar:11.0.21]
	at org.apache.catalina.core.StandardService.startInternal(StandardService.java:410) ~[tomcat-embed-core-11.0.21.jar:11.0.21]
	at org.apache.catalina.util.LifecycleBase.start(LifecycleBase.java:164) ~[tomcat-embed-core-11.0.21.jar:11.0.21]
	at org.apache.catalina.core.StandardServer.startInternal(StandardServer.java:864) ~[tomcat-embed-core-11.0.21.jar:11.0.21]
	at org.apache.catalina.util.LifecycleBase.start(LifecycleBase.java:164) ~[tomcat-embed-core-11.0.21.jar:11.0.21]
	at org.apache.catalina.startup.Tomcat.start(Tomcat.java:435) ~[tomcat-embed-core-11.0.21.jar:11.0.21]
	at org.springframework.boot.tomcat.TomcatWebServer.initialize(TomcatWebServer.java:131) ~[spring-boot-tomcat-4.0.6.jar:4.0.6]
	at org.springframework.boot.tomcat.TomcatWebServer.<init>(TomcatWebServer.java:110) ~[spring-boot-tomcat-4.0.6.jar:4.0.6]
	at org.springframework.boot.tomcat.servlet.TomcatServletWebServerFactory.getTomcatWebServer(TomcatServletWebServerFactory.java:408) ~[spring-boot-tomcat-4.0.6.jar:4.0.6]
	at org.springframework.boot.tomcat.servlet.TomcatServletWebServerFactory.getWebServer(TomcatServletWebServerFactory.java:166) ~[spring-boot-tomcat-4.0.6.jar:4.0.6]
	at org.springframework.boot.web.server.servlet.context.ServletWebServerApplicationContext.createWebServer(ServletWebServerApplicationContext.java:190) ~[spring-boot-web-server-4.0.6.jar:4.0.6]
	at org.springframework.boot.web.server.servlet.context.ServletWebServerApplicationContext.onRefresh(ServletWebServerApplicationContext.java:164) ~[spring-boot-web-server-4.0.6.jar:4.0.6]
	at org.springframework.context.support.AbstractApplicationContext.refresh(AbstractApplicationContext.java:615) ~[spring-context-7.0.7.jar:7.0.7]
	at org.springframework.boot.web.server.servlet.context.ServletWebServerApplicationContext.refresh(ServletWebServerApplicationContext.java:143) ~[spring-boot-web-server-4.0.6.jar:4.0.6]
	at org.springframework.boot.SpringApplication.refresh(SpringApplication.java:756) ~[spring-boot-4.0.6.jar:4.0.6]
	at org.springframework.boot.SpringApplication.refreshContext(SpringApplication.java:445) ~[spring-boot-4.0.6.jar:4.0.6]
	at org.springframework.boot.SpringApplication.run(SpringApplication.java:321) ~[spring-boot-4.0.6.jar:4.0.6]
	at org.springframework.boot.SpringApplication.run(SpringApplication.java:1365) ~[spring-boot-4.0.6.jar:4.0.6]
	at org.springframework.boot.SpringApplication.run(SpringApplication.java:1354) ~[spring-boot-4.0.6.jar:4.0.6]
	at flearn.FLearnSpringBootApplication.main(FLearnSpringBootApplication.java:10) ~[classes/:na]
	at java.base/jdk.internal.reflect.DirectMethodHandleAccessor.invoke(DirectMethodHandleAccessor.java:103) ~[na:na]
	at java.base/java.lang.reflect.Method.invoke(Method.java:580) ~[na:na]
	at org.springframework.boot.devtools.restart.RestartLauncher.run(RestartLauncher.java:52) ~[spring-boot-devtools-4.0.6.jar:4.0.6]

2026-06-10T21:22:33.931+07:00  INFO 21596 --- [FLearn_SpringBoot] [  restartedMain] org.hibernate.orm.jpa                    : HHH008540: Processing PersistenceUnitInfo [name: default]
2026-06-10T21:22:34.146+07:00  INFO 21596 --- [FLearn_SpringBoot] [  restartedMain] o.s.o.j.p.SpringPersistenceUnitInfo      : No LoadTimeWeaver setup: ignoring JPA class transformer
2026-06-10T21:22:34.149+07:00  INFO 21596 --- [FLearn_SpringBoot] [  restartedMain] com.zaxxer.hikari.HikariDataSource       : HikariPool-4 - Starting...
2026-06-10T21:22:36.648+07:00  INFO 21596 --- [FLearn_SpringBoot] [  restartedMain] com.zaxxer.hikari.pool.HikariPool        : HikariPool-4 - Added connection ConnectionID:31 ClientConnectionId: c5f01449-7442-4db0-8c1d-bc2153ca48ed
2026-06-10T21:22:36.648+07:00  INFO 21596 --- [FLearn_SpringBoot] [  restartedMain] com.zaxxer.hikari.HikariDataSource       : HikariPool-4 - Start completed.
2026-06-10T21:22:47.613+07:00  WARN 21596 --- [FLearn_SpringBoot] [  restartedMain] org.hibernate.orm.deprecation            : HHH90000025: SQLServerDialect does not need to be specified explicitly using 'hibernate.dialect' (remove the property setting and it will be selected by default)
2026-06-10T21:22:47.626+07:00  INFO 21596 --- [FLearn_SpringBoot] [  restartedMain] org.hibernate.orm.connections.pooling    : HHH10001005: Database info:
	Database JDBC URL [jdbc:sqlserver://localhost:1433;concatNullYieldsNull=ON;quotedIdentifier=ON;connectRetryInterval=10;connectRetryCount=1;maxResultBuffer=-1;sendTemporalDataTypesAsStringForBulkCopy=true;delayLoadingLobs=true;useFmtOnly=false;vectorTypeSupport=v1;cacheBulkCopyMetadata=false;bulkCopyForBatchInsertAllowEncryptedValueModifications=false;bulkCopyForBatchInsertTableLock=false;bulkCopyForBatchInsertKeepNulls=false;bulkCopyForBatchInsertKeepIdentity=false;bulkCopyForBatchInsertFireTriggers=false;bulkCopyForBatchInsertCheckConstraints=false;bulkCopyForBatchInsertBatchSize=0;useBulkCopyForBatchInsert=false;cancelQueryTimeout=-1;sslProtocol=TLS;calcBigDecimalPrecision=false;useDefaultJaasConfig=false;jaasConfigurationName=SQLJDBCDriver;statementPoolingCacheSize=0;serverPreparedStatementDiscardThreshold=10;enablePrepareOnFirstPreparedStatementCall=false;fips=false;socketTimeout=0;authentication=NotSpecified;authenticationScheme=nativeAuthentication;xopenStates=false;datetimeParameterType=datetime2;sendTimeAsDatetime=true;replication=false;trustStoreType=JKS;trustServerCertificate=true;TransparentNetworkIPResolution=true;iPAddressPreference=IPv4First;serverNameAsACE=false;sendStringParametersAsUnicode=true;selectMethod=direct;responseBuffering=adaptive;queryTimeout=-1;packetSize=8000;multiSubnetFailover=false;loginTimeout=30;lockTimeout=-1;lastUpdateCount=true;useDefaultGSSCredential=false;prepareMethod=prepexec;encrypt=true;disableStatementPooling=true;databaseName=FLearnDB;columnEncryptionSetting=Disabled;applicationName=Microsoft JDBC Driver for SQL Server;applicationIntent=readwrite;]
	Database driver: Microsoft JDBC Driver 13.2 for SQL Server
	Database dialect: SQLServerDialect
	Database version: 16.0
	Default catalog/schema: FLearnDB/dbo
	Autocommit mode: undefined/unknown
	Isolation level: READ_COMMITTED [default READ_COMMITTED]
	JDBC fetch size: 128
	Pool: DataSourceConnectionProvider
	Minimum pool size: undefined/unknown
	Maximum pool size: undefined/unknown
2026-06-10T21:22:47.639+07:00  WARN 21596 --- [FLearn_SpringBoot] [  restartedMain] org.hibernate.orm.deprecation            : HHH90000033: Encountered use of deprecated annotation [interface jakarta.persistence.Temporal] at flearn.entity.ClassMember.joinedAt.
2026-06-10T21:22:47.647+07:00  WARN 21596 --- [FLearn_SpringBoot] [  restartedMain] org.hibernate.orm.deprecation            : HHH90000033: Encountered use of deprecated annotation [interface jakarta.persistence.Temporal] at flearn.entity.Classroom.createdAt.
2026-06-10T21:22:47.650+07:00  WARN 21596 --- [FLearn_SpringBoot] [  restartedMain] org.hibernate.orm.deprecation            : HHH90000033: Encountered use of deprecated annotation [interface jakarta.persistence.Temporal] at flearn.entity.Classroom.updatedAt.
2026-06-10T21:22:47.656+07:00  WARN 21596 --- [FLearn_SpringBoot] [  restartedMain] org.hibernate.orm.deprecation            : HHH90000033: Encountered use of deprecated annotation [interface jakarta.persistence.Temporal] at flearn.entity.Enrollment.approvedAt.
2026-06-10T21:22:47.659+07:00  WARN 21596 --- [FLearn_SpringBoot] [  restartedMain] org.hibernate.orm.deprecation            : HHH90000033: Encountered use of deprecated annotation [interface jakarta.persistence.Temporal] at flearn.entity.Enrollment.rejectedAt.
2026-06-10T21:22:47.660+07:00  WARN 21596 --- [FLearn_SpringBoot] [  restartedMain] org.hibernate.orm.deprecation            : HHH90000033: Encountered use of deprecated annotation [interface jakarta.persistence.Temporal] at flearn.entity.Enrollment.removedAt.
2026-06-10T21:22:47.661+07:00  WARN 21596 --- [FLearn_SpringBoot] [  restartedMain] org.hibernate.orm.deprecation            : HHH90000033: Encountered use of deprecated annotation [interface jakarta.persistence.Temporal] at flearn.entity.Enrollment.requestedAt.
2026-06-10T21:22:47.672+07:00  WARN 21596 --- [FLearn_SpringBoot] [  restartedMain] org.hibernate.orm.deprecation            : HHH90000033: Encountered use of deprecated annotation [interface jakarta.persistence.Temporal] at flearn.entity.Lesson.createdAt.
2026-06-10T21:22:47.680+07:00  WARN 21596 --- [FLearn_SpringBoot] [  restartedMain] org.hibernate.orm.deprecation            : HHH90000033: Encountered use of deprecated annotation [interface jakarta.persistence.Temporal] at flearn.entity.LessonCompletion.completedAt.
2026-06-10T21:22:47.708+07:00  WARN 21596 --- [FLearn_SpringBoot] [  restartedMain] org.hibernate.orm.deprecation            : HHH90000033: Encountered use of deprecated annotation [interface jakarta.persistence.Temporal] at flearn.entity.QuizResult.completedAt.
2026-06-10T21:22:47.759+07:00  WARN 21596 --- [FLearn_SpringBoot] [  restartedMain] org.hibernate.orm.deprecation            : HHH90000033: Encountered use of deprecated annotation [interface jakarta.persistence.Temporal] at flearn.entity.User.createdAt.
2026-06-10T21:22:47.765+07:00  WARN 21596 --- [FLearn_SpringBoot] [  restartedMain] org.hibernate.orm.deprecation            : HHH90000033: Encountered use of deprecated annotation [interface jakarta.persistence.Temporal] at flearn.entity.User.resetTokenExpiry.
2026-06-10T21:22:47.767+07:00  WARN 21596 --- [FLearn_SpringBoot] [  restartedMain] org.hibernate.orm.deprecation            : HHH90000033: Encountered use of deprecated annotation [interface jakarta.persistence.Temporal] at flearn.entity.User.updatedAt.
2026-06-10T21:22:49.365+07:00  INFO 21596 --- [FLearn_SpringBoot] [  restartedMain] org.hibernate.orm.core                   : HHH000489: No JTA platform available (set 'hibernate.transaction.jta.platform' to enable JTA platform integration)
2026-06-10T21:23:01.517+07:00 DEBUG 21596 --- [FLearn_SpringBoot] [  restartedMain] org.hibernate.SQL                        : 
    alter table [Lessons] 
       alter column [Content] NVARCHAR(MAX)
Hibernate: 
    alter table [Lessons] 
       alter column [Content] NVARCHAR(MAX)
2026-06-10T21:23:02.495+07:00 DEBUG 21596 --- [FLearn_SpringBoot] [  restartedMain] org.hibernate.SQL                        : 
    alter table [Questions] 
       alter column [OptionA] NVARCHAR(500)
Hibernate: 
    alter table [Questions] 
       alter column [OptionA] NVARCHAR(500)
2026-06-10T21:23:02.675+07:00 DEBUG 21596 --- [FLearn_SpringBoot] [  restartedMain] org.hibernate.SQL                        : 
    alter table [Questions] 
       alter column [OptionB] NVARCHAR(500)
Hibernate: 
    alter table [Questions] 
       alter column [OptionB] NVARCHAR(500)
2026-06-10T21:23:02.735+07:00 DEBUG 21596 --- [FLearn_SpringBoot] [  restartedMain] org.hibernate.SQL                        : 
    alter table [Questions] 
       alter column [OptionC] NVARCHAR(500)
Hibernate: 
    alter table [Questions] 
       alter column [OptionC] NVARCHAR(500)
2026-06-10T21:23:02.783+07:00 DEBUG 21596 --- [FLearn_SpringBoot] [  restartedMain] org.hibernate.SQL                        : 
    alter table [Questions] 
       alter column [OptionD] NVARCHAR(500)
Hibernate: 
    alter table [Questions] 
       alter column [OptionD] NVARCHAR(500)
2026-06-10T21:23:02.828+07:00 DEBUG 21596 --- [FLearn_SpringBoot] [  restartedMain] org.hibernate.SQL                        : 
    alter table [Questions] 
       alter column [QuestionText] NVARCHAR(MAX)
Hibernate: 
    alter table [Questions] 
       alter column [QuestionText] NVARCHAR(MAX)
2026-06-10T21:23:02.889+07:00 DEBUG 21596 --- [FLearn_SpringBoot] [  restartedMain] org.hibernate.SQL                        : 
    alter table [Quizzes] 
       alter column [Title] NVARCHAR(200)
Hibernate: 
    alter table [Quizzes] 
       alter column [Title] NVARCHAR(200)
2026-06-10T21:23:10.245+07:00  INFO 21596 --- [FLearn_SpringBoot] [  restartedMain] j.LocalContainerEntityManagerFactoryBean : Initialized JPA EntityManagerFactory for persistence unit 'default'
2026-06-10T21:23:14.032+07:00  WARN 21596 --- [FLearn_SpringBoot] [  restartedMain] JpaBaseConfiguration$JpaWebConfiguration : spring.jpa.open-in-view is enabled by default. Therefore, database queries may be performed during view rendering. Explicitly configure spring.jpa.open-in-view to disable this warning
2026-06-10T21:23:14.792+07:00  INFO 21596 --- [FLearn_SpringBoot] [  restartedMain] r$InitializeUserDetailsManagerConfigurer : Global AuthenticationManager configured with UserDetailsService bean with name customUserDetailsService
2026-06-10T21:23:18.642+07:00  INFO 21596 --- [FLearn_SpringBoot] [  restartedMain] o.s.boot.tomcat.TomcatWebServer          : Tomcat started on port 8081 (http) with context path '/'
2026-06-10T21:23:18.647+07:00  INFO 21596 --- [FLearn_SpringBoot] [  restartedMain] flearn.FLearnSpringBootApplication       : Started FLearnSpringBootApplication in 52.922 seconds (process running for 2061.49)
2026-06-10T21:23:18.934+07:00 DEBUG 21596 --- [FLearn_SpringBoot] [  restartedMain] org.hibernate.SQL                        : 
    select
        u1_0.[UserID],
        u1_0.[CreatedAt],
        u1_0.[Department],
        u1_0.[Email],
        u1_0.[FullName],
        u1_0.[IsActive],
        u1_0.[PasswordHash],
        u1_0.[Phone],
        u1_0.[ResetToken],
        u1_0.[ResetTokenExpiry],
        u1_0.[Role],
        u1_0.[Status],
        u1_0.[UpdatedAt],
        u1_0.[Username] 
    from
        [Users] u1_0 
    where
        u1_0.[Username]=?
Hibernate: 
    select
        u1_0.[UserID],
        u1_0.[CreatedAt],
        u1_0.[Department],
        u1_0.[Email],
        u1_0.[FullName],
        u1_0.[IsActive],
        u1_0.[PasswordHash],
        u1_0.[Phone],
        u1_0.[ResetToken],
        u1_0.[ResetTokenExpiry],
        u1_0.[Role],
        u1_0.[Status],
        u1_0.[UpdatedAt],
        u1_0.[Username] 
    from
        [Users] u1_0 
    where
        u1_0.[Username]=?
2026-06-10T21:23:18.934+07:00 TRACE 21596 --- [FLearn_SpringBoot] [  restartedMain] org.hibernate.orm.jdbc.bind              : binding parameter (1:VARCHAR) <- [admin]
2026-06-10T21:23:20.406+07:00 DEBUG 21596 --- [FLearn_SpringBoot] [  restartedMain] org.hibernate.SQL                        : 
    select
        u1_0.[UserID],
        u1_0.[CreatedAt],
        u1_0.[Department],
        u1_0.[Email],
        u1_0.[FullName],
        u1_0.[IsActive],
        u1_0.[PasswordHash],
        u1_0.[Phone],
        u1_0.[ResetToken],
        u1_0.[ResetTokenExpiry],
        u1_0.[Role],
        u1_0.[Status],
        u1_0.[UpdatedAt],
        u1_0.[Username] 
    from
        [Users] u1_0 
    where
        u1_0.[UserID]=?
Hibernate: 
    select
        u1_0.[UserID],
        u1_0.[CreatedAt],
        u1_0.[Department],
        u1_0.[Email],
        u1_0.[FullName],
        u1_0.[IsActive],
        u1_0.[PasswordHash],
        u1_0.[Phone],
        u1_0.[ResetToken],
        u1_0.[ResetTokenExpiry],
        u1_0.[Role],
        u1_0.[Status],
        u1_0.[UpdatedAt],
        u1_0.[Username] 
    from
        [Users] u1_0 
    where
        u1_0.[UserID]=?
2026-06-10T21:23:20.406+07:00 TRACE 21596 --- [FLearn_SpringBoot] [  restartedMain] org.hibernate.orm.jdbc.bind              : binding parameter (1:INTEGER) <- [4]
2026-06-10T21:23:23.621+07:00 DEBUG 21596 --- [FLearn_SpringBoot] [  restartedMain] org.hibernate.SQL                        : 
    update
        [Users] 
    set
        [Department]=?,
        [Email]=?,
        [FullName]=?,
        [IsActive]=?,
        [PasswordHash]=?,
        [Phone]=?,
        [ResetToken]=?,
        [ResetTokenExpiry]=?,
        [Role]=?,
        [Status]=?,
        [UpdatedAt]=?,
        [Username]=? 
    where
        [UserID]=?
Hibernate: 
    update
        [Users] 
    set
        [Department]=?,
        [Email]=?,
        [FullName]=?,
        [IsActive]=?,
        [PasswordHash]=?,
        [Phone]=?,
        [ResetToken]=?,
        [ResetTokenExpiry]=?,
        [Role]=?,
        [Status]=?,
        [UpdatedAt]=?,
        [Username]=? 
    where
        [UserID]=?
2026-06-10T21:23:23.622+07:00 TRACE 21596 --- [FLearn_SpringBoot] [  restartedMain] org.hibernate.orm.jdbc.bind              : binding parameter (1:VARCHAR) <- [null]
2026-06-10T21:23:23.622+07:00 TRACE 21596 --- [FLearn_SpringBoot] [  restartedMain] org.hibernate.orm.jdbc.bind              : binding parameter (2:VARCHAR) <- [admin@flearn.local]
2026-06-10T21:23:23.622+07:00 TRACE 21596 --- [FLearn_SpringBoot] [  restartedMain] org.hibernate.orm.jdbc.bind              : binding parameter (3:VARCHAR) <- [FLearn Administrator]
2026-06-10T21:23:23.622+07:00 TRACE 21596 --- [FLearn_SpringBoot] [  restartedMain] org.hibernate.orm.jdbc.bind              : binding parameter (4:BOOLEAN) <- [true]
2026-06-10T21:23:23.622+07:00 TRACE 21596 --- [FLearn_SpringBoot] [  restartedMain] org.hibernate.orm.jdbc.bind              : binding parameter (5:VARCHAR) <- [$2a$10$VP7a6Kj2XyJOFODE5e8ZBelXIt5BfEMMQ2yxcoi4o1DZ6AbjAGloG]
2026-06-10T21:23:23.622+07:00 TRACE 21596 --- [FLearn_SpringBoot] [  restartedMain] org.hibernate.orm.jdbc.bind              : binding parameter (6:VARCHAR) <- [null]
2026-06-10T21:23:23.622+07:00 TRACE 21596 --- [FLearn_SpringBoot] [  restartedMain] org.hibernate.orm.jdbc.bind              : binding parameter (7:VARCHAR) <- [null]
2026-06-10T21:23:23.622+07:00 TRACE 21596 --- [FLearn_SpringBoot] [  restartedMain] org.hibernate.orm.jdbc.bind              : binding parameter (8:TIMESTAMP) <- [null]
2026-06-10T21:23:23.622+07:00 TRACE 21596 --- [FLearn_SpringBoot] [  restartedMain] org.hibernate.orm.jdbc.bind              : binding parameter (9:INTEGER) <- [0]
2026-06-10T21:23:23.622+07:00 TRACE 21596 --- [FLearn_SpringBoot] [  restartedMain] org.hibernate.orm.jdbc.bind              : binding parameter (10:VARCHAR) <- [ACTIVE]
2026-06-10T21:23:23.624+07:00 TRACE 21596 --- [FLearn_SpringBoot] [  restartedMain] org.hibernate.orm.jdbc.bind              : binding parameter (11:TIMESTAMP) <- [Wed Jun 10 21:23:23 ICT 2026]
2026-06-10T21:23:23.624+07:00 TRACE 21596 --- [FLearn_SpringBoot] [  restartedMain] org.hibernate.orm.jdbc.bind              : binding parameter (12:VARCHAR) <- [admin]
2026-06-10T21:23:23.624+07:00 TRACE 21596 --- [FLearn_SpringBoot] [  restartedMain] org.hibernate.orm.jdbc.bind              : binding parameter (13:INTEGER) <- [4]
2026-06-10T21:23:25.680+07:00  WARN 21596 --- [FLearn_SpringBoot] [  restartedMain] f.configuration.ApplicationInitConfig    : Admin user refreshed with username 'admin' and password 'admin'. Please change the password immediately after logging in.
2026-06-10T21:23:25.683+07:00  INFO 21596 --- [FLearn_SpringBoot] [  restartedMain] .ConditionEvaluationDeltaLoggingListener : Condition evaluation unchanged
2026-06-10T21:23:50.964+07:00  INFO 21596 --- [FLearn_SpringBoot] [nio-8081-exec-2] o.a.c.c.C.[Tomcat-1].[localhost].[/]     : Initializing Spring DispatcherServlet 'dispatcherServlet'
2026-06-10T21:23:50.964+07:00  INFO 21596 --- [FLearn_SpringBoot] [nio-8081-exec-2] o.s.web.servlet.DispatcherServlet        : Initializing Servlet 'dispatcherServlet'
2026-06-10T21:23:50.967+07:00  INFO 21596 --- [FLearn_SpringBoot] [nio-8081-exec-2] o.s.web.servlet.DispatcherServlet        : Completed initialization in 3 ms
2026-06-10T21:23:50.983+07:00 DEBUG 21596 --- [FLearn_SpringBoot] [nio-8081-exec-2] org.hibernate.SQL                        : 
    select
        ss1_0.[SettingID],
        ss1_0.[SettingKey],
        ss1_0.[SettingValue] 
    from
        [SystemSettings] ss1_0 
    where
        ss1_0.[SettingKey]=?
Hibernate: 
    select
        ss1_0.[SettingID],
        ss1_0.[SettingKey],
        ss1_0.[SettingValue] 
    from
        [SystemSettings] ss1_0 
    where
        ss1_0.[SettingKey]=?
2026-06-10T21:23:50.983+07:00 TRACE 21596 --- [FLearn_SpringBoot] [nio-8081-exec-2] org.hibernate.orm.jdbc.bind              : binding parameter (1:VARCHAR) <- [MAINTENANCE_MODE]
2026-06-10T21:23:51.121+07:00 DEBUG 21596 --- [FLearn_SpringBoot] [nio-8081-exec-1] org.hibernate.SQL                        : 
    select
        ss1_0.[SettingID],
        ss1_0.[SettingKey],
        ss1_0.[SettingValue] 
    from
        [SystemSettings] ss1_0 
    where
        ss1_0.[SettingKey]=?
Hibernate: 
    select
        ss1_0.[SettingID],
        ss1_0.[SettingKey],
        ss1_0.[SettingValue] 
    from
        [SystemSettings] ss1_0 
    where
        ss1_0.[SettingKey]=?
2026-06-10T21:23:51.121+07:00 TRACE 21596 --- [FLearn_SpringBoot] [nio-8081-exec-1] org.hibernate.orm.jdbc.bind              : binding parameter (1:VARCHAR) <- [MAINTENANCE_MODE]
2026-06-10T21:23:51.173+07:00 DEBUG 21596 --- [FLearn_SpringBoot] [nio-8081-exec-3] org.hibernate.SQL                        : 
    select
        ss1_0.[SettingID],
        ss1_0.[SettingKey],
        ss1_0.[SettingValue] 
    from
        [SystemSettings] ss1_0 
    where
        ss1_0.[SettingKey]=?
Hibernate: 
    select
        ss1_0.[SettingID],
        ss1_0.[SettingKey],
        ss1_0.[SettingValue] 
    from
        [SystemSettings] ss1_0 
    where
        ss1_0.[SettingKey]=?
2026-06-10T21:23:51.174+07:00 TRACE 21596 --- [FLearn_SpringBoot] [nio-8081-exec-3] org.hibernate.orm.jdbc.bind              : binding parameter (1:VARCHAR) <- [MAINTENANCE_MODE]
2026-06-10T21:23:52.398+07:00 DEBUG 21596 --- [FLearn_SpringBoot] [nio-8081-exec-4] org.hibernate.SQL                        : 
    select
        ss1_0.[SettingID],
        ss1_0.[SettingKey],
        ss1_0.[SettingValue] 
    from
        [SystemSettings] ss1_0 
    where
        ss1_0.[SettingKey]=?
Hibernate: 
    select
        ss1_0.[SettingID],
        ss1_0.[SettingKey],
        ss1_0.[SettingValue] 
    from
        [SystemSettings] ss1_0 
    where
        ss1_0.[SettingKey]=?
2026-06-10T21:23:52.399+07:00 TRACE 21596 --- [FLearn_SpringBoot] [nio-8081-exec-4] org.hibernate.orm.jdbc.bind              : binding parameter (1:VARCHAR) <- [MAINTENANCE_MODE]
2026-06-10T21:23:52.534+07:00 DEBUG 21596 --- [FLearn_SpringBoot] [nio-8081-exec-5] org.hibernate.SQL                        : 
    select
        ss1_0.[SettingID],
        ss1_0.[SettingKey],
        ss1_0.[SettingValue] 
    from
        [SystemSettings] ss1_0 
    where
        ss1_0.[SettingKey]=?
Hibernate: 
    select
        ss1_0.[SettingID],
        ss1_0.[SettingKey],
        ss1_0.[SettingValue] 
    from
        [SystemSettings] ss1_0 
    where
        ss1_0.[SettingKey]=?
2026-06-10T21:23:52.535+07:00 TRACE 21596 --- [FLearn_SpringBoot] [nio-8081-exec-5] org.hibernate.orm.jdbc.bind              : binding parameter (1:VARCHAR) <- [MAINTENANCE_MODE]
2026-06-10T21:24:11.232+07:00 DEBUG 21596 --- [FLearn_SpringBoot] [nio-8081-exec-7] org.hibernate.SQL                        : 
    select
        ss1_0.[SettingID],
        ss1_0.[SettingKey],
        ss1_0.[SettingValue] 
    from
        [SystemSettings] ss1_0 
    where
        ss1_0.[SettingKey]=?
Hibernate: 
    select
        ss1_0.[SettingID],
        ss1_0.[SettingKey],
        ss1_0.[SettingValue] 
    from
        [SystemSettings] ss1_0 
    where
        ss1_0.[SettingKey]=?
2026-06-10T21:24:11.233+07:00 TRACE 21596 --- [FLearn_SpringBoot] [nio-8081-exec-7] org.hibernate.orm.jdbc.bind              : binding parameter (1:VARCHAR) <- [MAINTENANCE_MODE]
2026-06-10T21:24:11.595+07:00 DEBUG 21596 --- [FLearn_SpringBoot] [nio-8081-exec-8] org.hibernate.SQL                        : 
    select
        u1_0.[UserID],
        u1_0.[CreatedAt],
        u1_0.[Department],
        u1_0.[Email],
        u1_0.[FullName],
        u1_0.[IsActive],
        u1_0.[PasswordHash],
        u1_0.[Phone],
        u1_0.[ResetToken],
        u1_0.[ResetTokenExpiry],
        u1_0.[Role],
        u1_0.[Status],
        u1_0.[UpdatedAt],
        u1_0.[Username] 
    from
        [Users] u1_0 
    where
        u1_0.[Username]=?
Hibernate: 
    select
        u1_0.[UserID],
        u1_0.[CreatedAt],
        u1_0.[Department],
        u1_0.[Email],
        u1_0.[FullName],
        u1_0.[IsActive],
        u1_0.[PasswordHash],
        u1_0.[Phone],
        u1_0.[ResetToken],
        u1_0.[ResetTokenExpiry],
        u1_0.[Role],
        u1_0.[Status],
        u1_0.[UpdatedAt],
        u1_0.[Username] 
    from
        [Users] u1_0 
    where
        u1_0.[Username]=?
2026-06-10T21:24:11.595+07:00 TRACE 21596 --- [FLearn_SpringBoot] [nio-8081-exec-8] org.hibernate.orm.jdbc.bind              : binding parameter (1:VARCHAR) <- [admin]
2026-06-10T21:24:12.130+07:00 DEBUG 21596 --- [FLearn_SpringBoot] [io-8081-exec-10] org.hibernate.SQL                        : 
    select
        ss1_0.[SettingID],
        ss1_0.[SettingKey],
        ss1_0.[SettingValue] 
    from
        [SystemSettings] ss1_0 
    where
        ss1_0.[SettingKey]=?
Hibernate: 
    select
        ss1_0.[SettingID],
        ss1_0.[SettingKey],
        ss1_0.[SettingValue] 
    from
        [SystemSettings] ss1_0 
    where
        ss1_0.[SettingKey]=?
2026-06-10T21:24:12.131+07:00 TRACE 21596 --- [FLearn_SpringBoot] [io-8081-exec-10] org.hibernate.orm.jdbc.bind              : binding parameter (1:VARCHAR) <- [MAINTENANCE_MODE]
2026-06-10T21:24:12.193+07:00 DEBUG 21596 --- [FLearn_SpringBoot] [io-8081-exec-10] org.hibernate.SQL                        : 
    select
        ss1_0.[SettingID],
        ss1_0.[SettingKey],
        ss1_0.[SettingValue] 
    from
        [SystemSettings] ss1_0 
    where
        ss1_0.[SettingKey]=?
Hibernate: 
    select
        ss1_0.[SettingID],
        ss1_0.[SettingKey],
        ss1_0.[SettingValue] 
    from
        [SystemSettings] ss1_0 
    where
        ss1_0.[SettingKey]=?
2026-06-10T21:24:12.193+07:00 TRACE 21596 --- [FLearn_SpringBoot] [io-8081-exec-10] org.hibernate.orm.jdbc.bind              : binding parameter (1:VARCHAR) <- [MAINTENANCE_MODE]
2026-06-10T21:24:12.254+07:00 DEBUG 21596 --- [FLearn_SpringBoot] [io-8081-exec-10] org.hibernate.SQL                        : 
    select
        count_big(*) 
    from
        [Users] u1_0
Hibernate: 
    select
        count_big(*) 
    from
        [Users] u1_0
2026-06-10T21:24:12.267+07:00 DEBUG 21596 --- [FLearn_SpringBoot] [io-8081-exec-10] org.hibernate.SQL                        : 
    select
        count_big(u1_0.[UserID]) 
    from
        [Users] u1_0 
    where
        u1_0.[Role]=?
Hibernate: 
    select
        count_big(u1_0.[UserID]) 
    from
        [Users] u1_0 
    where
        u1_0.[Role]=?
2026-06-10T21:24:12.267+07:00 TRACE 21596 --- [FLearn_SpringBoot] [io-8081-exec-10] org.hibernate.orm.jdbc.bind              : binding parameter (1:INTEGER) <- [2]
2026-06-10T21:24:12.275+07:00 DEBUG 21596 --- [FLearn_SpringBoot] [io-8081-exec-10] org.hibernate.SQL                        : 
    select
        count_big(u1_0.[UserID]) 
    from
        [Users] u1_0 
    where
        u1_0.[Role]=?
Hibernate: 
    select
        count_big(u1_0.[UserID]) 
    from
        [Users] u1_0 
    where
        u1_0.[Role]=?
2026-06-10T21:24:12.275+07:00 TRACE 21596 --- [FLearn_SpringBoot] [io-8081-exec-10] org.hibernate.orm.jdbc.bind              : binding parameter (1:INTEGER) <- [1]
2026-06-10T21:24:12.279+07:00 DEBUG 21596 --- [FLearn_SpringBoot] [io-8081-exec-10] org.hibernate.SQL                        : 
    select
        count_big(*) 
    from
        [Classes] c1_0
Hibernate: 
    select
        count_big(*) 
    from
        [Classes] c1_0
2026-06-10T21:24:12.288+07:00 DEBUG 21596 --- [FLearn_SpringBoot] [io-8081-exec-10] org.hibernate.SQL                        : 
    select
        count_big(c1_0.[ClassID]) 
    from
        [Classes] c1_0 
    where
        c1_0.[Status]=?
Hibernate: 
    select
        count_big(c1_0.[ClassID]) 
    from
        [Classes] c1_0 
    where
        c1_0.[Status]=?
2026-06-10T21:24:12.291+07:00 TRACE 21596 --- [FLearn_SpringBoot] [io-8081-exec-10] org.hibernate.orm.jdbc.bind              : binding parameter (1:VARCHAR) <- [ACTIVE]
2026-06-10T21:24:14.783+07:00 DEBUG 21596 --- [FLearn_SpringBoot] [io-8081-exec-10] org.hibernate.SQL                        : 
    select
        count_big(u1_0.[UserID]) 
    from
        [Users] u1_0 
    where
        u1_0.[Role]=? 
        and u1_0.[Status]=?
Hibernate: 
    select
        count_big(u1_0.[UserID]) 
    from
        [Users] u1_0 
    where
        u1_0.[Role]=? 
        and u1_0.[Status]=?
2026-06-10T21:24:14.784+07:00 TRACE 21596 --- [FLearn_SpringBoot] [io-8081-exec-10] org.hibernate.orm.jdbc.bind              : binding parameter (1:INTEGER) <- [1]
2026-06-10T21:24:14.784+07:00 TRACE 21596 --- [FLearn_SpringBoot] [io-8081-exec-10] org.hibernate.orm.jdbc.bind              : binding parameter (2:VARCHAR) <- [BLOCKED]
2026-06-10T21:24:15.955+07:00 DEBUG 21596 --- [FLearn_SpringBoot] [io-8081-exec-10] org.hibernate.SQL                        : 
    select
        c1_0.[ClassID],
        c1_0.[ClassName],
        c1_0.[CreatedAt],
        c1_0.[Description],
        c1_0.[EndDate],
        c1_0.[InviteCode],
        c1_0.[IsActive],
        c1_0.[StartDate],
        c1_0.[Status],
        c1_0.[TeacherID],
        c1_0.[UpdatedAt] 
    from
        [Classes] c1_0
Hibernate: 
    select
        c1_0.[ClassID],
        c1_0.[ClassName],
        c1_0.[CreatedAt],
        c1_0.[Description],
        c1_0.[EndDate],
        c1_0.[InviteCode],
        c1_0.[IsActive],
        c1_0.[StartDate],
        c1_0.[Status],
        c1_0.[TeacherID],
        c1_0.[UpdatedAt] 
    from
        [Classes] c1_0
2026-06-10T21:24:16.021+07:00 DEBUG 21596 --- [FLearn_SpringBoot] [io-8081-exec-10] org.hibernate.SQL                        : 
    select
        u1_0.[UserID],
        u1_0.[CreatedAt],
        u1_0.[Department],
        u1_0.[Email],
        u1_0.[FullName],
        u1_0.[IsActive],
        u1_0.[PasswordHash],
        u1_0.[Phone],
        u1_0.[ResetToken],
        u1_0.[ResetTokenExpiry],
        u1_0.[Role],
        u1_0.[Status],
        u1_0.[UpdatedAt],
        u1_0.[Username] 
    from
        [Users] u1_0 
    where
        u1_0.[UserID]=?
Hibernate: 
    select
        u1_0.[UserID],
        u1_0.[CreatedAt],
        u1_0.[Department],
        u1_0.[Email],
        u1_0.[FullName],
        u1_0.[IsActive],
        u1_0.[PasswordHash],
        u1_0.[Phone],
        u1_0.[ResetToken],
        u1_0.[ResetTokenExpiry],
        u1_0.[Role],
        u1_0.[Status],
        u1_0.[UpdatedAt],
        u1_0.[Username] 
    from
        [Users] u1_0 
    where
        u1_0.[UserID]=?
2026-06-10T21:24:16.035+07:00 TRACE 21596 --- [FLearn_SpringBoot] [io-8081-exec-10] org.hibernate.orm.jdbc.bind              : binding parameter (1:INTEGER) <- [5]
2026-06-10T21:24:16.203+07:00 DEBUG 21596 --- [FLearn_SpringBoot] [io-8081-exec-10] org.hibernate.SQL                        : 
    select
        u1_0.[UserID],
        u1_0.[CreatedAt],
        u1_0.[Department],
        u1_0.[Email],
        u1_0.[FullName],
        u1_0.[IsActive],
        u1_0.[PasswordHash],
        u1_0.[Phone],
        u1_0.[ResetToken],
        u1_0.[ResetTokenExpiry],
        u1_0.[Role],
        u1_0.[Status],
        u1_0.[UpdatedAt],
        u1_0.[Username] 
    from
        [Users] u1_0 
    where
        u1_0.[Role]=?
Hibernate: 
    select
        u1_0.[UserID],
        u1_0.[CreatedAt],
        u1_0.[Department],
        u1_0.[Email],
        u1_0.[FullName],
        u1_0.[IsActive],
        u1_0.[PasswordHash],
        u1_0.[Phone],
        u1_0.[ResetToken],
        u1_0.[ResetTokenExpiry],
        u1_0.[Role],
        u1_0.[Status],
        u1_0.[UpdatedAt],
        u1_0.[Username] 
    from
        [Users] u1_0 
    where
        u1_0.[Role]=?
2026-06-10T21:24:16.216+07:00 TRACE 21596 --- [FLearn_SpringBoot] [io-8081-exec-10] org.hibernate.orm.jdbc.bind              : binding parameter (1:INTEGER) <- [1]
2026-06-10T21:24:17.892+07:00 DEBUG 21596 --- [FLearn_SpringBoot] [nio-8081-exec-9] org.hibernate.SQL                        : 
    select
        ss1_0.[SettingID],
        ss1_0.[SettingKey],
        ss1_0.[SettingValue] 
    from
        [SystemSettings] ss1_0 
    where
        ss1_0.[SettingKey]=?
Hibernate: 
    select
        ss1_0.[SettingID],
        ss1_0.[SettingKey],
        ss1_0.[SettingValue] 
    from
        [SystemSettings] ss1_0 
    where
        ss1_0.[SettingKey]=?
2026-06-10T21:24:17.892+07:00 TRACE 21596 --- [FLearn_SpringBoot] [nio-8081-exec-9] org.hibernate.orm.jdbc.bind              : binding parameter (1:VARCHAR) <- [MAINTENANCE_MODE]
2026-06-10T21:24:18.799+07:00 DEBUG 21596 --- [FLearn_SpringBoot] [nio-8081-exec-9] org.hibernate.SQL                        : 
    select
        count_big(*) 
    from
        [Users] u1_0
Hibernate: 
    select
        count_big(*) 
    from
        [Users] u1_0
2026-06-10T21:24:18.945+07:00 DEBUG 21596 --- [FLearn_SpringBoot] [nio-8081-exec-9] org.hibernate.SQL                        : 
    select
        count_big(u1_0.[UserID]) 
    from
        [Users] u1_0 
    where
        u1_0.[Role]=?
Hibernate: 
    select
        count_big(u1_0.[UserID]) 
    from
        [Users] u1_0 
    where
        u1_0.[Role]=?
2026-06-10T21:24:18.945+07:00 TRACE 21596 --- [FLearn_SpringBoot] [nio-8081-exec-9] org.hibernate.orm.jdbc.bind              : binding parameter (1:INTEGER) <- [2]
2026-06-10T21:24:19.113+07:00 DEBUG 21596 --- [FLearn_SpringBoot] [nio-8081-exec-9] org.hibernate.SQL                        : 
    select
        count_big(u1_0.[UserID]) 
    from
        [Users] u1_0 
    where
        u1_0.[Role]=?
Hibernate: 
    select
        count_big(u1_0.[UserID]) 
    from
        [Users] u1_0 
    where
        u1_0.[Role]=?
2026-06-10T21:24:19.113+07:00 TRACE 21596 --- [FLearn_SpringBoot] [nio-8081-exec-9] org.hibernate.orm.jdbc.bind              : binding parameter (1:INTEGER) <- [1]
2026-06-10T21:24:19.161+07:00 DEBUG 21596 --- [FLearn_SpringBoot] [nio-8081-exec-9] org.hibernate.SQL                        : 
    select
        count_big(*) 
    from
        [Classes] c1_0
Hibernate: 
    select
        count_big(*) 
    from
        [Classes] c1_0
2026-06-10T21:24:19.183+07:00 DEBUG 21596 --- [FLearn_SpringBoot] [nio-8081-exec-9] org.hibernate.SQL                        : 
    select
        count_big(c1_0.[ClassID]) 
    from
        [Classes] c1_0 
    where
        c1_0.[Status]=?
Hibernate: 
    select
        count_big(c1_0.[ClassID]) 
    from
        [Classes] c1_0 
    where
        c1_0.[Status]=?
2026-06-10T21:24:19.184+07:00 TRACE 21596 --- [FLearn_SpringBoot] [nio-8081-exec-9] org.hibernate.orm.jdbc.bind              : binding parameter (1:VARCHAR) <- [ACTIVE]
2026-06-10T21:24:19.279+07:00 DEBUG 21596 --- [FLearn_SpringBoot] [nio-8081-exec-9] org.hibernate.SQL                        : 
    select
        count_big(u1_0.[UserID]) 
    from
        [Users] u1_0 
    where
        u1_0.[Role]=? 
        and u1_0.[Status]=?
Hibernate: 
    select
        count_big(u1_0.[UserID]) 
    from
        [Users] u1_0 
    where
        u1_0.[Role]=? 
        and u1_0.[Status]=?
2026-06-10T21:24:19.279+07:00 TRACE 21596 --- [FLearn_SpringBoot] [nio-8081-exec-9] org.hibernate.orm.jdbc.bind              : binding parameter (1:INTEGER) <- [1]
2026-06-10T21:24:19.279+07:00 TRACE 21596 --- [FLearn_SpringBoot] [nio-8081-exec-9] org.hibernate.orm.jdbc.bind              : binding parameter (2:VARCHAR) <- [BLOCKED]
2026-06-10T21:24:19.306+07:00 DEBUG 21596 --- [FLearn_SpringBoot] [nio-8081-exec-9] org.hibernate.SQL                        : 
    select
        c1_0.[ClassID],
        c1_0.[ClassName],
        c1_0.[CreatedAt],
        c1_0.[Description],
        c1_0.[EndDate],
        c1_0.[InviteCode],
        c1_0.[IsActive],
        c1_0.[StartDate],
        c1_0.[Status],
        c1_0.[TeacherID],
        c1_0.[UpdatedAt] 
    from
        [Classes] c1_0
Hibernate: 
    select
        c1_0.[ClassID],
        c1_0.[ClassName],
        c1_0.[CreatedAt],
        c1_0.[Description],
        c1_0.[EndDate],
        c1_0.[InviteCode],
        c1_0.[IsActive],
        c1_0.[StartDate],
        c1_0.[Status],
        c1_0.[TeacherID],
        c1_0.[UpdatedAt] 
    from
        [Classes] c1_0
2026-06-10T21:24:19.316+07:00 DEBUG 21596 --- [FLearn_SpringBoot] [nio-8081-exec-9] org.hibernate.SQL                        : 
    select
        u1_0.[UserID],
        u1_0.[CreatedAt],
        u1_0.[Department],
        u1_0.[Email],
        u1_0.[FullName],
        u1_0.[IsActive],
        u1_0.[PasswordHash],
        u1_0.[Phone],
        u1_0.[ResetToken],
        u1_0.[ResetTokenExpiry],
        u1_0.[Role],
        u1_0.[Status],
        u1_0.[UpdatedAt],
        u1_0.[Username] 
    from
        [Users] u1_0 
    where
        u1_0.[UserID]=?
Hibernate: 
    select
        u1_0.[UserID],
        u1_0.[CreatedAt],
        u1_0.[Department],
        u1_0.[Email],
        u1_0.[FullName],
        u1_0.[IsActive],
        u1_0.[PasswordHash],
        u1_0.[Phone],
        u1_0.[ResetToken],
        u1_0.[ResetTokenExpiry],
        u1_0.[Role],
        u1_0.[Status],
        u1_0.[UpdatedAt],
        u1_0.[Username] 
    from
        [Users] u1_0 
    where
        u1_0.[UserID]=?
2026-06-10T21:24:19.316+07:00 TRACE 21596 --- [FLearn_SpringBoot] [nio-8081-exec-9] org.hibernate.orm.jdbc.bind              : binding parameter (1:INTEGER) <- [5]
2026-06-10T21:24:19.465+07:00 DEBUG 21596 --- [FLearn_SpringBoot] [nio-8081-exec-9] org.hibernate.SQL                        : 
    select
        u1_0.[UserID],
        u1_0.[CreatedAt],
        u1_0.[Department],
        u1_0.[Email],
        u1_0.[FullName],
        u1_0.[IsActive],
        u1_0.[PasswordHash],
        u1_0.[Phone],
        u1_0.[ResetToken],
        u1_0.[ResetTokenExpiry],
        u1_0.[Role],
        u1_0.[Status],
        u1_0.[UpdatedAt],
        u1_0.[Username] 
    from
        [Users] u1_0 
    where
        u1_0.[Role]=?
Hibernate: 
    select
        u1_0.[UserID],
        u1_0.[CreatedAt],
        u1_0.[Department],
        u1_0.[Email],
        u1_0.[FullName],
        u1_0.[IsActive],
        u1_0.[PasswordHash],
        u1_0.[Phone],
        u1_0.[ResetToken],
        u1_0.[ResetTokenExpiry],
        u1_0.[Role],
        u1_0.[Status],
        u1_0.[UpdatedAt],
        u1_0.[Username] 
    from
        [Users] u1_0 
    where
        u1_0.[Role]=?
2026-06-10T21:24:19.466+07:00 TRACE 21596 --- [FLearn_SpringBoot] [nio-8081-exec-9] org.hibernate.orm.jdbc.bind              : binding parameter (1:INTEGER) <- [1]
2026-06-10T21:24:20.164+07:00 DEBUG 21596 --- [FLearn_SpringBoot] [nio-8081-exec-2] org.hibernate.SQL                        : 
    select
        ss1_0.[SettingID],
        ss1_0.[SettingKey],
        ss1_0.[SettingValue] 
    from
        [SystemSettings] ss1_0 
    where
        ss1_0.[SettingKey]=?
Hibernate: 
    select
        ss1_0.[SettingID],
        ss1_0.[SettingKey],
        ss1_0.[SettingValue] 
    from
        [SystemSettings] ss1_0 
    where
        ss1_0.[SettingKey]=?
2026-06-10T21:24:20.164+07:00 TRACE 21596 --- [FLearn_SpringBoot] [nio-8081-exec-2] org.hibernate.orm.jdbc.bind              : binding parameter (1:VARCHAR) <- [MAINTENANCE_MODE]
2026-06-10T21:24:20.178+07:00 DEBUG 21596 --- [FLearn_SpringBoot] [nio-8081-exec-2] org.hibernate.SQL                        : 
    select
        u1_0.[UserID],
        u1_0.[CreatedAt],
        u1_0.[Department],
        u1_0.[Email],
        u1_0.[FullName],
        u1_0.[IsActive],
        u1_0.[PasswordHash],
        u1_0.[Phone],
        u1_0.[ResetToken],
        u1_0.[ResetTokenExpiry],
        u1_0.[Role],
        u1_0.[Status],
        u1_0.[UpdatedAt],
        u1_0.[Username] 
    from
        [Users] u1_0 
    where
        u1_0.[Role]=?
Hibernate: 
    select
        u1_0.[UserID],
        u1_0.[CreatedAt],
        u1_0.[Department],
        u1_0.[Email],
        u1_0.[FullName],
        u1_0.[IsActive],
        u1_0.[PasswordHash],
        u1_0.[Phone],
        u1_0.[ResetToken],
        u1_0.[ResetTokenExpiry],
        u1_0.[Role],
        u1_0.[Status],
        u1_0.[UpdatedAt],
        u1_0.[Username] 
    from
        [Users] u1_0 
    where
        u1_0.[Role]=?
2026-06-10T21:24:20.178+07:00 TRACE 21596 --- [FLearn_SpringBoot] [nio-8081-exec-2] org.hibernate.orm.jdbc.bind              : binding parameter (1:INTEGER) <- [1]
2026-06-10T21:24:20.597+07:00 DEBUG 21596 --- [FLearn_SpringBoot] [nio-8081-exec-1] org.hibernate.SQL                        : 
    select
        ss1_0.[SettingID],
        ss1_0.[SettingKey],
        ss1_0.[SettingValue] 
    from
        [SystemSettings] ss1_0 
    where
        ss1_0.[SettingKey]=?
Hibernate: 
    select
        ss1_0.[SettingID],
        ss1_0.[SettingKey],
        ss1_0.[SettingValue] 
    from
        [SystemSettings] ss1_0 
    where
        ss1_0.[SettingKey]=?
2026-06-10T21:24:20.597+07:00 TRACE 21596 --- [FLearn_SpringBoot] [nio-8081-exec-1] org.hibernate.orm.jdbc.bind              : binding parameter (1:VARCHAR) <- [MAINTENANCE_MODE]
2026-06-10T21:24:20.611+07:00 DEBUG 21596 --- [FLearn_SpringBoot] [nio-8081-exec-1] org.hibernate.SQL                        : 
    select
        u1_0.[UserID],
        u1_0.[CreatedAt],
        u1_0.[Department],
        u1_0.[Email],
        u1_0.[FullName],
        u1_0.[IsActive],
        u1_0.[PasswordHash],
        u1_0.[Phone],
        u1_0.[ResetToken],
        u1_0.[ResetTokenExpiry],
        u1_0.[Role],
        u1_0.[Status],
        u1_0.[UpdatedAt],
        u1_0.[Username] 
    from
        [Users] u1_0 
    where
        u1_0.[Role]=?
Hibernate: 
    select
        u1_0.[UserID],
        u1_0.[CreatedAt],
        u1_0.[Department],
        u1_0.[Email],
        u1_0.[FullName],
        u1_0.[IsActive],
        u1_0.[PasswordHash],
        u1_0.[Phone],
        u1_0.[ResetToken],
        u1_0.[ResetTokenExpiry],
        u1_0.[Role],
        u1_0.[Status],
        u1_0.[UpdatedAt],
        u1_0.[Username] 
    from
        [Users] u1_0 
    where
        u1_0.[Role]=?
2026-06-10T21:24:20.611+07:00 TRACE 21596 --- [FLearn_SpringBoot] [nio-8081-exec-1] org.hibernate.orm.jdbc.bind              : binding parameter (1:INTEGER) <- [2]
2026-06-10T21:24:28.997+07:00 DEBUG 21596 --- [FLearn_SpringBoot] [nio-8081-exec-3] org.hibernate.SQL                        : 
    select
        ss1_0.[SettingID],
        ss1_0.[SettingKey],
        ss1_0.[SettingValue] 
    from
        [SystemSettings] ss1_0 
    where
        ss1_0.[SettingKey]=?
Hibernate: 
    select
        ss1_0.[SettingID],
        ss1_0.[SettingKey],
        ss1_0.[SettingValue] 
    from
        [SystemSettings] ss1_0 
    where
        ss1_0.[SettingKey]=?
2026-06-10T21:24:28.998+07:00 TRACE 21596 --- [FLearn_SpringBoot] [nio-8081-exec-3] org.hibernate.orm.jdbc.bind              : binding parameter (1:VARCHAR) <- [MAINTENANCE_MODE]
2026-06-10T21:24:29.012+07:00 DEBUG 21596 --- [FLearn_SpringBoot] [nio-8081-exec-3] org.hibernate.SQL                        : 
    select
        ss1_0.[SettingID],
        ss1_0.[SettingKey],
        ss1_0.[SettingValue] 
    from
        [SystemSettings] ss1_0 
    where
        ss1_0.[SettingKey]=?
Hibernate: 
    select
        ss1_0.[SettingID],
        ss1_0.[SettingKey],
        ss1_0.[SettingValue] 
    from
        [SystemSettings] ss1_0 
    where
        ss1_0.[SettingKey]=?
2026-06-10T21:24:29.012+07:00 TRACE 21596 --- [FLearn_SpringBoot] [nio-8081-exec-3] org.hibernate.orm.jdbc.bind              : binding parameter (1:VARCHAR) <- [MAINTENANCE_MODE]
2026-06-10T21:24:29.229+07:00 DEBUG 21596 --- [FLearn_SpringBoot] [nio-8081-exec-4] org.hibernate.SQL                        : 
    select
        ss1_0.[SettingID],
        ss1_0.[SettingKey],
        ss1_0.[SettingValue] 
    from
        [SystemSettings] ss1_0 
    where
        ss1_0.[SettingKey]=?
Hibernate: 
    select
        ss1_0.[SettingID],
        ss1_0.[SettingKey],
        ss1_0.[SettingValue] 
    from
        [SystemSettings] ss1_0 
    where
        ss1_0.[SettingKey]=?
2026-06-10T21:24:29.229+07:00 TRACE 21596 --- [FLearn_SpringBoot] [nio-8081-exec-4] org.hibernate.orm.jdbc.bind              : binding parameter (1:VARCHAR) <- [MAINTENANCE_MODE]
2026-06-10T21:24:29.240+07:00 DEBUG 21596 --- [FLearn_SpringBoot] [nio-8081-exec-4] org.hibernate.SQL                        : 
    select
        count_big(*) 
    from
        [Users] u1_0
Hibernate: 
    select
        count_big(*) 
    from
        [Users] u1_0
2026-06-10T21:24:29.244+07:00 DEBUG 21596 --- [FLearn_SpringBoot] [nio-8081-exec-4] org.hibernate.SQL                        : 
    select
        count_big(u1_0.[UserID]) 
    from
        [Users] u1_0 
    where
        u1_0.[Role]=?
Hibernate: 
    select
        count_big(u1_0.[UserID]) 
    from
        [Users] u1_0 
    where
        u1_0.[Role]=?
2026-06-10T21:24:29.244+07:00 TRACE 21596 --- [FLearn_SpringBoot] [nio-8081-exec-4] org.hibernate.orm.jdbc.bind              : binding parameter (1:INTEGER) <- [2]
2026-06-10T21:24:29.247+07:00 DEBUG 21596 --- [FLearn_SpringBoot] [nio-8081-exec-4] org.hibernate.SQL                        : 
    select
        count_big(u1_0.[UserID]) 
    from
        [Users] u1_0 
    where
        u1_0.[Role]=?
Hibernate: 
    select
        count_big(u1_0.[UserID]) 
    from
        [Users] u1_0 
    where
        u1_0.[Role]=?
2026-06-10T21:24:29.248+07:00 TRACE 21596 --- [FLearn_SpringBoot] [nio-8081-exec-4] org.hibernate.orm.jdbc.bind              : binding parameter (1:INTEGER) <- [1]
2026-06-10T21:24:29.249+07:00 DEBUG 21596 --- [FLearn_SpringBoot] [nio-8081-exec-4] org.hibernate.SQL                        : 
    select
        count_big(*) 
    from
        [Classes] c1_0
Hibernate: 
    select
        count_big(*) 
    from
        [Classes] c1_0
2026-06-10T21:24:29.258+07:00 DEBUG 21596 --- [FLearn_SpringBoot] [nio-8081-exec-4] org.hibernate.SQL                        : 
    select
        count_big(c1_0.[ClassID]) 
    from
        [Classes] c1_0 
    where
        c1_0.[Status]=?
Hibernate: 
    select
        count_big(c1_0.[ClassID]) 
    from
        [Classes] c1_0 
    where
        c1_0.[Status]=?
2026-06-10T21:24:29.258+07:00 TRACE 21596 --- [FLearn_SpringBoot] [nio-8081-exec-4] org.hibernate.orm.jdbc.bind              : binding parameter (1:VARCHAR) <- [ACTIVE]
2026-06-10T21:24:29.262+07:00 DEBUG 21596 --- [FLearn_SpringBoot] [nio-8081-exec-4] org.hibernate.SQL                        : 
    select
        count_big(u1_0.[UserID]) 
    from
        [Users] u1_0 
    where
        u1_0.[Role]=? 
        and u1_0.[Status]=?
Hibernate: 
    select
        count_big(u1_0.[UserID]) 
    from
        [Users] u1_0 
    where
        u1_0.[Role]=? 
        and u1_0.[Status]=?
2026-06-10T21:24:29.262+07:00 TRACE 21596 --- [FLearn_SpringBoot] [nio-8081-exec-4] org.hibernate.orm.jdbc.bind              : binding parameter (1:INTEGER) <- [1]
2026-06-10T21:24:29.262+07:00 TRACE 21596 --- [FLearn_SpringBoot] [nio-8081-exec-4] org.hibernate.orm.jdbc.bind              : binding parameter (2:VARCHAR) <- [BLOCKED]
2026-06-10T21:24:29.488+07:00 DEBUG 21596 --- [FLearn_SpringBoot] [nio-8081-exec-5] org.hibernate.SQL                        : 
    select
        ss1_0.[SettingID],
        ss1_0.[SettingKey],
        ss1_0.[SettingValue] 
    from
        [SystemSettings] ss1_0 
    where
        ss1_0.[SettingKey]=?
Hibernate: 
    select
        ss1_0.[SettingID],
        ss1_0.[SettingKey],
        ss1_0.[SettingValue] 
    from
        [SystemSettings] ss1_0 
    where
        ss1_0.[SettingKey]=?
2026-06-10T21:24:29.488+07:00 TRACE 21596 --- [FLearn_SpringBoot] [nio-8081-exec-5] org.hibernate.orm.jdbc.bind              : binding parameter (1:VARCHAR) <- [MAINTENANCE_MODE]
2026-06-10T21:25:19.736+07:00  INFO 21596 --- [FLearn_SpringBoot] [   File Watcher] rtingClassPathChangeChangedEventListener : Restarting due to 7 class path changes (0 additions, 7 deletions, 0 modifications)
2026-06-10T21:25:19.739+07:00  INFO 21596 --- [FLearn_SpringBoot] [      Thread-36] o.s.boot.tomcat.GracefulShutdown         : Commencing graceful shutdown. Waiting for active requests to complete
2026-06-10T21:25:19.774+07:00  INFO 21596 --- [FLearn_SpringBoot] [tomcat-shutdown] o.s.boot.tomcat.GracefulShutdown         : Graceful shutdown complete
2026-06-10T21:25:19.783+07:00  INFO 21596 --- [FLearn_SpringBoot] [      Thread-36] j.LocalContainerEntityManagerFactoryBean : Closing JPA EntityManagerFactory for persistence unit 'default'
2026-06-10T21:25:19.787+07:00  INFO 21596 --- [FLearn_SpringBoot] [      Thread-36] com.zaxxer.hikari.HikariDataSource       : HikariPool-4 - Shutdown initiated...
2026-06-10T21:25:19.791+07:00  INFO 21596 --- [FLearn_SpringBoot] [      Thread-36] com.zaxxer.hikari.HikariDataSource       : HikariPool-4 - Shutdown completed.

  .   ____          _            __ _ _
 /\\ / ___'_ __ _ _(_)_ __  __ _ \ \ \ \
( ( )\___ | '_ | '_| | '_ \/ _` | \ \ \ \
 \\/  ___)| |_)| | | | | || (_| |  ) ) ) )
  '  |____| .__|_| |_|_| |_\__, | / / / /
 =========|_|==============|___/=/_/_/_/

 :: Spring Boot ::                (v4.0.6)

2026-06-10T21:25:20.196+07:00  INFO 21596 --- [FLearn_SpringBoot] [  restartedMain] flearn.FLearnSpringBootApplication       : Starting FLearnSpringBootApplication using Java 21.0.11 with PID 21596 (D:\SWP391\FLearn_\target\classes started by quynh anh in D:\SWP391\FLearn_)
2026-06-10T21:25:20.197+07:00  INFO 21596 --- [FLearn_SpringBoot] [  restartedMain] flearn.FLearnSpringBootApplication       : No active profile set, falling back to 1 default profile: "default"
2026-06-10T21:25:20.987+07:00  INFO 21596 --- [FLearn_SpringBoot] [  restartedMain] .s.d.r.c.RepositoryConfigurationDelegate : Bootstrapping Spring Data JPA repositories in DEFAULT mode.
2026-06-10T21:25:21.062+07:00  INFO 21596 --- [FLearn_SpringBoot] [  restartedMain] .s.d.r.c.RepositoryConfigurationDelegate : Finished Spring Data repository scanning in 71 ms. Found 10 JPA repository interfaces.
2026-06-10T21:25:21.433+07:00  INFO 21596 --- [FLearn_SpringBoot] [  restartedMain] o.s.boot.tomcat.TomcatWebServer          : Tomcat initialized with port 8081 (http)
2026-06-10T21:25:21.443+07:00  INFO 21596 --- [FLearn_SpringBoot] [  restartedMain] o.apache.catalina.core.StandardService   : Starting service [Tomcat]
2026-06-10T21:25:21.445+07:00  INFO 21596 --- [FLearn_SpringBoot] [  restartedMain] o.apache.catalina.core.StandardEngine    : Starting Servlet engine: [Apache Tomcat/11.0.21]
2026-06-10T21:25:21.639+07:00  INFO 21596 --- [FLearn_SpringBoot] [  restartedMain] b.w.c.s.WebApplicationContextInitializer : Root WebApplicationContext: initialization completed in 1434 ms
2026-06-10T21:25:21.778+07:00  WARN 21596 --- [FLearn_SpringBoot] [  restartedMain] o.a.c.c.C.[Tomcat-1].[localhost].[/]     : Cannot deserialize session attribute [SPRING_SECURITY_CONTEXT] for session [CF4E2526810F32773E2CE2B410D8BEAA]
2026-06-10T21:25:21.780+07:00 ERROR 21596 --- [FLearn_SpringBoot] [  restartedMain] o.a.catalina.session.StandardManager     : Exception loading sessions from persistent storage

java.io.StreamCorruptedException: invalid type code: 00
	at java.base/java.io.ObjectInputStream.readObject0(ObjectInputStream.java:1793) ~[na:na]
	at java.base/java.io.ObjectInputStream$FieldValues.<init>(ObjectInputStream.java:2618) ~[na:na]
	at java.base/java.io.ObjectInputStream.defaultReadObject(ObjectInputStream.java:678) ~[na:na]
	at java.base/java.lang.Throwable.readObject(Throwable.java:936) ~[na:na]
	at java.base/jdk.internal.reflect.DirectMethodHandleAccessor.invoke(DirectMethodHandleAccessor.java:103) ~[na:na]
	at java.base/java.lang.reflect.Method.invoke(Method.java:580) ~[na:na]
	at java.base/java.io.ObjectStreamClass.invokeReadObject(ObjectStreamClass.java:1102) ~[na:na]
	at java.base/java.io.ObjectInputStream.readSerialData(ObjectInputStream.java:2444) ~[na:na]
	at java.base/java.io.ObjectInputStream.readOrdinaryObject(ObjectInputStream.java:2284) ~[na:na]
	at java.base/java.io.ObjectInputStream.readObject0(ObjectInputStream.java:1762) ~[na:na]
	at java.base/java.io.ObjectInputStream.readObject(ObjectInputStream.java:540) ~[na:na]
	at java.base/java.io.ObjectInputStream.readObject(ObjectInputStream.java:498) ~[na:na]
	at org.apache.catalina.session.StandardSession.doReadObject(StandardSession.java:1120) ~[tomcat-embed-core-11.0.21.jar:11.0.21]
	at org.apache.catalina.session.StandardSession.readObjectData(StandardSession.java:821) ~[tomcat-embed-core-11.0.21.jar:11.0.21]
	at org.apache.catalina.session.StandardManager.load(StandardManager.java:146) ~[tomcat-embed-core-11.0.21.jar:11.0.21]
	at org.apache.catalina.session.StandardManager.startInternal(StandardManager.java:255) ~[tomcat-embed-core-11.0.21.jar:11.0.21]
	at org.apache.catalina.util.LifecycleBase.start(LifecycleBase.java:164) ~[tomcat-embed-core-11.0.21.jar:11.0.21]
	at org.apache.catalina.core.StandardContext.startInternal(StandardContext.java:4443) ~[tomcat-embed-core-11.0.21.jar:11.0.21]
	at org.apache.catalina.util.LifecycleBase.start(LifecycleBase.java:164) ~[tomcat-embed-core-11.0.21.jar:11.0.21]
	at org.apache.catalina.core.ContainerBase$StartChild.call(ContainerBase.java:1162) ~[tomcat-embed-core-11.0.21.jar:11.0.21]
	at org.apache.catalina.core.ContainerBase$StartChild.call(ContainerBase.java:1158) ~[tomcat-embed-core-11.0.21.jar:11.0.21]
	at java.base/java.util.concurrent.FutureTask.run(FutureTask.java:317) ~[na:na]
	at org.apache.tomcat.util.threads.InlineExecutorService.execute(InlineExecutorService.java:81) ~[tomcat-embed-core-11.0.21.jar:11.0.21]
	at java.base/java.util.concurrent.AbstractExecutorService.submit(AbstractExecutorService.java:145) ~[na:na]
	at org.apache.catalina.core.ContainerBase.startInternal(ContainerBase.java:714) ~[tomcat-embed-core-11.0.21.jar:11.0.21]
	at org.apache.catalina.core.StandardHost.startInternal(StandardHost.java:780) ~[tomcat-embed-core-11.0.21.jar:11.0.21]
	at org.apache.catalina.util.LifecycleBase.start(LifecycleBase.java:164) ~[tomcat-embed-core-11.0.21.jar:11.0.21]
	at org.apache.catalina.core.ContainerBase$StartChild.call(ContainerBase.java:1162) ~[tomcat-embed-core-11.0.21.jar:11.0.21]
	at org.apache.catalina.core.ContainerBase$StartChild.call(ContainerBase.java:1158) ~[tomcat-embed-core-11.0.21.jar:11.0.21]
	at java.base/java.util.concurrent.FutureTask.run(FutureTask.java:317) ~[na:na]
	at org.apache.tomcat.util.threads.InlineExecutorService.execute(InlineExecutorService.java:81) ~[tomcat-embed-core-11.0.21.jar:11.0.21]
	at java.base/java.util.concurrent.AbstractExecutorService.submit(AbstractExecutorService.java:145) ~[na:na]
	at org.apache.catalina.core.ContainerBase.startInternal(ContainerBase.java:714) ~[tomcat-embed-core-11.0.21.jar:11.0.21]
	at org.apache.catalina.core.StandardEngine.startInternal(StandardEngine.java:201) ~[tomcat-embed-core-11.0.21.jar:11.0.21]
	at org.apache.catalina.util.LifecycleBase.start(LifecycleBase.java:164) ~[tomcat-embed-core-11.0.21.jar:11.0.21]
	at org.apache.catalina.core.StandardService.startInternal(StandardService.java:410) ~[tomcat-embed-core-11.0.21.jar:11.0.21]
	at org.apache.catalina.util.LifecycleBase.start(LifecycleBase.java:164) ~[tomcat-embed-core-11.0.21.jar:11.0.21]
	at org.apache.catalina.core.StandardServer.startInternal(StandardServer.java:864) ~[tomcat-embed-core-11.0.21.jar:11.0.21]
	at org.apache.catalina.util.LifecycleBase.start(LifecycleBase.java:164) ~[tomcat-embed-core-11.0.21.jar:11.0.21]
	at org.apache.catalina.startup.Tomcat.start(Tomcat.java:435) ~[tomcat-embed-core-11.0.21.jar:11.0.21]
	at org.springframework.boot.tomcat.TomcatWebServer.initialize(TomcatWebServer.java:131) ~[spring-boot-tomcat-4.0.6.jar:4.0.6]
	at org.springframework.boot.tomcat.TomcatWebServer.<init>(TomcatWebServer.java:110) ~[spring-boot-tomcat-4.0.6.jar:4.0.6]
	at org.springframework.boot.tomcat.servlet.TomcatServletWebServerFactory.getTomcatWebServer(TomcatServletWebServerFactory.java:408) ~[spring-boot-tomcat-4.0.6.jar:4.0.6]
	at org.springframework.boot.tomcat.servlet.TomcatServletWebServerFactory.getWebServer(TomcatServletWebServerFactory.java:166) ~[spring-boot-tomcat-4.0.6.jar:4.0.6]
	at org.springframework.boot.web.server.servlet.context.ServletWebServerApplicationContext.createWebServer(ServletWebServerApplicationContext.java:190) ~[spring-boot-web-server-4.0.6.jar:4.0.6]
	at org.springframework.boot.web.server.servlet.context.ServletWebServerApplicationContext.onRefresh(ServletWebServerApplicationContext.java:164) ~[spring-boot-web-server-4.0.6.jar:4.0.6]
	at org.springframework.context.support.AbstractApplicationContext.refresh(AbstractApplicationContext.java:615) ~[spring-context-7.0.7.jar:7.0.7]
	at org.springframework.boot.web.server.servlet.context.ServletWebServerApplicationContext.refresh(ServletWebServerApplicationContext.java:143) ~[spring-boot-web-server-4.0.6.jar:4.0.6]
	at org.springframework.boot.SpringApplication.refresh(SpringApplication.java:756) ~[spring-boot-4.0.6.jar:4.0.6]
	at org.springframework.boot.SpringApplication.refreshContext(SpringApplication.java:445) ~[spring-boot-4.0.6.jar:4.0.6]
	at org.springframework.boot.SpringApplication.run(SpringApplication.java:321) ~[spring-boot-4.0.6.jar:4.0.6]
	at org.springframework.boot.SpringApplication.run(SpringApplication.java:1365) ~[spring-boot-4.0.6.jar:4.0.6]
	at org.springframework.boot.SpringApplication.run(SpringApplication.java:1354) ~[spring-boot-4.0.6.jar:4.0.6]
	at flearn.FLearnSpringBootApplication.main(FLearnSpringBootApplication.java:10) ~[classes/:na]
	at java.base/jdk.internal.reflect.DirectMethodHandleAccessor.invoke(DirectMethodHandleAccessor.java:103) ~[na:na]
	at java.base/java.lang.reflect.Method.invoke(Method.java:580) ~[na:na]
	at org.springframework.boot.devtools.restart.RestartLauncher.run(RestartLauncher.java:52) ~[spring-boot-devtools-4.0.6.jar:4.0.6]

2026-06-10T21:25:21.923+07:00  INFO 21596 --- [FLearn_SpringBoot] [  restartedMain] org.hibernate.orm.jpa                    : HHH008540: Processing PersistenceUnitInfo [name: default]
2026-06-10T21:25:22.065+07:00  INFO 21596 --- [FLearn_SpringBoot] [  restartedMain] o.s.o.j.p.SpringPersistenceUnitInfo      : No LoadTimeWeaver setup: ignoring JPA class transformer
2026-06-10T21:25:22.073+07:00  INFO 21596 --- [FLearn_SpringBoot] [  restartedMain] com.zaxxer.hikari.HikariDataSource       : HikariPool-5 - Starting...
2026-06-10T21:25:22.728+07:00  INFO 21596 --- [FLearn_SpringBoot] [  restartedMain] com.zaxxer.hikari.pool.HikariPool        : HikariPool-5 - Added connection ConnectionID:41 ClientConnectionId: a106b659-4d9e-4694-93c9-3645b3fca6ae
2026-06-10T21:25:22.728+07:00  INFO 21596 --- [FLearn_SpringBoot] [  restartedMain] com.zaxxer.hikari.HikariDataSource       : HikariPool-5 - Start completed.
2026-06-10T21:25:25.709+07:00  WARN 21596 --- [FLearn_SpringBoot] [  restartedMain] org.hibernate.orm.deprecation            : HHH90000025: SQLServerDialect does not need to be specified explicitly using 'hibernate.dialect' (remove the property setting and it will be selected by default)
2026-06-10T21:25:25.712+07:00  INFO 21596 --- [FLearn_SpringBoot] [  restartedMain] org.hibernate.orm.connections.pooling    : HHH10001005: Database info:
	Database JDBC URL [jdbc:sqlserver://localhost:1433;concatNullYieldsNull=ON;quotedIdentifier=ON;connectRetryInterval=10;connectRetryCount=1;maxResultBuffer=-1;sendTemporalDataTypesAsStringForBulkCopy=true;delayLoadingLobs=true;useFmtOnly=false;vectorTypeSupport=v1;cacheBulkCopyMetadata=false;bulkCopyForBatchInsertAllowEncryptedValueModifications=false;bulkCopyForBatchInsertTableLock=false;bulkCopyForBatchInsertKeepNulls=false;bulkCopyForBatchInsertKeepIdentity=false;bulkCopyForBatchInsertFireTriggers=false;bulkCopyForBatchInsertCheckConstraints=false;bulkCopyForBatchInsertBatchSize=0;useBulkCopyForBatchInsert=false;cancelQueryTimeout=-1;sslProtocol=TLS;calcBigDecimalPrecision=false;useDefaultJaasConfig=false;jaasConfigurationName=SQLJDBCDriver;statementPoolingCacheSize=0;serverPreparedStatementDiscardThreshold=10;enablePrepareOnFirstPreparedStatementCall=false;fips=false;socketTimeout=0;authentication=NotSpecified;authenticationScheme=nativeAuthentication;xopenStates=false;datetimeParameterType=datetime2;sendTimeAsDatetime=true;replication=false;trustStoreType=JKS;trustServerCertificate=true;TransparentNetworkIPResolution=true;iPAddressPreference=IPv4First;serverNameAsACE=false;sendStringParametersAsUnicode=true;selectMethod=direct;responseBuffering=adaptive;queryTimeout=-1;packetSize=8000;multiSubnetFailover=false;loginTimeout=30;lockTimeout=-1;lastUpdateCount=true;useDefaultGSSCredential=false;prepareMethod=prepexec;encrypt=true;disableStatementPooling=true;databaseName=FLearnDB;columnEncryptionSetting=Disabled;applicationName=Microsoft JDBC Driver for SQL Server;applicationIntent=readwrite;]
	Database driver: Microsoft JDBC Driver 13.2 for SQL Server
	Database dialect: SQLServerDialect
	Database version: 16.0
	Default catalog/schema: FLearnDB/dbo
	Autocommit mode: undefined/unknown
	Isolation level: READ_COMMITTED [default READ_COMMITTED]
	JDBC fetch size: 128
	Pool: DataSourceConnectionProvider
	Minimum pool size: undefined/unknown
	Maximum pool size: undefined/unknown
2026-06-10T21:25:25.723+07:00  WARN 21596 --- [FLearn_SpringBoot] [  restartedMain] org.hibernate.orm.deprecation            : HHH90000033: Encountered use of deprecated annotation [interface jakarta.persistence.Temporal] at flearn.entity.ClassMember.joinedAt.
2026-06-10T21:25:25.729+07:00  WARN 21596 --- [FLearn_SpringBoot] [  restartedMain] org.hibernate.orm.deprecation            : HHH90000033: Encountered use of deprecated annotation [interface jakarta.persistence.Temporal] at flearn.entity.Classroom.createdAt.
2026-06-10T21:25:25.732+07:00  WARN 21596 --- [FLearn_SpringBoot] [  restartedMain] org.hibernate.orm.deprecation            : HHH90000033: Encountered use of deprecated annotation [interface jakarta.persistence.Temporal] at flearn.entity.Classroom.updatedAt.
2026-06-10T21:25:25.736+07:00  WARN 21596 --- [FLearn_SpringBoot] [  restartedMain] org.hibernate.orm.deprecation            : HHH90000033: Encountered use of deprecated annotation [interface jakarta.persistence.Temporal] at flearn.entity.Enrollment.approvedAt.
2026-06-10T21:25:25.738+07:00  WARN 21596 --- [FLearn_SpringBoot] [  restartedMain] org.hibernate.orm.deprecation            : HHH90000033: Encountered use of deprecated annotation [interface jakarta.persistence.Temporal] at flearn.entity.Enrollment.rejectedAt.
2026-06-10T21:25:25.739+07:00  WARN 21596 --- [FLearn_SpringBoot] [  restartedMain] org.hibernate.orm.deprecation            : HHH90000033: Encountered use of deprecated annotation [interface jakarta.persistence.Temporal] at flearn.entity.Enrollment.removedAt.
2026-06-10T21:25:25.739+07:00  WARN 21596 --- [FLearn_SpringBoot] [  restartedMain] org.hibernate.orm.deprecation            : HHH90000033: Encountered use of deprecated annotation [interface jakarta.persistence.Temporal] at flearn.entity.Enrollment.requestedAt.
2026-06-10T21:25:25.746+07:00  WARN 21596 --- [FLearn_SpringBoot] [  restartedMain] org.hibernate.orm.deprecation            : HHH90000033: Encountered use of deprecated annotation [interface jakarta.persistence.Temporal] at flearn.entity.Lesson.createdAt.
2026-06-10T21:25:25.750+07:00  WARN 21596 --- [FLearn_SpringBoot] [  restartedMain] org.hibernate.orm.deprecation            : HHH90000033: Encountered use of deprecated annotation [interface jakarta.persistence.Temporal] at flearn.entity.LessonCompletion.completedAt.
2026-06-10T21:25:25.766+07:00  WARN 21596 --- [FLearn_SpringBoot] [  restartedMain] org.hibernate.orm.deprecation            : HHH90000033: Encountered use of deprecated annotation [interface jakarta.persistence.Temporal] at flearn.entity.QuizResult.completedAt.
2026-06-10T21:25:25.776+07:00  WARN 21596 --- [FLearn_SpringBoot] [  restartedMain] org.hibernate.orm.deprecation            : HHH90000033: Encountered use of deprecated annotation [interface jakarta.persistence.Temporal] at flearn.entity.User.createdAt.
2026-06-10T21:25:25.778+07:00  WARN 21596 --- [FLearn_SpringBoot] [  restartedMain] org.hibernate.orm.deprecation            : HHH90000033: Encountered use of deprecated annotation [interface jakarta.persistence.Temporal] at flearn.entity.User.resetTokenExpiry.
2026-06-10T21:25:25.778+07:00  WARN 21596 --- [FLearn_SpringBoot] [  restartedMain] org.hibernate.orm.deprecation            : HHH90000033: Encountered use of deprecated annotation [interface jakarta.persistence.Temporal] at flearn.entity.User.updatedAt.
2026-06-10T21:25:26.339+07:00  INFO 21596 --- [FLearn_SpringBoot] [  restartedMain] org.hibernate.orm.core                   : HHH000489: No JTA platform available (set 'hibernate.transaction.jta.platform' to enable JTA platform integration)
2026-06-10T21:25:28.867+07:00 DEBUG 21596 --- [FLearn_SpringBoot] [  restartedMain] org.hibernate.SQL                        : 
    alter table [Lessons] 
       alter column [Content] NVARCHAR(MAX)
Hibernate: 
    alter table [Lessons] 
       alter column [Content] NVARCHAR(MAX)
2026-06-10T21:25:28.981+07:00 DEBUG 21596 --- [FLearn_SpringBoot] [  restartedMain] org.hibernate.SQL                        : 
    alter table [Questions] 
       alter column [OptionA] NVARCHAR(500)
Hibernate: 
    alter table [Questions] 
       alter column [OptionA] NVARCHAR(500)
2026-06-10T21:25:28.994+07:00 DEBUG 21596 --- [FLearn_SpringBoot] [  restartedMain] org.hibernate.SQL                        : 
    alter table [Questions] 
       alter column [OptionB] NVARCHAR(500)
Hibernate: 
    alter table [Questions] 
       alter column [OptionB] NVARCHAR(500)
2026-06-10T21:25:29.005+07:00 DEBUG 21596 --- [FLearn_SpringBoot] [  restartedMain] org.hibernate.SQL                        : 
    alter table [Questions] 
       alter column [OptionC] NVARCHAR(500)
Hibernate: 
    alter table [Questions] 
       alter column [OptionC] NVARCHAR(500)
2026-06-10T21:25:29.010+07:00 DEBUG 21596 --- [FLearn_SpringBoot] [  restartedMain] org.hibernate.SQL                        : 
    alter table [Questions] 
       alter column [OptionD] NVARCHAR(500)
Hibernate: 
    alter table [Questions] 
       alter column [OptionD] NVARCHAR(500)
2026-06-10T21:25:29.020+07:00 DEBUG 21596 --- [FLearn_SpringBoot] [  restartedMain] org.hibernate.SQL                        : 
    alter table [Questions] 
       alter column [QuestionText] NVARCHAR(MAX)
Hibernate: 
    alter table [Questions] 
       alter column [QuestionText] NVARCHAR(MAX)
2026-06-10T21:25:29.027+07:00 DEBUG 21596 --- [FLearn_SpringBoot] [  restartedMain] org.hibernate.SQL                        : 
    alter table [Quizzes] 
       alter column [Title] NVARCHAR(200)
Hibernate: 
    alter table [Quizzes] 
       alter column [Title] NVARCHAR(200)
2026-06-10T21:25:36.418+07:00  INFO 21596 --- [FLearn_SpringBoot] [  restartedMain] j.LocalContainerEntityManagerFactoryBean : Initialized JPA EntityManagerFactory for persistence unit 'default'
2026-06-10T21:25:36.946+07:00  WARN 21596 --- [FLearn_SpringBoot] [  restartedMain] JpaBaseConfiguration$JpaWebConfiguration : spring.jpa.open-in-view is enabled by default. Therefore, database queries may be performed during view rendering. Explicitly configure spring.jpa.open-in-view to disable this warning
2026-06-10T21:25:37.200+07:00  INFO 21596 --- [FLearn_SpringBoot] [  restartedMain] r$InitializeUserDetailsManagerConfigurer : Global AuthenticationManager configured with UserDetailsService bean with name customUserDetailsService
2026-06-10T21:25:37.804+07:00  INFO 21596 --- [FLearn_SpringBoot] [  restartedMain] o.s.boot.tomcat.TomcatWebServer          : Tomcat started on port 8081 (http) with context path '/'
2026-06-10T21:25:37.809+07:00  INFO 21596 --- [FLearn_SpringBoot] [  restartedMain] flearn.FLearnSpringBootApplication       : Started FLearnSpringBootApplication in 17.769 seconds (process running for 2200.652)
2026-06-10T21:25:37.978+07:00 DEBUG 21596 --- [FLearn_SpringBoot] [  restartedMain] org.hibernate.SQL                        : 
    select
        u1_0.[UserID],
        u1_0.[CreatedAt],
        u1_0.[Department],
        u1_0.[Email],
        u1_0.[FullName],
        u1_0.[IsActive],
        u1_0.[PasswordHash],
        u1_0.[Phone],
        u1_0.[ResetToken],
        u1_0.[ResetTokenExpiry],
        u1_0.[Role],
        u1_0.[Status],
        u1_0.[UpdatedAt],
        u1_0.[Username] 
    from
        [Users] u1_0 
    where
        u1_0.[Username]=?
Hibernate: 
    select
        u1_0.[UserID],
        u1_0.[CreatedAt],
        u1_0.[Department],
        u1_0.[Email],
        u1_0.[FullName],
        u1_0.[IsActive],
        u1_0.[PasswordHash],
        u1_0.[Phone],
        u1_0.[ResetToken],
        u1_0.[ResetTokenExpiry],
        u1_0.[Role],
        u1_0.[Status],
        u1_0.[UpdatedAt],
        u1_0.[Username] 
    from
        [Users] u1_0 
    where
        u1_0.[Username]=?
2026-06-10T21:25:37.979+07:00 TRACE 21596 --- [FLearn_SpringBoot] [  restartedMain] org.hibernate.orm.jdbc.bind              : binding parameter (1:VARCHAR) <- [admin]
2026-06-10T21:25:38.334+07:00 DEBUG 21596 --- [FLearn_SpringBoot] [  restartedMain] org.hibernate.SQL                        : 
    select
        u1_0.[UserID],
        u1_0.[CreatedAt],
        u1_0.[Department],
        u1_0.[Email],
        u1_0.[FullName],
        u1_0.[IsActive],
        u1_0.[PasswordHash],
        u1_0.[Phone],
        u1_0.[ResetToken],
        u1_0.[ResetTokenExpiry],
        u1_0.[Role],
        u1_0.[Status],
        u1_0.[UpdatedAt],
        u1_0.[Username] 
    from
        [Users] u1_0 
    where
        u1_0.[UserID]=?
Hibernate: 
    select
        u1_0.[UserID],
        u1_0.[CreatedAt],
        u1_0.[Department],
        u1_0.[Email],
        u1_0.[FullName],
        u1_0.[IsActive],
        u1_0.[PasswordHash],
        u1_0.[Phone],
        u1_0.[ResetToken],
        u1_0.[ResetTokenExpiry],
        u1_0.[Role],
        u1_0.[Status],
        u1_0.[UpdatedAt],
        u1_0.[Username] 
    from
        [Users] u1_0 
    where
        u1_0.[UserID]=?
2026-06-10T21:25:38.334+07:00 TRACE 21596 --- [FLearn_SpringBoot] [  restartedMain] org.hibernate.orm.jdbc.bind              : binding parameter (1:INTEGER) <- [4]
2026-06-10T21:25:38.354+07:00 DEBUG 21596 --- [FLearn_SpringBoot] [  restartedMain] org.hibernate.SQL                        : 
    update
        [Users] 
    set
        [Department]=?,
        [Email]=?,
        [FullName]=?,
        [IsActive]=?,
        [PasswordHash]=?,
        [Phone]=?,
        [ResetToken]=?,
        [ResetTokenExpiry]=?,
        [Role]=?,
        [Status]=?,
        [UpdatedAt]=?,
        [Username]=? 
    where
        [UserID]=?
Hibernate: 
    update
        [Users] 
    set
        [Department]=?,
        [Email]=?,
        [FullName]=?,
        [IsActive]=?,
        [PasswordHash]=?,
        [Phone]=?,
        [ResetToken]=?,
        [ResetTokenExpiry]=?,
        [Role]=?,
        [Status]=?,
        [UpdatedAt]=?,
        [Username]=? 
    where
        [UserID]=?
2026-06-10T21:25:38.354+07:00 TRACE 21596 --- [FLearn_SpringBoot] [  restartedMain] org.hibernate.orm.jdbc.bind              : binding parameter (1:VARCHAR) <- [null]
2026-06-10T21:25:38.354+07:00 TRACE 21596 --- [FLearn_SpringBoot] [  restartedMain] org.hibernate.orm.jdbc.bind              : binding parameter (2:VARCHAR) <- [admin@flearn.local]
2026-06-10T21:25:38.354+07:00 TRACE 21596 --- [FLearn_SpringBoot] [  restartedMain] org.hibernate.orm.jdbc.bind              : binding parameter (3:VARCHAR) <- [FLearn Administrator]
2026-06-10T21:25:38.354+07:00 TRACE 21596 --- [FLearn_SpringBoot] [  restartedMain] org.hibernate.orm.jdbc.bind              : binding parameter (4:BOOLEAN) <- [true]
2026-06-10T21:25:38.354+07:00 TRACE 21596 --- [FLearn_SpringBoot] [  restartedMain] org.hibernate.orm.jdbc.bind              : binding parameter (5:VARCHAR) <- [$2a$10$wC3Wo758eZ4v9SSKMbpck.fAnrT.LzAsM1sBnC8AXg5ZCv77hw54y]
2026-06-10T21:25:38.354+07:00 TRACE 21596 --- [FLearn_SpringBoot] [  restartedMain] org.hibernate.orm.jdbc.bind              : binding parameter (6:VARCHAR) <- [null]
2026-06-10T21:25:38.354+07:00 TRACE 21596 --- [FLearn_SpringBoot] [  restartedMain] org.hibernate.orm.jdbc.bind              : binding parameter (7:VARCHAR) <- [null]
2026-06-10T21:25:38.354+07:00 TRACE 21596 --- [FLearn_SpringBoot] [  restartedMain] org.hibernate.orm.jdbc.bind              : binding parameter (8:TIMESTAMP) <- [null]
2026-06-10T21:25:38.355+07:00 TRACE 21596 --- [FLearn_SpringBoot] [  restartedMain] org.hibernate.orm.jdbc.bind              : binding parameter (9:INTEGER) <- [0]
2026-06-10T21:25:38.355+07:00 TRACE 21596 --- [FLearn_SpringBoot] [  restartedMain] org.hibernate.orm.jdbc.bind              : binding parameter (10:VARCHAR) <- [ACTIVE]
2026-06-10T21:25:38.357+07:00 TRACE 21596 --- [FLearn_SpringBoot] [  restartedMain] org.hibernate.orm.jdbc.bind              : binding parameter (11:TIMESTAMP) <- [Wed Jun 10 21:25:38 ICT 2026]
2026-06-10T21:25:38.357+07:00 TRACE 21596 --- [FLearn_SpringBoot] [  restartedMain] org.hibernate.orm.jdbc.bind              : binding parameter (12:VARCHAR) <- [admin]
2026-06-10T21:25:38.357+07:00 TRACE 21596 --- [FLearn_SpringBoot] [  restartedMain] org.hibernate.orm.jdbc.bind              : binding parameter (13:INTEGER) <- [4]
2026-06-10T21:25:38.563+07:00  WARN 21596 --- [FLearn_SpringBoot] [  restartedMain] f.configuration.ApplicationInitConfig    : Admin user refreshed with username 'admin' and password 'admin'. Please change the password immediately after logging in.
2026-06-10T21:25:38.564+07:00  INFO 21596 --- [FLearn_SpringBoot] [  restartedMain] .ConditionEvaluationDeltaLoggingListener : Condition evaluation unchanged
2026-06-10T21:26:08.971+07:00  INFO 21596 --- [FLearn_SpringBoot] [   File Watcher] rtingClassPathChangeChangedEventListener : Restarting due to 2 class path changes (2 additions, 0 deletions, 0 modifications)
2026-06-10T21:26:08.972+07:00  INFO 21596 --- [FLearn_SpringBoot] [      Thread-43] o.s.boot.tomcat.GracefulShutdown         : Commencing graceful shutdown. Waiting for active requests to complete
2026-06-10T21:26:08.993+07:00  INFO 21596 --- [FLearn_SpringBoot] [tomcat-shutdown] o.s.boot.tomcat.GracefulShutdown         : Graceful shutdown complete
2026-06-10T21:26:08.997+07:00  INFO 21596 --- [FLearn_SpringBoot] [      Thread-43] j.LocalContainerEntityManagerFactoryBean : Closing JPA EntityManagerFactory for persistence unit 'default'
2026-06-10T21:26:08.998+07:00  INFO 21596 --- [FLearn_SpringBoot] [      Thread-43] com.zaxxer.hikari.HikariDataSource       : HikariPool-5 - Shutdown initiated...
2026-06-10T21:26:09.003+07:00  INFO 21596 --- [FLearn_SpringBoot] [      Thread-43] com.zaxxer.hikari.HikariDataSource       : HikariPool-5 - Shutdown completed.

  .   ____          _            __ _ _
 /\\ / ___'_ __ _ _(_)_ __  __ _ \ \ \ \
( ( )\___ | '_ | '_| | '_ \/ _` | \ \ \ \
 \\/  ___)| |_)| | | | | || (_| |  ) ) ) )
  '  |____| .__|_| |_|_| |_\__, | / / / /
 =========|_|==============|___/=/_/_/_/

 :: Spring Boot ::                (v4.0.6)

2026-06-10T21:26:09.235+07:00  INFO 21596 --- [FLearn_SpringBoot] [  restartedMain] flearn.FLearnSpringBootApplication       : Starting FLearnSpringBootApplication using Java 21.0.11 with PID 21596 (D:\SWP391\FLearn_\target\classes started by quynh anh in D:\SWP391\FLearn_)
2026-06-10T21:26:09.236+07:00  INFO 21596 --- [FLearn_SpringBoot] [  restartedMain] flearn.FLearnSpringBootApplication       : No active profile set, falling back to 1 default profile: "default"
2026-06-10T21:26:10.155+07:00  INFO 21596 --- [FLearn_SpringBoot] [  restartedMain] .s.d.r.c.RepositoryConfigurationDelegate : Bootstrapping Spring Data JPA repositories in DEFAULT mode.
2026-06-10T21:26:10.288+07:00  INFO 21596 --- [FLearn_SpringBoot] [  restartedMain] .s.d.r.c.RepositoryConfigurationDelegate : Finished Spring Data repository scanning in 127 ms. Found 10 JPA repository interfaces.
2026-06-10T21:26:10.577+07:00  INFO 21596 --- [FLearn_SpringBoot] [  restartedMain] o.s.boot.tomcat.TomcatWebServer          : Tomcat initialized with port 8081 (http)
2026-06-10T21:26:10.578+07:00  INFO 21596 --- [FLearn_SpringBoot] [  restartedMain] o.apache.catalina.core.StandardService   : Starting service [Tomcat]
2026-06-10T21:26:10.579+07:00  INFO 21596 --- [FLearn_SpringBoot] [  restartedMain] o.apache.catalina.core.StandardEngine    : Starting Servlet engine: [Apache Tomcat/11.0.21]
2026-06-10T21:26:10.623+07:00  INFO 21596 --- [FLearn_SpringBoot] [  restartedMain] b.w.c.s.WebApplicationContextInitializer : Root WebApplicationContext: initialization completed in 1380 ms
2026-06-10T21:26:10.715+07:00  INFO 21596 --- [FLearn_SpringBoot] [  restartedMain] org.hibernate.orm.jpa                    : HHH008540: Processing PersistenceUnitInfo [name: default]
2026-06-10T21:26:10.769+07:00  INFO 21596 --- [FLearn_SpringBoot] [  restartedMain] o.s.o.j.p.SpringPersistenceUnitInfo      : No LoadTimeWeaver setup: ignoring JPA class transformer
2026-06-10T21:26:10.771+07:00  INFO 21596 --- [FLearn_SpringBoot] [  restartedMain] com.zaxxer.hikari.HikariDataSource       : HikariPool-6 - Starting...
2026-06-10T21:26:10.812+07:00  INFO 21596 --- [FLearn_SpringBoot] [  restartedMain] com.zaxxer.hikari.pool.HikariPool        : HikariPool-6 - Added connection ConnectionID:51 ClientConnectionId: 796d7b56-91a1-4b7a-84cd-658faedba8a7
2026-06-10T21:26:10.812+07:00  INFO 21596 --- [FLearn_SpringBoot] [  restartedMain] com.zaxxer.hikari.HikariDataSource       : HikariPool-6 - Start completed.
2026-06-10T21:26:10.877+07:00  WARN 21596 --- [FLearn_SpringBoot] [  restartedMain] org.hibernate.orm.deprecation            : HHH90000025: SQLServerDialect does not need to be specified explicitly using 'hibernate.dialect' (remove the property setting and it will be selected by default)
2026-06-10T21:26:10.878+07:00  INFO 21596 --- [FLearn_SpringBoot] [  restartedMain] org.hibernate.orm.connections.pooling    : HHH10001005: Database info:
	Database JDBC URL [jdbc:sqlserver://localhost:1433;concatNullYieldsNull=ON;quotedIdentifier=ON;connectRetryInterval=10;connectRetryCount=1;maxResultBuffer=-1;sendTemporalDataTypesAsStringForBulkCopy=true;delayLoadingLobs=true;useFmtOnly=false;vectorTypeSupport=v1;cacheBulkCopyMetadata=false;bulkCopyForBatchInsertAllowEncryptedValueModifications=false;bulkCopyForBatchInsertTableLock=false;bulkCopyForBatchInsertKeepNulls=false;bulkCopyForBatchInsertKeepIdentity=false;bulkCopyForBatchInsertFireTriggers=false;bulkCopyForBatchInsertCheckConstraints=false;bulkCopyForBatchInsertBatchSize=0;useBulkCopyForBatchInsert=false;cancelQueryTimeout=-1;sslProtocol=TLS;calcBigDecimalPrecision=false;useDefaultJaasConfig=false;jaasConfigurationName=SQLJDBCDriver;statementPoolingCacheSize=0;serverPreparedStatementDiscardThreshold=10;enablePrepareOnFirstPreparedStatementCall=false;fips=false;socketTimeout=0;authentication=NotSpecified;authenticationScheme=nativeAuthentication;xopenStates=false;datetimeParameterType=datetime2;sendTimeAsDatetime=true;replication=false;trustStoreType=JKS;trustServerCertificate=true;TransparentNetworkIPResolution=true;iPAddressPreference=IPv4First;serverNameAsACE=false;sendStringParametersAsUnicode=true;selectMethod=direct;responseBuffering=adaptive;queryTimeout=-1;packetSize=8000;multiSubnetFailover=false;loginTimeout=30;lockTimeout=-1;lastUpdateCount=true;useDefaultGSSCredential=false;prepareMethod=prepexec;encrypt=true;disableStatementPooling=true;databaseName=FLearnDB;columnEncryptionSetting=Disabled;applicationName=Microsoft JDBC Driver for SQL Server;applicationIntent=readwrite;]
	Database driver: Microsoft JDBC Driver 13.2 for SQL Server
	Database dialect: SQLServerDialect
	Database version: 16.0
	Default catalog/schema: FLearnDB/dbo
	Autocommit mode: undefined/unknown
	Isolation level: READ_COMMITTED [default READ_COMMITTED]
	JDBC fetch size: 128
	Pool: DataSourceConnectionProvider
	Minimum pool size: undefined/unknown
	Maximum pool size: undefined/unknown
2026-06-10T21:26:10.888+07:00  WARN 21596 --- [FLearn_SpringBoot] [  restartedMain] org.hibernate.orm.deprecation            : HHH90000033: Encountered use of deprecated annotation [interface jakarta.persistence.Temporal] at flearn.entity.ClassMember.joinedAt.
2026-06-10T21:26:10.895+07:00  WARN 21596 --- [FLearn_SpringBoot] [  restartedMain] org.hibernate.orm.deprecation            : HHH90000033: Encountered use of deprecated annotation [interface jakarta.persistence.Temporal] at flearn.entity.Classroom.createdAt.
2026-06-10T21:26:10.899+07:00  WARN 21596 --- [FLearn_SpringBoot] [  restartedMain] org.hibernate.orm.deprecation            : HHH90000033: Encountered use of deprecated annotation [interface jakarta.persistence.Temporal] at flearn.entity.Classroom.updatedAt.
2026-06-10T21:26:10.906+07:00  WARN 21596 --- [FLearn_SpringBoot] [  restartedMain] org.hibernate.orm.deprecation            : HHH90000033: Encountered use of deprecated annotation [interface jakarta.persistence.Temporal] at flearn.entity.Enrollment.approvedAt.
2026-06-10T21:26:10.906+07:00  WARN 21596 --- [FLearn_SpringBoot] [  restartedMain] org.hibernate.orm.deprecation            : HHH90000033: Encountered use of deprecated annotation [interface jakarta.persistence.Temporal] at flearn.entity.Enrollment.rejectedAt.
2026-06-10T21:26:10.907+07:00  WARN 21596 --- [FLearn_SpringBoot] [  restartedMain] org.hibernate.orm.deprecation            : HHH90000033: Encountered use of deprecated annotation [interface jakarta.persistence.Temporal] at flearn.entity.Enrollment.removedAt.
2026-06-10T21:26:10.907+07:00  WARN 21596 --- [FLearn_SpringBoot] [  restartedMain] org.hibernate.orm.deprecation            : HHH90000033: Encountered use of deprecated annotation [interface jakarta.persistence.Temporal] at flearn.entity.Enrollment.requestedAt.
2026-06-10T21:26:10.913+07:00  WARN 21596 --- [FLearn_SpringBoot] [  restartedMain] org.hibernate.orm.deprecation            : HHH90000033: Encountered use of deprecated annotation [interface jakarta.persistence.Temporal] at flearn.entity.Lesson.createdAt.
2026-06-10T21:26:10.918+07:00  WARN 21596 --- [FLearn_SpringBoot] [  restartedMain] org.hibernate.orm.deprecation            : HHH90000033: Encountered use of deprecated annotation [interface jakarta.persistence.Temporal] at flearn.entity.LessonCompletion.completedAt.
2026-06-10T21:26:10.951+07:00  WARN 21596 --- [FLearn_SpringBoot] [  restartedMain] org.hibernate.orm.deprecation            : HHH90000033: Encountered use of deprecated annotation [interface jakarta.persistence.Temporal] at flearn.entity.QuizResult.completedAt.
2026-06-10T21:26:10.977+07:00  WARN 21596 --- [FLearn_SpringBoot] [  restartedMain] org.hibernate.orm.deprecation            : HHH90000033: Encountered use of deprecated annotation [interface jakarta.persistence.Temporal] at flearn.entity.User.createdAt.
2026-06-10T21:26:10.994+07:00  WARN 21596 --- [FLearn_SpringBoot] [  restartedMain] org.hibernate.orm.deprecation            : HHH90000033: Encountered use of deprecated annotation [interface jakarta.persistence.Temporal] at flearn.entity.User.resetTokenExpiry.
2026-06-10T21:26:11.003+07:00  WARN 21596 --- [FLearn_SpringBoot] [  restartedMain] org.hibernate.orm.deprecation            : HHH90000033: Encountered use of deprecated annotation [interface jakarta.persistence.Temporal] at flearn.entity.User.updatedAt.
2026-06-10T21:26:11.557+07:00  INFO 21596 --- [FLearn_SpringBoot] [  restartedMain] org.hibernate.orm.core                   : HHH000489: No JTA platform available (set 'hibernate.transaction.jta.platform' to enable JTA platform integration)
2026-06-10T21:26:12.348+07:00 DEBUG 21596 --- [FLearn_SpringBoot] [  restartedMain] org.hibernate.SQL                        : 
    alter table [Lessons] 
       alter column [Content] NVARCHAR(MAX)
Hibernate: 
    alter table [Lessons] 
       alter column [Content] NVARCHAR(MAX)
2026-06-10T21:26:12.352+07:00 DEBUG 21596 --- [FLearn_SpringBoot] [  restartedMain] org.hibernate.SQL                        : 
    alter table [Questions] 
       alter column [OptionA] NVARCHAR(500)
Hibernate: 
    alter table [Questions] 
       alter column [OptionA] NVARCHAR(500)
2026-06-10T21:26:12.355+07:00 DEBUG 21596 --- [FLearn_SpringBoot] [  restartedMain] org.hibernate.SQL                        : 
    alter table [Questions] 
       alter column [OptionB] NVARCHAR(500)
Hibernate: 
    alter table [Questions] 
       alter column [OptionB] NVARCHAR(500)
2026-06-10T21:26:12.358+07:00 DEBUG 21596 --- [FLearn_SpringBoot] [  restartedMain] org.hibernate.SQL                        : 
    alter table [Questions] 
       alter column [OptionC] NVARCHAR(500)
Hibernate: 
    alter table [Questions] 
       alter column [OptionC] NVARCHAR(500)
2026-06-10T21:26:12.360+07:00 DEBUG 21596 --- [FLearn_SpringBoot] [  restartedMain] org.hibernate.SQL                        : 
    alter table [Questions] 
       alter column [OptionD] NVARCHAR(500)
Hibernate: 
    alter table [Questions] 
       alter column [OptionD] NVARCHAR(500)
2026-06-10T21:26:12.362+07:00 DEBUG 21596 --- [FLearn_SpringBoot] [  restartedMain] org.hibernate.SQL                        : 
    alter table [Questions] 
       alter column [QuestionText] NVARCHAR(MAX)
Hibernate: 
    alter table [Questions] 
       alter column [QuestionText] NVARCHAR(MAX)
2026-06-10T21:26:12.368+07:00 DEBUG 21596 --- [FLearn_SpringBoot] [  restartedMain] org.hibernate.SQL                        : 
    alter table [Quizzes] 
       alter column [Title] NVARCHAR(200)
Hibernate: 
    alter table [Quizzes] 
       alter column [Title] NVARCHAR(200)
2026-06-10T21:26:13.841+07:00  INFO 21596 --- [FLearn_SpringBoot] [  restartedMain] j.LocalContainerEntityManagerFactoryBean : Initialized JPA EntityManagerFactory for persistence unit 'default'
2026-06-10T21:26:14.426+07:00  WARN 21596 --- [FLearn_SpringBoot] [  restartedMain] JpaBaseConfiguration$JpaWebConfiguration : spring.jpa.open-in-view is enabled by default. Therefore, database queries may be performed during view rendering. Explicitly configure spring.jpa.open-in-view to disable this warning
2026-06-10T21:26:14.568+07:00  INFO 21596 --- [FLearn_SpringBoot] [  restartedMain] r$InitializeUserDetailsManagerConfigurer : Global AuthenticationManager configured with UserDetailsService bean with name customUserDetailsService
2026-06-10T21:26:15.025+07:00  INFO 21596 --- [FLearn_SpringBoot] [  restartedMain] o.s.boot.tomcat.TomcatWebServer          : Tomcat started on port 8081 (http) with context path '/'
2026-06-10T21:26:15.032+07:00  INFO 21596 --- [FLearn_SpringBoot] [  restartedMain] flearn.FLearnSpringBootApplication       : Started FLearnSpringBootApplication in 5.903 seconds (process running for 2237.875)
2026-06-10T21:26:15.104+07:00 DEBUG 21596 --- [FLearn_SpringBoot] [  restartedMain] org.hibernate.SQL                        : 
    select
        u1_0.[UserID],
        u1_0.[CreatedAt],
        u1_0.[Department],
        u1_0.[Email],
        u1_0.[FullName],
        u1_0.[IsActive],
        u1_0.[PasswordHash],
        u1_0.[Phone],
        u1_0.[ResetToken],
        u1_0.[ResetTokenExpiry],
        u1_0.[Role],
        u1_0.[Status],
        u1_0.[UpdatedAt],
        u1_0.[Username] 
    from
        [Users] u1_0 
    where
        u1_0.[Username]=?
Hibernate: 
    select
        u1_0.[UserID],
        u1_0.[CreatedAt],
        u1_0.[Department],
        u1_0.[Email],
        u1_0.[FullName],
        u1_0.[IsActive],
        u1_0.[PasswordHash],
        u1_0.[Phone],
        u1_0.[ResetToken],
        u1_0.[ResetTokenExpiry],
        u1_0.[Role],
        u1_0.[Status],
        u1_0.[UpdatedAt],
        u1_0.[Username] 
    from
        [Users] u1_0 
    where
        u1_0.[Username]=?
2026-06-10T21:26:15.105+07:00 TRACE 21596 --- [FLearn_SpringBoot] [  restartedMain] org.hibernate.orm.jdbc.bind              : binding parameter (1:VARCHAR) <- [admin]
2026-06-10T21:26:15.321+07:00 DEBUG 21596 --- [FLearn_SpringBoot] [  restartedMain] org.hibernate.SQL                        : 
    select
        u1_0.[UserID],
        u1_0.[CreatedAt],
        u1_0.[Department],
        u1_0.[Email],
        u1_0.[FullName],
        u1_0.[IsActive],
        u1_0.[PasswordHash],
        u1_0.[Phone],
        u1_0.[ResetToken],
        u1_0.[ResetTokenExpiry],
        u1_0.[Role],
        u1_0.[Status],
        u1_0.[UpdatedAt],
        u1_0.[Username] 
    from
        [Users] u1_0 
    where
        u1_0.[UserID]=?
Hibernate: 
    select
        u1_0.[UserID],
        u1_0.[CreatedAt],
        u1_0.[Department],
        u1_0.[Email],
        u1_0.[FullName],
        u1_0.[IsActive],
        u1_0.[PasswordHash],
        u1_0.[Phone],
        u1_0.[ResetToken],
        u1_0.[ResetTokenExpiry],
        u1_0.[Role],
        u1_0.[Status],
        u1_0.[UpdatedAt],
        u1_0.[Username] 
    from
        [Users] u1_0 
    where
        u1_0.[UserID]=?
2026-06-10T21:26:15.321+07:00 TRACE 21596 --- [FLearn_SpringBoot] [  restartedMain] org.hibernate.orm.jdbc.bind              : binding parameter (1:INTEGER) <- [4]
2026-06-10T21:26:15.336+07:00 DEBUG 21596 --- [FLearn_SpringBoot] [  restartedMain] org.hibernate.SQL                        : 
    update
        [Users] 
    set
        [Department]=?,
        [Email]=?,
        [FullName]=?,
        [IsActive]=?,
        [PasswordHash]=?,
        [Phone]=?,
        [ResetToken]=?,
        [ResetTokenExpiry]=?,
        [Role]=?,
        [Status]=?,
        [UpdatedAt]=?,
        [Username]=? 
    where
        [UserID]=?
Hibernate: 
    update
        [Users] 
    set
        [Department]=?,
        [Email]=?,
        [FullName]=?,
        [IsActive]=?,
        [PasswordHash]=?,
        [Phone]=?,
        [ResetToken]=?,
        [ResetTokenExpiry]=?,
        [Role]=?,
        [Status]=?,
        [UpdatedAt]=?,
        [Username]=? 
    where
        [UserID]=?
2026-06-10T21:26:15.336+07:00 TRACE 21596 --- [FLearn_SpringBoot] [  restartedMain] org.hibernate.orm.jdbc.bind              : binding parameter (1:VARCHAR) <- [null]
2026-06-10T21:26:15.336+07:00 TRACE 21596 --- [FLearn_SpringBoot] [  restartedMain] org.hibernate.orm.jdbc.bind              : binding parameter (2:VARCHAR) <- [admin@flearn.local]
2026-06-10T21:26:15.336+07:00 TRACE 21596 --- [FLearn_SpringBoot] [  restartedMain] org.hibernate.orm.jdbc.bind              : binding parameter (3:VARCHAR) <- [FLearn Administrator]
2026-06-10T21:26:15.336+07:00 TRACE 21596 --- [FLearn_SpringBoot] [  restartedMain] org.hibernate.orm.jdbc.bind              : binding parameter (4:BOOLEAN) <- [true]
2026-06-10T21:26:15.336+07:00 TRACE 21596 --- [FLearn_SpringBoot] [  restartedMain] org.hibernate.orm.jdbc.bind              : binding parameter (5:VARCHAR) <- [$2a$10$F3L07Ui.iOj9YfIz3xNUOOA7l7tKDWha1QxS91U9oBQN08kNOeDMe]
2026-06-10T21:26:15.336+07:00 TRACE 21596 --- [FLearn_SpringBoot] [  restartedMain] org.hibernate.orm.jdbc.bind              : binding parameter (6:VARCHAR) <- [null]
2026-06-10T21:26:15.336+07:00 TRACE 21596 --- [FLearn_SpringBoot] [  restartedMain] org.hibernate.orm.jdbc.bind              : binding parameter (7:VARCHAR) <- [null]
2026-06-10T21:26:15.336+07:00 TRACE 21596 --- [FLearn_SpringBoot] [  restartedMain] org.hibernate.orm.jdbc.bind              : binding parameter (8:TIMESTAMP) <- [null]
2026-06-10T21:26:15.336+07:00 TRACE 21596 --- [FLearn_SpringBoot] [  restartedMain] org.hibernate.orm.jdbc.bind              : binding parameter (9:INTEGER) <- [0]
2026-06-10T21:26:15.336+07:00 TRACE 21596 --- [FLearn_SpringBoot] [  restartedMain] org.hibernate.orm.jdbc.bind              : binding parameter (10:VARCHAR) <- [ACTIVE]
2026-06-10T21:26:15.336+07:00 TRACE 21596 --- [FLearn_SpringBoot] [  restartedMain] org.hibernate.orm.jdbc.bind              : binding parameter (11:TIMESTAMP) <- [Wed Jun 10 21:26:15 ICT 2026]
2026-06-10T21:26:15.337+07:00 TRACE 21596 --- [FLearn_SpringBoot] [  restartedMain] org.hibernate.orm.jdbc.bind              : binding parameter (12:VARCHAR) <- [admin]
2026-06-10T21:26:15.342+07:00 TRACE 21596 --- [FLearn_SpringBoot] [  restartedMain] org.hibernate.orm.jdbc.bind              : binding parameter (13:INTEGER) <- [4]
2026-06-10T21:26:15.374+07:00  WARN 21596 --- [FLearn_SpringBoot] [  restartedMain] f.configuration.ApplicationInitConfig    : Admin user refreshed with username 'admin' and password 'admin'. Please change the password immediately after logging in.
2026-06-10T21:26:15.375+07:00  INFO 21596 --- [FLearn_SpringBoot] [  restartedMain] .ConditionEvaluationDeltaLoggingListener : Condition evaluation unchanged
2026-06-10T21:51:43.304+07:00  INFO 21596 --- [FLearn_SpringBoot] [   File Watcher] rtingClassPathChangeChangedEventListener : Restarting due to 33 class path changes (0 additions, 33 deletions, 0 modifications)
2026-06-10T21:51:43.390+07:00  INFO 21596 --- [FLearn_SpringBoot] [      Thread-47] o.s.boot.tomcat.GracefulShutdown         : Commencing graceful shutdown. Waiting for active requests to complete
2026-06-10T21:51:45.236+07:00  INFO 21596 --- [FLearn_SpringBoot] [tomcat-shutdown] o.s.boot.tomcat.GracefulShutdown         : Graceful shutdown complete
2026-06-10T21:51:45.263+07:00  INFO 21596 --- [FLearn_SpringBoot] [      Thread-47] j.LocalContainerEntityManagerFactoryBean : Closing JPA EntityManagerFactory for persistence unit 'default'
2026-06-10T21:51:45.274+07:00  INFO 21596 --- [FLearn_SpringBoot] [      Thread-47] com.zaxxer.hikari.HikariDataSource       : HikariPool-6 - Shutdown initiated...
2026-06-10T21:51:45.590+07:00  INFO 21596 --- [FLearn_SpringBoot] [      Thread-47] com.zaxxer.hikari.HikariDataSource       : HikariPool-6 - Shutdown completed.

  .   ____          _            __ _ _
 /\\ / ___'_ __ _ _(_)_ __  __ _ \ \ \ \
( ( )\___ | '_ | '_| | '_ \/ _` | \ \ \ \
 \\/  ___)| |_)| | | | | || (_| |  ) ) ) )
  '  |____| .__|_| |_|_| |_\__, | / / / /
 =========|_|==============|___/=/_/_/_/

 :: Spring Boot ::                (v4.0.6)

2026-06-10T21:51:48.439+07:00  INFO 21596 --- [FLearn_SpringBoot] [  restartedMain] flearn.FLearnSpringBootApplication       : Starting FLearnSpringBootApplication using Java 21.0.11 with PID 21596 (D:\SWP391\FLearn_\target\classes started by quynh anh in D:\SWP391\FLearn_)
2026-06-10T21:51:48.440+07:00  INFO 21596 --- [FLearn_SpringBoot] [  restartedMain] flearn.FLearnSpringBootApplication       : No active profile set, falling back to 1 default profile: "default"
2026-06-10T21:51:55.283+07:00  INFO 21596 --- [FLearn_SpringBoot] [  restartedMain] .s.d.r.c.RepositoryConfigurationDelegate : Bootstrapping Spring Data JPA repositories in DEFAULT mode.
2026-06-10T21:51:55.460+07:00  WARN 21596 --- [FLearn_SpringBoot] [  restartedMain] ConfigServletWebServerApplicationContext : Exception encountered during context initialization - cancelling refresh attempt: java.lang.NoClassDefFoundError: flearn/entity/ClassStatus
2026-06-10T21:51:55.467+07:00  INFO 21596 --- [FLearn_SpringBoot] [  restartedMain] .s.b.a.l.ConditionEvaluationReportLogger : 

Error starting ApplicationContext. To display the condition evaluation report re-run your application with 'debug' enabled.
2026-06-10T21:51:55.486+07:00 ERROR 21596 --- [FLearn_SpringBoot] [  restartedMain] o.s.boot.SpringApplication               : Application run failed

java.lang.NoClassDefFoundError: flearn/entity/ClassStatus
	at java.base/java.lang.Class.getDeclaredMethods0(Native Method) ~[na:na]
	at java.base/java.lang.Class.privateGetDeclaredMethods(Class.java:3580) ~[na:na]
	at java.base/java.lang.Class.privateGetPublicMethods(Class.java:3605) ~[na:na]
	at java.base/java.lang.Class.getMethods(Class.java:2187) ~[na:na]
	at org.springframework.data.core.ReactiveWrappers.usesReactiveType(ReactiveWrappers.java:144) ~[spring-data-commons-4.0.5.jar:4.0.5]
	at org.springframework.data.repository.core.support.AbstractRepositoryMetadata.isReactiveRepository(AbstractRepositoryMetadata.java:140) ~[spring-data-commons-4.0.5.jar:4.0.5]
	at org.springframework.data.repository.config.RepositoryConfigurationExtensionSupport.useRepositoryConfiguration(RepositoryConfigurationExtensionSupport.java:344) ~[spring-data-commons-4.0.5.jar:4.0.5]
	at org.springframework.data.repository.config.RepositoryConfigurationExtensionSupport.getRepositoryConfigurations(RepositoryConfigurationExtensionSupport.java:98) ~[spring-data-commons-4.0.5.jar:4.0.5]
	at org.springframework.data.repository.config.RepositoryConfigurationDelegate.registerRepositoriesIn(RepositoryConfigurationDelegate.java:170) ~[spring-data-commons-4.0.5.jar:4.0.5]
	at org.springframework.boot.autoconfigure.data.AbstractRepositoryConfigurationSourceSupport.registerBeanDefinitions(AbstractRepositoryConfigurationSourceSupport.java:67) ~[spring-boot-autoconfigure-4.0.6.jar:4.0.6]
	at org.springframework.context.annotation.ConfigurationClassBeanDefinitionReader.lambda$loadBeanDefinitionsFromImportBeanDefinitionRegistrars$0(ConfigurationClassBeanDefinitionReader.java:422) ~[spring-context-7.0.7.jar:7.0.7]
	at java.base/java.util.LinkedHashMap.forEach(LinkedHashMap.java:986) ~[na:na]
	at org.springframework.context.annotation.ConfigurationClassBeanDefinitionReader.loadBeanDefinitionsFromImportBeanDefinitionRegistrars(ConfigurationClassBeanDefinitionReader.java:421) ~[spring-context-7.0.7.jar:7.0.7]
	at org.springframework.context.annotation.ConfigurationClassBeanDefinitionReader.loadBeanDefinitionsForConfigurationClass(ConfigurationClassBeanDefinitionReader.java:152) ~[spring-context-7.0.7.jar:7.0.7]
	at org.springframework.context.annotation.ConfigurationClassBeanDefinitionReader.loadBeanDefinitions(ConfigurationClassBeanDefinitionReader.java:124) ~[spring-context-7.0.7.jar:7.0.7]
	at org.springframework.context.annotation.ConfigurationClassPostProcessor.processConfigBeanDefinitions(ConfigurationClassPostProcessor.java:464) ~[spring-context-7.0.7.jar:7.0.7]
	at org.springframework.context.annotation.ConfigurationClassPostProcessor.postProcessBeanDefinitionRegistry(ConfigurationClassPostProcessor.java:316) ~[spring-context-7.0.7.jar:7.0.7]
	at org.springframework.context.support.PostProcessorRegistrationDelegate.invokeBeanDefinitionRegistryPostProcessors(PostProcessorRegistrationDelegate.java:349) ~[spring-context-7.0.7.jar:7.0.7]
	at org.springframework.context.support.PostProcessorRegistrationDelegate.invokeBeanFactoryPostProcessors(PostProcessorRegistrationDelegate.java:118) ~[spring-context-7.0.7.jar:7.0.7]
	at org.springframework.context.support.AbstractApplicationContext.invokeBeanFactoryPostProcessors(AbstractApplicationContext.java:795) ~[spring-context-7.0.7.jar:7.0.7]
	at org.springframework.context.support.AbstractApplicationContext.refresh(AbstractApplicationContext.java:603) ~[spring-context-7.0.7.jar:7.0.7]
	at org.springframework.boot.web.server.servlet.context.ServletWebServerApplicationContext.refresh(ServletWebServerApplicationContext.java:143) ~[spring-boot-web-server-4.0.6.jar:4.0.6]
	at org.springframework.boot.SpringApplication.refresh(SpringApplication.java:756) ~[spring-boot-4.0.6.jar:4.0.6]
	at org.springframework.boot.SpringApplication.refreshContext(SpringApplication.java:445) ~[spring-boot-4.0.6.jar:4.0.6]
	at org.springframework.boot.SpringApplication.run(SpringApplication.java:321) ~[spring-boot-4.0.6.jar:4.0.6]
	at org.springframework.boot.SpringApplication.run(SpringApplication.java:1365) ~[spring-boot-4.0.6.jar:4.0.6]
	at org.springframework.boot.SpringApplication.run(SpringApplication.java:1354) ~[spring-boot-4.0.6.jar:4.0.6]
	at flearn.FLearnSpringBootApplication.main(FLearnSpringBootApplication.java:10) ~[classes/:na]
	at java.base/jdk.internal.reflect.DirectMethodHandleAccessor.invoke(DirectMethodHandleAccessor.java:103) ~[na:na]
	at java.base/java.lang.reflect.Method.invoke(Method.java:580) ~[na:na]
	at org.springframework.boot.devtools.restart.RestartLauncher.run(RestartLauncher.java:52) ~[spring-boot-devtools-4.0.6.jar:4.0.6]
Caused by: java.lang.ClassNotFoundException: flearn.entity.ClassStatus
	at java.base/jdk.internal.loader.BuiltinClassLoader.loadClass(BuiltinClassLoader.java:641) ~[na:na]
	at java.base/jdk.internal.loader.ClassLoaders$AppClassLoader.loadClass(ClassLoaders.java:188) ~[na:na]
	at java.base/java.lang.ClassLoader.loadClass(ClassLoader.java:526) ~[na:na]
	at java.base/java.lang.Class.forName0(Native Method) ~[na:na]
	at java.base/java.lang.Class.forName(Class.java:536) ~[na:na]
	at java.base/java.lang.Class.forName(Class.java:515) ~[na:na]
	at org.springframework.boot.devtools.restart.classloader.RestartClassLoader.loadClass(RestartClassLoader.java:123) ~[spring-boot-devtools-4.0.6.jar:4.0.6]
	at java.base/java.lang.ClassLoader.loadClass(ClassLoader.java:526) ~[na:na]
	... 31 common frames omitted

Exception in thread "restartedMain" java.lang.reflect.InvocationTargetException
	at java.base/jdk.internal.reflect.DirectMethodHandleAccessor.invoke(DirectMethodHandleAccessor.java:118)
	at java.base/java.lang.reflect.Method.invoke(Method.java:580)
	at org.springframework.boot.devtools.restart.RestartLauncher.run(RestartLauncher.java:52)
Caused by: java.lang.IllegalStateException: java.lang.NoClassDefFoundError: flearn/entity/ClassStatus
	at org.springframework.boot.SpringApplication.handleRunFailure(SpringApplication.java:827)
	at org.springframework.boot.SpringApplication.run(SpringApplication.java:331)
	at org.springframework.boot.SpringApplication.run(SpringApplication.java:1365)
	at org.springframework.boot.SpringApplication.run(SpringApplication.java:1354)
	at flearn.FLearnSpringBootApplication.main(FLearnSpringBootApplication.java:10)
	at java.base/jdk.internal.reflect.DirectMethodHandleAccessor.invoke(DirectMethodHandleAccessor.java:103)
	... 2 more
Caused by: java.lang.NoClassDefFoundError: flearn/entity/ClassStatus
	at java.base/java.lang.Class.getDeclaredMethods0(Native Method)
	at java.base/java.lang.Class.privateGetDeclaredMethods(Class.java:3580)
	at java.base/java.lang.Class.privateGetPublicMethods(Class.java:3605)
	at java.base/java.lang.Class.getMethods(Class.java:2187)
	at org.springframework.data.core.ReactiveWrappers.usesReactiveType(ReactiveWrappers.java:144)
	at org.springframework.data.repository.core.support.AbstractRepositoryMetadata.isReactiveRepository(AbstractRepositoryMetadata.java:140)
	at org.springframework.data.repository.config.RepositoryConfigurationExtensionSupport.useRepositoryConfiguration(RepositoryConfigurationExtensionSupport.java:344)
	at org.springframework.data.repository.config.RepositoryConfigurationExtensionSupport.getRepositoryConfigurations(RepositoryConfigurationExtensionSupport.java:98)
	at org.springframework.data.repository.config.RepositoryConfigurationDelegate.registerRepositoriesIn(RepositoryConfigurationDelegate.java:170)
	at org.springframework.boot.autoconfigure.data.AbstractRepositoryConfigurationSourceSupport.registerBeanDefinitions(AbstractRepositoryConfigurationSourceSupport.java:67)
	at org.springframework.context.annotation.ConfigurationClassBeanDefinitionReader.lambda$loadBeanDefinitionsFromImportBeanDefinitionRegistrars$0(ConfigurationClassBeanDefinitionReader.java:422)
	at java.base/java.util.LinkedHashMap.forEach(LinkedHashMap.java:986)
	at org.springframework.context.annotation.ConfigurationClassBeanDefinitionReader.loadBeanDefinitionsFromImportBeanDefinitionRegistrars(ConfigurationClassBeanDefinitionReader.java:421)
	at org.springframework.context.annotation.ConfigurationClassBeanDefinitionReader.loadBeanDefinitionsForConfigurationClass(ConfigurationClassBeanDefinitionReader.java:152)
	at org.springframework.context.annotation.ConfigurationClassBeanDefinitionReader.loadBeanDefinitions(ConfigurationClassBeanDefinitionReader.java:124)
	at org.springframework.context.annotation.ConfigurationClassPostProcessor.processConfigBeanDefinitions(ConfigurationClassPostProcessor.java:464)
	at org.springframework.context.annotation.ConfigurationClassPostProcessor.postProcessBeanDefinitionRegistry(ConfigurationClassPostProcessor.java:316)
	at org.springframework.context.support.PostProcessorRegistrationDelegate.invokeBeanDefinitionRegistryPostProcessors(PostProcessorRegistrationDelegate.java:349)
	at org.springframework.context.support.PostProcessorRegistrationDelegate.invokeBeanFactoryPostProcessors(PostProcessorRegistrationDelegate.java:118)
	at org.springframework.context.support.AbstractApplicationContext.invokeBeanFactoryPostProcessors(AbstractApplicationContext.java:795)
	at org.springframework.context.support.AbstractApplicationContext.refresh(AbstractApplicationContext.java:603)
	at org.springframework.boot.web.server.servlet.context.ServletWebServerApplicationContext.refresh(ServletWebServerApplicationContext.java:143)
	at org.springframework.boot.SpringApplication.refresh(SpringApplication.java:756)
	at org.springframework.boot.SpringApplication.refreshContext(SpringApplication.java:445)
	at org.springframework.boot.SpringApplication.run(SpringApplication.java:321)
	... 6 more
Caused by: java.lang.ClassNotFoundException: flearn.entity.ClassStatus
	at java.base/jdk.internal.loader.BuiltinClassLoader.loadClass(BuiltinClassLoader.java:641)
	at java.base/jdk.internal.loader.ClassLoaders$AppClassLoader.loadClass(ClassLoaders.java:188)
	at java.base/java.lang.ClassLoader.loadClass(ClassLoader.java:526)
	at java.base/java.lang.Class.forName0(Native Method)
	at java.base/java.lang.Class.forName(Class.java:536)
	at java.base/java.lang.Class.forName(Class.java:515)
	at org.springframework.boot.devtools.restart.classloader.RestartClassLoader.loadClass(RestartClassLoader.java:123)
	at java.base/java.lang.ClassLoader.loadClass(ClassLoader.java:526)
	... 31 more

  .   ____          _            __ _ _
 /\\ / ___'_ __ _ _(_)_ __  __ _ \ \ \ \
( ( )\___ | '_ | '_| | '_ \/ _` | \ \ \ \
 \\/  ___)| |_)| | | | | || (_| |  ) ) ) )
  '  |____| .__|_| |_|_| |_\__, | / / / /
 =========|_|==============|___/=/_/_/_/

 :: Spring Boot ::                (v4.0.6)

2026-06-10T21:52:23.960+07:00  INFO 21596 --- [FLearn_SpringBoot] [  restartedMain] flearn.FLearnSpringBootApplication       : Starting FLearnSpringBootApplication using Java 21.0.11 with PID 21596 (D:\SWP391\FLearn_\target\classes started by quynh anh in D:\SWP391\FLearn_)
2026-06-10T21:52:23.963+07:00  INFO 21596 --- [FLearn_SpringBoot] [  restartedMain] flearn.FLearnSpringBootApplication       : No active profile set, falling back to 1 default profile: "default"
2026-06-10T21:52:24.031+07:00  WARN 21596 --- [FLearn_SpringBoot] [  restartedMain] ConfigServletWebServerApplicationContext : Exception encountered during context initialization - cancelling refresh attempt: org.springframework.beans.factory.BeanDefinitionStoreException: Failed to read candidate component class: file [D:\SWP391\FLearn_\target\classes\flearn\configuration\SecurityConfig.class]
2026-06-10T21:52:24.040+07:00 ERROR 21596 --- [FLearn_SpringBoot] [  restartedMain] o.s.boot.SpringApplication               : Application run failed

org.springframework.beans.factory.BeanDefinitionStoreException: Failed to read candidate component class: file [D:\SWP391\FLearn_\target\classes\flearn\configuration\SecurityConfig.class]
	at org.springframework.context.annotation.ClassPathScanningCandidateComponentProvider.scanCandidateComponents(ClassPathScanningCandidateComponentProvider.java:504) ~[spring-context-7.0.7.jar:7.0.7]
	at org.springframework.context.annotation.ClassPathScanningCandidateComponentProvider.findCandidateComponents(ClassPathScanningCandidateComponentProvider.java:321) ~[spring-context-7.0.7.jar:7.0.7]
	at org.springframework.context.annotation.ClassPathBeanDefinitionScanner.doScan(ClassPathBeanDefinitionScanner.java:279) ~[spring-context-7.0.7.jar:7.0.7]
	at org.springframework.context.annotation.ComponentScanAnnotationParser.parse(ComponentScanAnnotationParser.java:128) ~[spring-context-7.0.7.jar:7.0.7]
	at org.springframework.context.annotation.ConfigurationClassParser.doProcessConfigurationClass(ConfigurationClassParser.java:347) ~[spring-context-7.0.7.jar:7.0.7]
	at org.springframework.context.annotation.ConfigurationClassParser.processConfigurationClass(ConfigurationClassParser.java:283) ~[spring-context-7.0.7.jar:7.0.7]
	at org.springframework.context.annotation.ConfigurationClassParser.parse(ConfigurationClassParser.java:206) ~[spring-context-7.0.7.jar:7.0.7]
	at org.springframework.context.annotation.ConfigurationClassParser.parse(ConfigurationClassParser.java:174) ~[spring-context-7.0.7.jar:7.0.7]
	at org.springframework.context.annotation.ConfigurationClassPostProcessor.processConfigBeanDefinitions(ConfigurationClassPostProcessor.java:452) ~[spring-context-7.0.7.jar:7.0.7]
	at org.springframework.context.annotation.ConfigurationClassPostProcessor.postProcessBeanDefinitionRegistry(ConfigurationClassPostProcessor.java:316) ~[spring-context-7.0.7.jar:7.0.7]
	at org.springframework.context.support.PostProcessorRegistrationDelegate.invokeBeanDefinitionRegistryPostProcessors(PostProcessorRegistrationDelegate.java:349) ~[spring-context-7.0.7.jar:7.0.7]
	at org.springframework.context.support.PostProcessorRegistrationDelegate.invokeBeanFactoryPostProcessors(PostProcessorRegistrationDelegate.java:118) ~[spring-context-7.0.7.jar:7.0.7]
	at org.springframework.context.support.AbstractApplicationContext.invokeBeanFactoryPostProcessors(AbstractApplicationContext.java:795) ~[spring-context-7.0.7.jar:7.0.7]
	at org.springframework.context.support.AbstractApplicationContext.refresh(AbstractApplicationContext.java:603) ~[spring-context-7.0.7.jar:7.0.7]
	at org.springframework.boot.web.server.servlet.context.ServletWebServerApplicationContext.refresh(ServletWebServerApplicationContext.java:143) ~[spring-boot-web-server-4.0.6.jar:4.0.6]
	at org.springframework.boot.SpringApplication.refresh(SpringApplication.java:756) ~[spring-boot-4.0.6.jar:4.0.6]
	at org.springframework.boot.SpringApplication.refreshContext(SpringApplication.java:445) ~[spring-boot-4.0.6.jar:4.0.6]
	at org.springframework.boot.SpringApplication.run(SpringApplication.java:321) ~[spring-boot-4.0.6.jar:4.0.6]
	at org.springframework.boot.SpringApplication.run(SpringApplication.java:1365) ~[spring-boot-4.0.6.jar:4.0.6]
	at org.springframework.boot.SpringApplication.run(SpringApplication.java:1354) ~[spring-boot-4.0.6.jar:4.0.6]
	at flearn.FLearnSpringBootApplication.main(FLearnSpringBootApplication.java:10) ~[classes/:na]
	at java.base/jdk.internal.reflect.DirectMethodHandleAccessor.invoke(DirectMethodHandleAccessor.java:103) ~[na:na]
	at java.base/java.lang.reflect.Method.invoke(Method.java:580) ~[na:na]
	at org.springframework.boot.devtools.restart.RestartLauncher.run(RestartLauncher.java:52) ~[spring-boot-devtools-4.0.6.jar:4.0.6]
Caused by: java.lang.ArrayIndexOutOfBoundsException: Index 8 out of bounds for length 0
	at org.springframework.asm.ClassReader.readUnsignedShort(ClassReader.java:3637) ~[spring-core-7.0.7.jar:7.0.7]
	at org.springframework.asm.ClassReader.<init>(ClassReader.java:208) ~[spring-core-7.0.7.jar:7.0.7]
	at org.springframework.asm.ClassReader.<init>(ClassReader.java:180) ~[spring-core-7.0.7.jar:7.0.7]
	at org.springframework.asm.ClassReader.<init>(ClassReader.java:166) ~[spring-core-7.0.7.jar:7.0.7]
	at org.springframework.asm.ClassReader.<init>(ClassReader.java:292) ~[spring-core-7.0.7.jar:7.0.7]
	at org.springframework.core.type.classreading.SimpleMetadataReader.getClassReader(SimpleMetadataReader.java:56) ~[spring-core-7.0.7.jar:7.0.7]
	at org.springframework.core.type.classreading.SimpleMetadataReader.<init>(SimpleMetadataReader.java:48) ~[spring-core-7.0.7.jar:7.0.7]
	at org.springframework.core.type.classreading.SimpleMetadataReaderFactory.getMetadataReader(SimpleMetadataReaderFactory.java:62) ~[spring-core-7.0.7.jar:7.0.7]
	at org.springframework.core.type.classreading.CachingMetadataReaderFactory.getMetadataReader(CachingMetadataReaderFactory.java:127) ~[spring-core-7.0.7.jar:7.0.7]
	at org.springframework.context.annotation.ClassPathScanningCandidateComponentProvider.scanCandidateComponents(ClassPathScanningCandidateComponentProvider.java:464) ~[spring-context-7.0.7.jar:7.0.7]
	... 23 common frames omitted


  .   ____          _            __ _ _
 /\\ / ___'_ __ _ _(_)_ __  __ _ \ \ \ \
( ( )\___ | '_ | '_| | '_ \/ _` | \ \ \ \
 \\/  ___)| |_)| | | | | || (_| |  ) ) ) )
  '  |____| .__|_| |_|_| |_\__, | / / / /
 =========|_|==============|___/=/_/_/_/

 :: Spring Boot ::                (v4.0.6)

2026-06-10T21:52:33.510+07:00  INFO 21596 --- [FLearn_SpringBoot] [  restartedMain] flearn.FLearnSpringBootApplication       : Starting FLearnSpringBootApplication using Java 21.0.11 with PID 21596 (D:\SWP391\FLearn_\target\classes started by quynh anh in D:\SWP391\FLearn_)
2026-06-10T21:52:33.510+07:00  INFO 21596 --- [FLearn_SpringBoot] [  restartedMain] flearn.FLearnSpringBootApplication       : No active profile set, falling back to 1 default profile: "default"
2026-06-10T21:52:34.961+07:00  INFO 21596 --- [FLearn_SpringBoot] [  restartedMain] .s.d.r.c.RepositoryConfigurationDelegate : Bootstrapping Spring Data JPA repositories in DEFAULT mode.
2026-06-10T21:52:35.178+07:00  INFO 21596 --- [FLearn_SpringBoot] [  restartedMain] .s.d.r.c.RepositoryConfigurationDelegate : Finished Spring Data repository scanning in 215 ms. Found 13 JPA repository interfaces.
2026-06-10T21:52:36.352+07:00  INFO 21596 --- [FLearn_SpringBoot] [  restartedMain] o.s.boot.tomcat.TomcatWebServer          : Tomcat initialized with port 8081 (http)
2026-06-10T21:52:36.413+07:00  INFO 21596 --- [FLearn_SpringBoot] [  restartedMain] o.apache.catalina.core.StandardService   : Starting service [Tomcat]
2026-06-10T21:52:36.609+07:00  INFO 21596 --- [FLearn_SpringBoot] [  restartedMain] o.apache.catalina.core.StandardEngine    : Starting Servlet engine: [Apache Tomcat/11.0.21]
2026-06-10T21:52:36.955+07:00  INFO 21596 --- [FLearn_SpringBoot] [  restartedMain] b.w.c.s.WebApplicationContextInitializer : Root WebApplicationContext: initialization completed in 3441 ms
2026-06-10T21:52:37.670+07:00  INFO 21596 --- [FLearn_SpringBoot] [  restartedMain] org.hibernate.orm.jpa                    : HHH008540: Processing PersistenceUnitInfo [name: default]
2026-06-10T21:52:40.078+07:00  INFO 21596 --- [FLearn_SpringBoot] [  restartedMain] o.s.o.j.p.SpringPersistenceUnitInfo      : No LoadTimeWeaver setup: ignoring JPA class transformer
2026-06-10T21:52:40.081+07:00  INFO 21596 --- [FLearn_SpringBoot] [  restartedMain] com.zaxxer.hikari.HikariDataSource       : HikariPool-7 - Starting...
2026-06-10T21:52:44.693+07:00  INFO 21596 --- [FLearn_SpringBoot] [  restartedMain] com.zaxxer.hikari.pool.HikariPool        : HikariPool-7 - Added connection ConnectionID:66 ClientConnectionId: a0d8c70f-02a9-4efa-bba6-ae221daf787e
2026-06-10T21:52:44.694+07:00  INFO 21596 --- [FLearn_SpringBoot] [  restartedMain] com.zaxxer.hikari.HikariDataSource       : HikariPool-7 - Start completed.
2026-06-10T21:53:09.726+07:00  WARN 21596 --- [FLearn_SpringBoot] [  restartedMain] org.hibernate.orm.deprecation            : HHH90000025: SQLServerDialect does not need to be specified explicitly using 'hibernate.dialect' (remove the property setting and it will be selected by default)
2026-06-10T21:53:09.764+07:00  INFO 21596 --- [FLearn_SpringBoot] [  restartedMain] org.hibernate.orm.connections.pooling    : HHH10001005: Database info:
	Database JDBC URL [jdbc:sqlserver://localhost:1433;concatNullYieldsNull=ON;quotedIdentifier=ON;connectRetryInterval=10;connectRetryCount=1;maxResultBuffer=-1;sendTemporalDataTypesAsStringForBulkCopy=true;delayLoadingLobs=true;useFmtOnly=false;vectorTypeSupport=v1;cacheBulkCopyMetadata=false;bulkCopyForBatchInsertAllowEncryptedValueModifications=false;bulkCopyForBatchInsertTableLock=false;bulkCopyForBatchInsertKeepNulls=false;bulkCopyForBatchInsertKeepIdentity=false;bulkCopyForBatchInsertFireTriggers=false;bulkCopyForBatchInsertCheckConstraints=false;bulkCopyForBatchInsertBatchSize=0;useBulkCopyForBatchInsert=false;cancelQueryTimeout=-1;sslProtocol=TLS;calcBigDecimalPrecision=false;useDefaultJaasConfig=false;jaasConfigurationName=SQLJDBCDriver;statementPoolingCacheSize=0;serverPreparedStatementDiscardThreshold=10;enablePrepareOnFirstPreparedStatementCall=false;fips=false;socketTimeout=0;authentication=NotSpecified;authenticationScheme=nativeAuthentication;xopenStates=false;datetimeParameterType=datetime2;sendTimeAsDatetime=true;replication=false;trustStoreType=JKS;trustServerCertificate=true;TransparentNetworkIPResolution=true;iPAddressPreference=IPv4First;serverNameAsACE=false;sendStringParametersAsUnicode=true;selectMethod=direct;responseBuffering=adaptive;queryTimeout=-1;packetSize=8000;multiSubnetFailover=false;loginTimeout=30;lockTimeout=-1;lastUpdateCount=true;useDefaultGSSCredential=false;prepareMethod=prepexec;encrypt=true;disableStatementPooling=true;databaseName=FLearnDB;columnEncryptionSetting=Disabled;applicationName=Microsoft JDBC Driver for SQL Server;applicationIntent=readwrite;]
	Database driver: Microsoft JDBC Driver 13.2 for SQL Server
	Database dialect: SQLServerDialect
	Database version: 16.0
	Default catalog/schema: FLearnDB/dbo
	Autocommit mode: undefined/unknown
	Isolation level: READ_COMMITTED [default READ_COMMITTED]
	JDBC fetch size: 128
	Pool: DataSourceConnectionProvider
	Minimum pool size: undefined/unknown
	Maximum pool size: undefined/unknown
2026-06-10T21:53:09.785+07:00  WARN 21596 --- [FLearn_SpringBoot] [  restartedMain] org.hibernate.orm.deprecation            : HHH90000033: Encountered use of deprecated annotation [interface jakarta.persistence.Temporal] at flearn.entity.ClassMember.joinedAt.
2026-06-10T21:53:09.791+07:00  WARN 21596 --- [FLearn_SpringBoot] [  restartedMain] org.hibernate.orm.deprecation            : HHH90000033: Encountered use of deprecated annotation [interface jakarta.persistence.Temporal] at flearn.entity.Classroom.createdAt.
2026-06-10T21:53:09.796+07:00  WARN 21596 --- [FLearn_SpringBoot] [  restartedMain] org.hibernate.orm.deprecation            : HHH90000033: Encountered use of deprecated annotation [interface jakarta.persistence.Temporal] at flearn.entity.Classroom.updatedAt.
2026-06-10T21:53:09.802+07:00  WARN 21596 --- [FLearn_SpringBoot] [  restartedMain] org.hibernate.orm.deprecation            : HHH90000033: Encountered use of deprecated annotation [interface jakarta.persistence.Temporal] at flearn.entity.Enrollment.approvedAt.
2026-06-10T21:53:09.802+07:00  WARN 21596 --- [FLearn_SpringBoot] [  restartedMain] org.hibernate.orm.deprecation            : HHH90000033: Encountered use of deprecated annotation [interface jakarta.persistence.Temporal] at flearn.entity.Enrollment.rejectedAt.
2026-06-10T21:53:09.803+07:00  WARN 21596 --- [FLearn_SpringBoot] [  restartedMain] org.hibernate.orm.deprecation            : HHH90000033: Encountered use of deprecated annotation [interface jakarta.persistence.Temporal] at flearn.entity.Enrollment.removedAt.
2026-06-10T21:53:09.803+07:00  WARN 21596 --- [FLearn_SpringBoot] [  restartedMain] org.hibernate.orm.deprecation            : HHH90000033: Encountered use of deprecated annotation [interface jakarta.persistence.Temporal] at flearn.entity.Enrollment.requestedAt.
2026-06-10T21:53:09.813+07:00  WARN 21596 --- [FLearn_SpringBoot] [  restartedMain] org.hibernate.orm.deprecation            : HHH90000033: Encountered use of deprecated annotation [interface jakarta.persistence.Temporal] at flearn.entity.Lesson.createdAt.
2026-06-10T21:53:09.814+07:00  WARN 21596 --- [FLearn_SpringBoot] [  restartedMain] org.hibernate.orm.deprecation            : HHH90000033: Encountered use of deprecated annotation [interface jakarta.persistence.Temporal] at flearn.entity.Lesson.updatedAt.
2026-06-10T21:53:09.819+07:00  WARN 21596 --- [FLearn_SpringBoot] [  restartedMain] org.hibernate.orm.deprecation            : HHH90000033: Encountered use of deprecated annotation [interface jakarta.persistence.Temporal] at flearn.entity.LessonCompletion.completedAt.
2026-06-10T21:53:09.828+07:00  WARN 21596 --- [FLearn_SpringBoot] [  restartedMain] org.hibernate.orm.deprecation            : HHH90000033: Encountered use of deprecated annotation [interface jakarta.persistence.Temporal] at flearn.entity.Material.createdAt.
2026-06-10T21:53:09.831+07:00  WARN 21596 --- [FLearn_SpringBoot] [  restartedMain] org.hibernate.orm.deprecation            : HHH90000033: Encountered use of deprecated annotation [interface jakarta.persistence.Temporal] at flearn.entity.Material.updatedAt.
2026-06-10T21:53:09.914+07:00  WARN 21596 --- [FLearn_SpringBoot] [  restartedMain] org.hibernate.orm.deprecation            : HHH90000033: Encountered use of deprecated annotation [interface jakarta.persistence.Temporal] at flearn.entity.MaterialTracking.viewedAt.
2026-06-10T21:53:09.938+07:00  WARN 21596 --- [FLearn_SpringBoot] [  restartedMain] org.hibernate.orm.deprecation            : HHH90000033: Encountered use of deprecated annotation [interface jakarta.persistence.Temporal] at flearn.entity.QuizResult.completedAt.
2026-06-10T21:53:09.945+07:00  WARN 21596 --- [FLearn_SpringBoot] [  restartedMain] org.hibernate.orm.deprecation            : HHH90000033: Encountered use of deprecated annotation [interface jakarta.persistence.Temporal] at flearn.entity.Roadmap.createdAt.
2026-06-10T21:53:09.947+07:00  WARN 21596 --- [FLearn_SpringBoot] [  restartedMain] org.hibernate.orm.deprecation            : HHH90000033: Encountered use of deprecated annotation [interface jakarta.persistence.Temporal] at flearn.entity.Roadmap.updatedAt.
2026-06-10T21:53:10.236+07:00  WARN 21596 --- [FLearn_SpringBoot] [  restartedMain] org.hibernate.orm.deprecation            : HHH90000033: Encountered use of deprecated annotation [interface jakarta.persistence.Temporal] at flearn.entity.User.createdAt.
2026-06-10T21:53:10.241+07:00  WARN 21596 --- [FLearn_SpringBoot] [  restartedMain] org.hibernate.orm.deprecation            : HHH90000033: Encountered use of deprecated annotation [interface jakarta.persistence.Temporal] at flearn.entity.User.resetTokenExpiry.
2026-06-10T21:53:10.242+07:00  WARN 21596 --- [FLearn_SpringBoot] [  restartedMain] org.hibernate.orm.deprecation            : HHH90000033: Encountered use of deprecated annotation [interface jakarta.persistence.Temporal] at flearn.entity.User.updatedAt.
2026-06-10T21:53:14.390+07:00  INFO 21596 --- [FLearn_SpringBoot] [  restartedMain] org.hibernate.orm.core                   : HHH000489: No JTA platform available (set 'hibernate.transaction.jta.platform' to enable JTA platform integration)
2026-06-10T21:53:31.929+07:00 DEBUG 21596 --- [FLearn_SpringBoot] [  restartedMain] org.hibernate.SQL                        : 
    alter table [Lessons] 
       alter column [Content] NVARCHAR(MAX)
Hibernate: 
    alter table [Lessons] 
       alter column [Content] NVARCHAR(MAX)
2026-06-10T21:53:35.008+07:00 DEBUG 21596 --- [FLearn_SpringBoot] [  restartedMain] org.hibernate.SQL                        : 
    alter table [Lessons] 
       add [OrderIndex] int
Hibernate: 
    alter table [Lessons] 
       add [OrderIndex] int
2026-06-10T21:53:36.557+07:00  WARN 21596 --- [FLearn_SpringBoot] [  restartedMain] o.h.t.s.i.ExceptionHandlerLoggedImpl     : GenerationTarget encountered exception accepting command : Error executing DDL "
    alter table [Lessons] 
       add [OrderIndex] int" via JDBC [Column names in each table must be unique. Column name 'OrderIndex' in table 'Lessons' is specified more than once.]

org.hibernate.tool.schema.spi.CommandAcceptanceException: Error executing DDL "
    alter table [Lessons] 
       add [OrderIndex] int" via JDBC [Column names in each table must be unique. Column name 'OrderIndex' in table 'Lessons' is specified more than once.]
	at org.hibernate.tool.schema.internal.exec.GenerationTargetToDatabase.accept(GenerationTargetToDatabase.java:81) ~[hibernate-core-7.2.12.Final.jar:7.2.12.Final]
	at org.hibernate.tool.schema.internal.AbstractSchemaMigrator.applySqlString(AbstractSchemaMigrator.java:566) ~[hibernate-core-7.2.12.Final.jar:7.2.12.Final]
	at org.hibernate.tool.schema.internal.AbstractSchemaMigrator.applySqlStrings(AbstractSchemaMigrator.java:506) ~[hibernate-core-7.2.12.Final.jar:7.2.12.Final]
	at org.hibernate.tool.schema.internal.AbstractSchemaMigrator.migrateTable(AbstractSchemaMigrator.java:324) ~[hibernate-core-7.2.12.Final.jar:7.2.12.Final]
	at org.hibernate.tool.schema.internal.GroupedSchemaMigratorImpl.performTablesMigration(GroupedSchemaMigratorImpl.java:84) ~[hibernate-core-7.2.12.Final.jar:7.2.12.Final]
	at org.hibernate.tool.schema.internal.AbstractSchemaMigrator.performMigration(AbstractSchemaMigrator.java:220) ~[hibernate-core-7.2.12.Final.jar:7.2.12.Final]
	at org.hibernate.tool.schema.internal.AbstractSchemaMigrator.doMigration(AbstractSchemaMigrator.java:96) ~[hibernate-core-7.2.12.Final.jar:7.2.12.Final]
	at org.hibernate.tool.schema.spi.SchemaManagementToolCoordinator.performDatabaseAction(SchemaManagementToolCoordinator.java:269) ~[hibernate-core-7.2.12.Final.jar:7.2.12.Final]
	at org.hibernate.tool.schema.spi.SchemaManagementToolCoordinator.lambda$process$1(SchemaManagementToolCoordinator.java:101) ~[hibernate-core-7.2.12.Final.jar:7.2.12.Final]
	at java.base/java.util.HashMap.forEach(HashMap.java:1429) ~[na:na]
	at org.hibernate.tool.schema.spi.SchemaManagementToolCoordinator.process(SchemaManagementToolCoordinator.java:100) ~[hibernate-core-7.2.12.Final.jar:7.2.12.Final]
	at org.hibernate.boot.internal.SessionFactoryObserverForSchemaExport.sessionFactoryCreated(SessionFactoryObserverForSchemaExport.java:35) ~[hibernate-core-7.2.12.Final.jar:7.2.12.Final]
	at org.hibernate.internal.SessionFactoryObserverChain.sessionFactoryCreated(SessionFactoryObserverChain.java:33) ~[hibernate-core-7.2.12.Final.jar:7.2.12.Final]
	at org.hibernate.internal.SessionFactoryImpl.<init>(SessionFactoryImpl.java:323) ~[hibernate-core-7.2.12.Final.jar:7.2.12.Final]
	at org.hibernate.internal.SessionFactoryRegistry.instantiateSessionFactory(SessionFactoryRegistry.java:64) ~[hibernate-core-7.2.12.Final.jar:7.2.12.Final]
	at org.hibernate.boot.internal.SessionFactoryBuilderImpl.build(SessionFactoryBuilderImpl.java:437) ~[hibernate-core-7.2.12.Final.jar:7.2.12.Final]
	at org.hibernate.jpa.boot.internal.EntityManagerFactoryBuilderImpl.build(EntityManagerFactoryBuilderImpl.java:1456) ~[hibernate-core-7.2.12.Final.jar:7.2.12.Final]
	at org.springframework.orm.jpa.vendor.SpringHibernateJpaPersistenceProvider.createContainerEntityManagerFactory(SpringHibernateJpaPersistenceProvider.java:93) ~[spring-orm-7.0.7.jar:7.0.7]
	at org.springframework.orm.jpa.LocalContainerEntityManagerFactoryBean.createNativeEntityManagerFactory(LocalContainerEntityManagerFactoryBean.java:443) ~[spring-orm-7.0.7.jar:7.0.7]
	at org.springframework.orm.jpa.AbstractEntityManagerFactoryBean.buildNativeEntityManagerFactory(AbstractEntityManagerFactoryBean.java:436) ~[spring-orm-7.0.7.jar:7.0.7]
	at org.springframework.orm.jpa.AbstractEntityManagerFactoryBean.afterPropertiesSet(AbstractEntityManagerFactoryBean.java:411) ~[spring-orm-7.0.7.jar:7.0.7]
	at org.springframework.orm.jpa.LocalContainerEntityManagerFactoryBean.afterPropertiesSet(LocalContainerEntityManagerFactoryBean.java:419) ~[spring-orm-7.0.7.jar:7.0.7]
	at org.springframework.beans.factory.support.AbstractAutowireCapableBeanFactory.invokeInitMethods(AbstractAutowireCapableBeanFactory.java:1864) ~[spring-beans-7.0.7.jar:7.0.7]
	at org.springframework.beans.factory.support.AbstractAutowireCapableBeanFactory.initializeBean(AbstractAutowireCapableBeanFactory.java:1813) ~[spring-beans-7.0.7.jar:7.0.7]
	at org.springframework.beans.factory.support.AbstractAutowireCapableBeanFactory.doCreateBean(AbstractAutowireCapableBeanFactory.java:603) ~[spring-beans-7.0.7.jar:7.0.7]
	at org.springframework.beans.factory.support.AbstractAutowireCapableBeanFactory.createBean(AbstractAutowireCapableBeanFactory.java:525) ~[spring-beans-7.0.7.jar:7.0.7]
	at org.springframework.beans.factory.support.AbstractBeanFactory.lambda$doGetBean$0(AbstractBeanFactory.java:333) ~[spring-beans-7.0.7.jar:7.0.7]
	at org.springframework.beans.factory.support.DefaultSingletonBeanRegistry.getSingleton(DefaultSingletonBeanRegistry.java:371) ~[spring-beans-7.0.7.jar:7.0.7]
	at org.springframework.beans.factory.support.AbstractBeanFactory.doGetBean(AbstractBeanFactory.java:331) ~[spring-beans-7.0.7.jar:7.0.7]
	at org.springframework.beans.factory.support.AbstractBeanFactory.getBean(AbstractBeanFactory.java:201) ~[spring-beans-7.0.7.jar:7.0.7]
	at org.springframework.context.support.AbstractApplicationContext.finishBeanFactoryInitialization(AbstractApplicationContext.java:977) ~[spring-context-7.0.7.jar:7.0.7]
	at org.springframework.context.support.AbstractApplicationContext.refresh(AbstractApplicationContext.java:621) ~[spring-context-7.0.7.jar:7.0.7]
	at org.springframework.boot.web.server.servlet.context.ServletWebServerApplicationContext.refresh(ServletWebServerApplicationContext.java:143) ~[spring-boot-web-server-4.0.6.jar:4.0.6]
	at org.springframework.boot.SpringApplication.refresh(SpringApplication.java:756) ~[spring-boot-4.0.6.jar:4.0.6]
	at org.springframework.boot.SpringApplication.refreshContext(SpringApplication.java:445) ~[spring-boot-4.0.6.jar:4.0.6]
	at org.springframework.boot.SpringApplication.run(SpringApplication.java:321) ~[spring-boot-4.0.6.jar:4.0.6]
	at org.springframework.boot.SpringApplication.run(SpringApplication.java:1365) ~[spring-boot-4.0.6.jar:4.0.6]
	at org.springframework.boot.SpringApplication.run(SpringApplication.java:1354) ~[spring-boot-4.0.6.jar:4.0.6]
	at flearn.FLearnSpringBootApplication.main(FLearnSpringBootApplication.java:10) ~[classes/:na]
	at java.base/jdk.internal.reflect.DirectMethodHandleAccessor.invoke(DirectMethodHandleAccessor.java:103) ~[na:na]
	at java.base/java.lang.reflect.Method.invoke(Method.java:580) ~[na:na]
	at org.springframework.boot.devtools.restart.RestartLauncher.run(RestartLauncher.java:52) ~[spring-boot-devtools-4.0.6.jar:4.0.6]
Caused by: com.microsoft.sqlserver.jdbc.SQLServerException: Column names in each table must be unique. Column name 'OrderIndex' in table 'Lessons' is specified more than once.
	at com.microsoft.sqlserver.jdbc.SQLServerException.makeFromDatabaseError(SQLServerException.java:278) ~[mssql-jdbc-13.2.1.jre11.jar:na]
	at com.microsoft.sqlserver.jdbc.SQLServerStatement.getNextResult(SQLServerStatement.java:1788) ~[mssql-jdbc-13.2.1.jre11.jar:na]
	at com.microsoft.sqlserver.jdbc.SQLServerStatement.doExecuteStatement(SQLServerStatement.java:975) ~[mssql-jdbc-13.2.1.jre11.jar:na]
	at com.microsoft.sqlserver.jdbc.SQLServerStatement$StmtExecCmd.doExecute(SQLServerStatement.java:869) ~[mssql-jdbc-13.2.1.jre11.jar:na]
	at com.microsoft.sqlserver.jdbc.TDSCommand.execute(IOBuffer.java:7825) ~[mssql-jdbc-13.2.1.jre11.jar:na]
	at com.microsoft.sqlserver.jdbc.SQLServerConnection.executeCommand(SQLServerConnection.java:4828) ~[mssql-jdbc-13.2.1.jre11.jar:na]
	at com.microsoft.sqlserver.jdbc.SQLServerStatement.executeCommand(SQLServerStatement.java:321) ~[mssql-jdbc-13.2.1.jre11.jar:na]
	at com.microsoft.sqlserver.jdbc.SQLServerStatement.executeStatement(SQLServerStatement.java:253) ~[mssql-jdbc-13.2.1.jre11.jar:na]
	at com.microsoft.sqlserver.jdbc.SQLServerStatement.execute(SQLServerStatement.java:842) ~[mssql-jdbc-13.2.1.jre11.jar:na]
	at com.zaxxer.hikari.pool.ProxyStatement.execute(ProxyStatement.java:95) ~[HikariCP-7.0.2.jar:na]
	at com.zaxxer.hikari.pool.HikariProxyStatement.execute(HikariProxyStatement.java) ~[HikariCP-7.0.2.jar:na]
	at org.hibernate.tool.schema.internal.exec.GenerationTargetToDatabase.accept(GenerationTargetToDatabase.java:76) ~[hibernate-core-7.2.12.Final.jar:7.2.12.Final]
	... 41 common frames omitted

2026-06-10T21:53:36.563+07:00 DEBUG 21596 --- [FLearn_SpringBoot] [  restartedMain] org.hibernate.SQL                        : 
    alter table [Lessons] 
       add [UpdatedAt] datetime2(7)
Hibernate: 
    alter table [Lessons] 
       add [UpdatedAt] datetime2(7)
2026-06-10T21:53:37.149+07:00  WARN 21596 --- [FLearn_SpringBoot] [  restartedMain] o.h.t.s.i.ExceptionHandlerLoggedImpl     : GenerationTarget encountered exception accepting command : Error executing DDL "
    alter table [Lessons] 
       add [UpdatedAt] datetime2(7)" via JDBC [Column names in each table must be unique. Column name 'UpdatedAt' in table 'Lessons' is specified more than once.]

org.hibernate.tool.schema.spi.CommandAcceptanceException: Error executing DDL "
    alter table [Lessons] 
       add [UpdatedAt] datetime2(7)" via JDBC [Column names in each table must be unique. Column name 'UpdatedAt' in table 'Lessons' is specified more than once.]
	at org.hibernate.tool.schema.internal.exec.GenerationTargetToDatabase.accept(GenerationTargetToDatabase.java:81) ~[hibernate-core-7.2.12.Final.jar:7.2.12.Final]
	at org.hibernate.tool.schema.internal.AbstractSchemaMigrator.applySqlString(AbstractSchemaMigrator.java:566) ~[hibernate-core-7.2.12.Final.jar:7.2.12.Final]
	at org.hibernate.tool.schema.internal.AbstractSchemaMigrator.applySqlStrings(AbstractSchemaMigrator.java:506) ~[hibernate-core-7.2.12.Final.jar:7.2.12.Final]
	at org.hibernate.tool.schema.internal.AbstractSchemaMigrator.migrateTable(AbstractSchemaMigrator.java:324) ~[hibernate-core-7.2.12.Final.jar:7.2.12.Final]
	at org.hibernate.tool.schema.internal.GroupedSchemaMigratorImpl.performTablesMigration(GroupedSchemaMigratorImpl.java:84) ~[hibernate-core-7.2.12.Final.jar:7.2.12.Final]
	at org.hibernate.tool.schema.internal.AbstractSchemaMigrator.performMigration(AbstractSchemaMigrator.java:220) ~[hibernate-core-7.2.12.Final.jar:7.2.12.Final]
	at org.hibernate.tool.schema.internal.AbstractSchemaMigrator.doMigration(AbstractSchemaMigrator.java:96) ~[hibernate-core-7.2.12.Final.jar:7.2.12.Final]
	at org.hibernate.tool.schema.spi.SchemaManagementToolCoordinator.performDatabaseAction(SchemaManagementToolCoordinator.java:269) ~[hibernate-core-7.2.12.Final.jar:7.2.12.Final]
	at org.hibernate.tool.schema.spi.SchemaManagementToolCoordinator.lambda$process$1(SchemaManagementToolCoordinator.java:101) ~[hibernate-core-7.2.12.Final.jar:7.2.12.Final]
	at java.base/java.util.HashMap.forEach(HashMap.java:1429) ~[na:na]
	at org.hibernate.tool.schema.spi.SchemaManagementToolCoordinator.process(SchemaManagementToolCoordinator.java:100) ~[hibernate-core-7.2.12.Final.jar:7.2.12.Final]
	at org.hibernate.boot.internal.SessionFactoryObserverForSchemaExport.sessionFactoryCreated(SessionFactoryObserverForSchemaExport.java:35) ~[hibernate-core-7.2.12.Final.jar:7.2.12.Final]
	at org.hibernate.internal.SessionFactoryObserverChain.sessionFactoryCreated(SessionFactoryObserverChain.java:33) ~[hibernate-core-7.2.12.Final.jar:7.2.12.Final]
	at org.hibernate.internal.SessionFactoryImpl.<init>(SessionFactoryImpl.java:323) ~[hibernate-core-7.2.12.Final.jar:7.2.12.Final]
	at org.hibernate.internal.SessionFactoryRegistry.instantiateSessionFactory(SessionFactoryRegistry.java:64) ~[hibernate-core-7.2.12.Final.jar:7.2.12.Final]
	at org.hibernate.boot.internal.SessionFactoryBuilderImpl.build(SessionFactoryBuilderImpl.java:437) ~[hibernate-core-7.2.12.Final.jar:7.2.12.Final]
	at org.hibernate.jpa.boot.internal.EntityManagerFactoryBuilderImpl.build(EntityManagerFactoryBuilderImpl.java:1456) ~[hibernate-core-7.2.12.Final.jar:7.2.12.Final]
	at org.springframework.orm.jpa.vendor.SpringHibernateJpaPersistenceProvider.createContainerEntityManagerFactory(SpringHibernateJpaPersistenceProvider.java:93) ~[spring-orm-7.0.7.jar:7.0.7]
	at org.springframework.orm.jpa.LocalContainerEntityManagerFactoryBean.createNativeEntityManagerFactory(LocalContainerEntityManagerFactoryBean.java:443) ~[spring-orm-7.0.7.jar:7.0.7]
	at org.springframework.orm.jpa.AbstractEntityManagerFactoryBean.buildNativeEntityManagerFactory(AbstractEntityManagerFactoryBean.java:436) ~[spring-orm-7.0.7.jar:7.0.7]
	at org.springframework.orm.jpa.AbstractEntityManagerFactoryBean.afterPropertiesSet(AbstractEntityManagerFactoryBean.java:411) ~[spring-orm-7.0.7.jar:7.0.7]
	at org.springframework.orm.jpa.LocalContainerEntityManagerFactoryBean.afterPropertiesSet(LocalContainerEntityManagerFactoryBean.java:419) ~[spring-orm-7.0.7.jar:7.0.7]
	at org.springframework.beans.factory.support.AbstractAutowireCapableBeanFactory.invokeInitMethods(AbstractAutowireCapableBeanFactory.java:1864) ~[spring-beans-7.0.7.jar:7.0.7]
	at org.springframework.beans.factory.support.AbstractAutowireCapableBeanFactory.initializeBean(AbstractAutowireCapableBeanFactory.java:1813) ~[spring-beans-7.0.7.jar:7.0.7]
	at org.springframework.beans.factory.support.AbstractAutowireCapableBeanFactory.doCreateBean(AbstractAutowireCapableBeanFactory.java:603) ~[spring-beans-7.0.7.jar:7.0.7]
	at org.springframework.beans.factory.support.AbstractAutowireCapableBeanFactory.createBean(AbstractAutowireCapableBeanFactory.java:525) ~[spring-beans-7.0.7.jar:7.0.7]
	at org.springframework.beans.factory.support.AbstractBeanFactory.lambda$doGetBean$0(AbstractBeanFactory.java:333) ~[spring-beans-7.0.7.jar:7.0.7]
	at org.springframework.beans.factory.support.DefaultSingletonBeanRegistry.getSingleton(DefaultSingletonBeanRegistry.java:371) ~[spring-beans-7.0.7.jar:7.0.7]
	at org.springframework.beans.factory.support.AbstractBeanFactory.doGetBean(AbstractBeanFactory.java:331) ~[spring-beans-7.0.7.jar:7.0.7]
	at org.springframework.beans.factory.support.AbstractBeanFactory.getBean(AbstractBeanFactory.java:201) ~[spring-beans-7.0.7.jar:7.0.7]
	at org.springframework.context.support.AbstractApplicationContext.finishBeanFactoryInitialization(AbstractApplicationContext.java:977) ~[spring-context-7.0.7.jar:7.0.7]
	at org.springframework.context.support.AbstractApplicationContext.refresh(AbstractApplicationContext.java:621) ~[spring-context-7.0.7.jar:7.0.7]
	at org.springframework.boot.web.server.servlet.context.ServletWebServerApplicationContext.refresh(ServletWebServerApplicationContext.java:143) ~[spring-boot-web-server-4.0.6.jar:4.0.6]
	at org.springframework.boot.SpringApplication.refresh(SpringApplication.java:756) ~[spring-boot-4.0.6.jar:4.0.6]
	at org.springframework.boot.SpringApplication.refreshContext(SpringApplication.java:445) ~[spring-boot-4.0.6.jar:4.0.6]
	at org.springframework.boot.SpringApplication.run(SpringApplication.java:321) ~[spring-boot-4.0.6.jar:4.0.6]
	at org.springframework.boot.SpringApplication.run(SpringApplication.java:1365) ~[spring-boot-4.0.6.jar:4.0.6]
	at org.springframework.boot.SpringApplication.run(SpringApplication.java:1354) ~[spring-boot-4.0.6.jar:4.0.6]
	at flearn.FLearnSpringBootApplication.main(FLearnSpringBootApplication.java:10) ~[classes/:na]
	at java.base/jdk.internal.reflect.DirectMethodHandleAccessor.invoke(DirectMethodHandleAccessor.java:103) ~[na:na]
	at java.base/java.lang.reflect.Method.invoke(Method.java:580) ~[na:na]
	at org.springframework.boot.devtools.restart.RestartLauncher.run(RestartLauncher.java:52) ~[spring-boot-devtools-4.0.6.jar:4.0.6]
Caused by: com.microsoft.sqlserver.jdbc.SQLServerException: Column names in each table must be unique. Column name 'UpdatedAt' in table 'Lessons' is specified more than once.
	at com.microsoft.sqlserver.jdbc.SQLServerException.makeFromDatabaseError(SQLServerException.java:278) ~[mssql-jdbc-13.2.1.jre11.jar:na]
	at com.microsoft.sqlserver.jdbc.SQLServerStatement.getNextResult(SQLServerStatement.java:1788) ~[mssql-jdbc-13.2.1.jre11.jar:na]
	at com.microsoft.sqlserver.jdbc.SQLServerStatement.doExecuteStatement(SQLServerStatement.java:975) ~[mssql-jdbc-13.2.1.jre11.jar:na]
	at com.microsoft.sqlserver.jdbc.SQLServerStatement$StmtExecCmd.doExecute(SQLServerStatement.java:869) ~[mssql-jdbc-13.2.1.jre11.jar:na]
	at com.microsoft.sqlserver.jdbc.TDSCommand.execute(IOBuffer.java:7825) ~[mssql-jdbc-13.2.1.jre11.jar:na]
	at com.microsoft.sqlserver.jdbc.SQLServerConnection.executeCommand(SQLServerConnection.java:4828) ~[mssql-jdbc-13.2.1.jre11.jar:na]
	at com.microsoft.sqlserver.jdbc.SQLServerStatement.executeCommand(SQLServerStatement.java:321) ~[mssql-jdbc-13.2.1.jre11.jar:na]
	at com.microsoft.sqlserver.jdbc.SQLServerStatement.executeStatement(SQLServerStatement.java:253) ~[mssql-jdbc-13.2.1.jre11.jar:na]
	at com.microsoft.sqlserver.jdbc.SQLServerStatement.execute(SQLServerStatement.java:842) ~[mssql-jdbc-13.2.1.jre11.jar:na]
	at com.zaxxer.hikari.pool.ProxyStatement.execute(ProxyStatement.java:95) ~[HikariCP-7.0.2.jar:na]
	at com.zaxxer.hikari.pool.HikariProxyStatement.execute(HikariProxyStatement.java) ~[HikariCP-7.0.2.jar:na]
	at org.hibernate.tool.schema.internal.exec.GenerationTargetToDatabase.accept(GenerationTargetToDatabase.java:76) ~[hibernate-core-7.2.12.Final.jar:7.2.12.Final]
	... 41 common frames omitted

2026-06-10T21:53:37.152+07:00 DEBUG 21596 --- [FLearn_SpringBoot] [  restartedMain] org.hibernate.SQL                        : 
    alter table [Lessons] 
       add [Visible] bit
Hibernate: 
    alter table [Lessons] 
       add [Visible] bit
2026-06-10T21:53:37.391+07:00  WARN 21596 --- [FLearn_SpringBoot] [  restartedMain] o.h.t.s.i.ExceptionHandlerLoggedImpl     : GenerationTarget encountered exception accepting command : Error executing DDL "
    alter table [Lessons] 
       add [Visible] bit" via JDBC [Column names in each table must be unique. Column name 'Visible' in table 'Lessons' is specified more than once.]

org.hibernate.tool.schema.spi.CommandAcceptanceException: Error executing DDL "
    alter table [Lessons] 
       add [Visible] bit" via JDBC [Column names in each table must be unique. Column name 'Visible' in table 'Lessons' is specified more than once.]
	at org.hibernate.tool.schema.internal.exec.GenerationTargetToDatabase.accept(GenerationTargetToDatabase.java:81) ~[hibernate-core-7.2.12.Final.jar:7.2.12.Final]
	at org.hibernate.tool.schema.internal.AbstractSchemaMigrator.applySqlString(AbstractSchemaMigrator.java:566) ~[hibernate-core-7.2.12.Final.jar:7.2.12.Final]
	at org.hibernate.tool.schema.internal.AbstractSchemaMigrator.applySqlStrings(AbstractSchemaMigrator.java:506) ~[hibernate-core-7.2.12.Final.jar:7.2.12.Final]
	at org.hibernate.tool.schema.internal.AbstractSchemaMigrator.migrateTable(AbstractSchemaMigrator.java:324) ~[hibernate-core-7.2.12.Final.jar:7.2.12.Final]
	at org.hibernate.tool.schema.internal.GroupedSchemaMigratorImpl.performTablesMigration(GroupedSchemaMigratorImpl.java:84) ~[hibernate-core-7.2.12.Final.jar:7.2.12.Final]
	at org.hibernate.tool.schema.internal.AbstractSchemaMigrator.performMigration(AbstractSchemaMigrator.java:220) ~[hibernate-core-7.2.12.Final.jar:7.2.12.Final]
	at org.hibernate.tool.schema.internal.AbstractSchemaMigrator.doMigration(AbstractSchemaMigrator.java:96) ~[hibernate-core-7.2.12.Final.jar:7.2.12.Final]
	at org.hibernate.tool.schema.spi.SchemaManagementToolCoordinator.performDatabaseAction(SchemaManagementToolCoordinator.java:269) ~[hibernate-core-7.2.12.Final.jar:7.2.12.Final]
	at org.hibernate.tool.schema.spi.SchemaManagementToolCoordinator.lambda$process$1(SchemaManagementToolCoordinator.java:101) ~[hibernate-core-7.2.12.Final.jar:7.2.12.Final]
	at java.base/java.util.HashMap.forEach(HashMap.java:1429) ~[na:na]
	at org.hibernate.tool.schema.spi.SchemaManagementToolCoordinator.process(SchemaManagementToolCoordinator.java:100) ~[hibernate-core-7.2.12.Final.jar:7.2.12.Final]
	at org.hibernate.boot.internal.SessionFactoryObserverForSchemaExport.sessionFactoryCreated(SessionFactoryObserverForSchemaExport.java:35) ~[hibernate-core-7.2.12.Final.jar:7.2.12.Final]
	at org.hibernate.internal.SessionFactoryObserverChain.sessionFactoryCreated(SessionFactoryObserverChain.java:33) ~[hibernate-core-7.2.12.Final.jar:7.2.12.Final]
	at org.hibernate.internal.SessionFactoryImpl.<init>(SessionFactoryImpl.java:323) ~[hibernate-core-7.2.12.Final.jar:7.2.12.Final]
	at org.hibernate.internal.SessionFactoryRegistry.instantiateSessionFactory(SessionFactoryRegistry.java:64) ~[hibernate-core-7.2.12.Final.jar:7.2.12.Final]
	at org.hibernate.boot.internal.SessionFactoryBuilderImpl.build(SessionFactoryBuilderImpl.java:437) ~[hibernate-core-7.2.12.Final.jar:7.2.12.Final]
	at org.hibernate.jpa.boot.internal.EntityManagerFactoryBuilderImpl.build(EntityManagerFactoryBuilderImpl.java:1456) ~[hibernate-core-7.2.12.Final.jar:7.2.12.Final]
	at org.springframework.orm.jpa.vendor.SpringHibernateJpaPersistenceProvider.createContainerEntityManagerFactory(SpringHibernateJpaPersistenceProvider.java:93) ~[spring-orm-7.0.7.jar:7.0.7]
	at org.springframework.orm.jpa.LocalContainerEntityManagerFactoryBean.createNativeEntityManagerFactory(LocalContainerEntityManagerFactoryBean.java:443) ~[spring-orm-7.0.7.jar:7.0.7]
	at org.springframework.orm.jpa.AbstractEntityManagerFactoryBean.buildNativeEntityManagerFactory(AbstractEntityManagerFactoryBean.java:436) ~[spring-orm-7.0.7.jar:7.0.7]
	at org.springframework.orm.jpa.AbstractEntityManagerFactoryBean.afterPropertiesSet(AbstractEntityManagerFactoryBean.java:411) ~[spring-orm-7.0.7.jar:7.0.7]
	at org.springframework.orm.jpa.LocalContainerEntityManagerFactoryBean.afterPropertiesSet(LocalContainerEntityManagerFactoryBean.java:419) ~[spring-orm-7.0.7.jar:7.0.7]
	at org.springframework.beans.factory.support.AbstractAutowireCapableBeanFactory.invokeInitMethods(AbstractAutowireCapableBeanFactory.java:1864) ~[spring-beans-7.0.7.jar:7.0.7]
	at org.springframework.beans.factory.support.AbstractAutowireCapableBeanFactory.initializeBean(AbstractAutowireCapableBeanFactory.java:1813) ~[spring-beans-7.0.7.jar:7.0.7]
	at org.springframework.beans.factory.support.AbstractAutowireCapableBeanFactory.doCreateBean(AbstractAutowireCapableBeanFactory.java:603) ~[spring-beans-7.0.7.jar:7.0.7]
	at org.springframework.beans.factory.support.AbstractAutowireCapableBeanFactory.createBean(AbstractAutowireCapableBeanFactory.java:525) ~[spring-beans-7.0.7.jar:7.0.7]
	at org.springframework.beans.factory.support.AbstractBeanFactory.lambda$doGetBean$0(AbstractBeanFactory.java:333) ~[spring-beans-7.0.7.jar:7.0.7]
	at org.springframework.beans.factory.support.DefaultSingletonBeanRegistry.getSingleton(DefaultSingletonBeanRegistry.java:371) ~[spring-beans-7.0.7.jar:7.0.7]
	at org.springframework.beans.factory.support.AbstractBeanFactory.doGetBean(AbstractBeanFactory.java:331) ~[spring-beans-7.0.7.jar:7.0.7]
	at org.springframework.beans.factory.support.AbstractBeanFactory.getBean(AbstractBeanFactory.java:201) ~[spring-beans-7.0.7.jar:7.0.7]
	at org.springframework.context.support.AbstractApplicationContext.finishBeanFactoryInitialization(AbstractApplicationContext.java:977) ~[spring-context-7.0.7.jar:7.0.7]
	at org.springframework.context.support.AbstractApplicationContext.refresh(AbstractApplicationContext.java:621) ~[spring-context-7.0.7.jar:7.0.7]
	at org.springframework.boot.web.server.servlet.context.ServletWebServerApplicationContext.refresh(ServletWebServerApplicationContext.java:143) ~[spring-boot-web-server-4.0.6.jar:4.0.6]
	at org.springframework.boot.SpringApplication.refresh(SpringApplication.java:756) ~[spring-boot-4.0.6.jar:4.0.6]
	at org.springframework.boot.SpringApplication.refreshContext(SpringApplication.java:445) ~[spring-boot-4.0.6.jar:4.0.6]
	at org.springframework.boot.SpringApplication.run(SpringApplication.java:321) ~[spring-boot-4.0.6.jar:4.0.6]
	at org.springframework.boot.SpringApplication.run(SpringApplication.java:1365) ~[spring-boot-4.0.6.jar:4.0.6]
	at org.springframework.boot.SpringApplication.run(SpringApplication.java:1354) ~[spring-boot-4.0.6.jar:4.0.6]
	at flearn.FLearnSpringBootApplication.main(FLearnSpringBootApplication.java:10) ~[classes/:na]
	at java.base/jdk.internal.reflect.DirectMethodHandleAccessor.invoke(DirectMethodHandleAccessor.java:103) ~[na:na]
	at java.base/java.lang.reflect.Method.invoke(Method.java:580) ~[na:na]
	at org.springframework.boot.devtools.restart.RestartLauncher.run(RestartLauncher.java:52) ~[spring-boot-devtools-4.0.6.jar:4.0.6]
Caused by: com.microsoft.sqlserver.jdbc.SQLServerException: Column names in each table must be unique. Column name 'Visible' in table 'Lessons' is specified more than once.
	at com.microsoft.sqlserver.jdbc.SQLServerException.makeFromDatabaseError(SQLServerException.java:278) ~[mssql-jdbc-13.2.1.jre11.jar:na]
	at com.microsoft.sqlserver.jdbc.SQLServerStatement.getNextResult(SQLServerStatement.java:1788) ~[mssql-jdbc-13.2.1.jre11.jar:na]
	at com.microsoft.sqlserver.jdbc.SQLServerStatement.doExecuteStatement(SQLServerStatement.java:975) ~[mssql-jdbc-13.2.1.jre11.jar:na]
	at com.microsoft.sqlserver.jdbc.SQLServerStatement$StmtExecCmd.doExecute(SQLServerStatement.java:869) ~[mssql-jdbc-13.2.1.jre11.jar:na]
	at com.microsoft.sqlserver.jdbc.TDSCommand.execute(IOBuffer.java:7825) ~[mssql-jdbc-13.2.1.jre11.jar:na]
	at com.microsoft.sqlserver.jdbc.SQLServerConnection.executeCommand(SQLServerConnection.java:4828) ~[mssql-jdbc-13.2.1.jre11.jar:na]
	at com.microsoft.sqlserver.jdbc.SQLServerStatement.executeCommand(SQLServerStatement.java:321) ~[mssql-jdbc-13.2.1.jre11.jar:na]
	at com.microsoft.sqlserver.jdbc.SQLServerStatement.executeStatement(SQLServerStatement.java:253) ~[mssql-jdbc-13.2.1.jre11.jar:na]
	at com.microsoft.sqlserver.jdbc.SQLServerStatement.execute(SQLServerStatement.java:842) ~[mssql-jdbc-13.2.1.jre11.jar:na]
	at com.zaxxer.hikari.pool.ProxyStatement.execute(ProxyStatement.java:95) ~[HikariCP-7.0.2.jar:na]
	at com.zaxxer.hikari.pool.HikariProxyStatement.execute(HikariProxyStatement.java) ~[HikariCP-7.0.2.jar:na]
	at org.hibernate.tool.schema.internal.exec.GenerationTargetToDatabase.accept(GenerationTargetToDatabase.java:76) ~[hibernate-core-7.2.12.Final.jar:7.2.12.Final]
	... 41 common frames omitted

2026-06-10T21:53:37.393+07:00 DEBUG 21596 --- [FLearn_SpringBoot] [  restartedMain] org.hibernate.SQL                        : 
    alter table [Lessons] 
       add [RoadmapID] int
Hibernate: 
    alter table [Lessons] 
       add [RoadmapID] int
2026-06-10T21:53:37.409+07:00  WARN 21596 --- [FLearn_SpringBoot] [  restartedMain] o.h.t.s.i.ExceptionHandlerLoggedImpl     : GenerationTarget encountered exception accepting command : Error executing DDL "
    alter table [Lessons] 
       add [RoadmapID] int" via JDBC [Column names in each table must be unique. Column name 'RoadmapID' in table 'Lessons' is specified more than once.]

org.hibernate.tool.schema.spi.CommandAcceptanceException: Error executing DDL "
    alter table [Lessons] 
       add [RoadmapID] int" via JDBC [Column names in each table must be unique. Column name 'RoadmapID' in table 'Lessons' is specified more than once.]
	at org.hibernate.tool.schema.internal.exec.GenerationTargetToDatabase.accept(GenerationTargetToDatabase.java:81) ~[hibernate-core-7.2.12.Final.jar:7.2.12.Final]
	at org.hibernate.tool.schema.internal.AbstractSchemaMigrator.applySqlString(AbstractSchemaMigrator.java:566) ~[hibernate-core-7.2.12.Final.jar:7.2.12.Final]
	at org.hibernate.tool.schema.internal.AbstractSchemaMigrator.applySqlStrings(AbstractSchemaMigrator.java:506) ~[hibernate-core-7.2.12.Final.jar:7.2.12.Final]
	at org.hibernate.tool.schema.internal.AbstractSchemaMigrator.migrateTable(AbstractSchemaMigrator.java:324) ~[hibernate-core-7.2.12.Final.jar:7.2.12.Final]
	at org.hibernate.tool.schema.internal.GroupedSchemaMigratorImpl.performTablesMigration(GroupedSchemaMigratorImpl.java:84) ~[hibernate-core-7.2.12.Final.jar:7.2.12.Final]
	at org.hibernate.tool.schema.internal.AbstractSchemaMigrator.performMigration(AbstractSchemaMigrator.java:220) ~[hibernate-core-7.2.12.Final.jar:7.2.12.Final]
	at org.hibernate.tool.schema.internal.AbstractSchemaMigrator.doMigration(AbstractSchemaMigrator.java:96) ~[hibernate-core-7.2.12.Final.jar:7.2.12.Final]
	at org.hibernate.tool.schema.spi.SchemaManagementToolCoordinator.performDatabaseAction(SchemaManagementToolCoordinator.java:269) ~[hibernate-core-7.2.12.Final.jar:7.2.12.Final]
	at org.hibernate.tool.schema.spi.SchemaManagementToolCoordinator.lambda$process$1(SchemaManagementToolCoordinator.java:101) ~[hibernate-core-7.2.12.Final.jar:7.2.12.Final]
	at java.base/java.util.HashMap.forEach(HashMap.java:1429) ~[na:na]
	at org.hibernate.tool.schema.spi.SchemaManagementToolCoordinator.process(SchemaManagementToolCoordinator.java:100) ~[hibernate-core-7.2.12.Final.jar:7.2.12.Final]
	at org.hibernate.boot.internal.SessionFactoryObserverForSchemaExport.sessionFactoryCreated(SessionFactoryObserverForSchemaExport.java:35) ~[hibernate-core-7.2.12.Final.jar:7.2.12.Final]
	at org.hibernate.internal.SessionFactoryObserverChain.sessionFactoryCreated(SessionFactoryObserverChain.java:33) ~[hibernate-core-7.2.12.Final.jar:7.2.12.Final]
	at org.hibernate.internal.SessionFactoryImpl.<init>(SessionFactoryImpl.java:323) ~[hibernate-core-7.2.12.Final.jar:7.2.12.Final]
	at org.hibernate.internal.SessionFactoryRegistry.instantiateSessionFactory(SessionFactoryRegistry.java:64) ~[hibernate-core-7.2.12.Final.jar:7.2.12.Final]
	at org.hibernate.boot.internal.SessionFactoryBuilderImpl.build(SessionFactoryBuilderImpl.java:437) ~[hibernate-core-7.2.12.Final.jar:7.2.12.Final]
	at org.hibernate.jpa.boot.internal.EntityManagerFactoryBuilderImpl.build(EntityManagerFactoryBuilderImpl.java:1456) ~[hibernate-core-7.2.12.Final.jar:7.2.12.Final]
	at org.springframework.orm.jpa.vendor.SpringHibernateJpaPersistenceProvider.createContainerEntityManagerFactory(SpringHibernateJpaPersistenceProvider.java:93) ~[spring-orm-7.0.7.jar:7.0.7]
	at org.springframework.orm.jpa.LocalContainerEntityManagerFactoryBean.createNativeEntityManagerFactory(LocalContainerEntityManagerFactoryBean.java:443) ~[spring-orm-7.0.7.jar:7.0.7]
	at org.springframework.orm.jpa.AbstractEntityManagerFactoryBean.buildNativeEntityManagerFactory(AbstractEntityManagerFactoryBean.java:436) ~[spring-orm-7.0.7.jar:7.0.7]
	at org.springframework.orm.jpa.AbstractEntityManagerFactoryBean.afterPropertiesSet(AbstractEntityManagerFactoryBean.java:411) ~[spring-orm-7.0.7.jar:7.0.7]
	at org.springframework.orm.jpa.LocalContainerEntityManagerFactoryBean.afterPropertiesSet(LocalContainerEntityManagerFactoryBean.java:419) ~[spring-orm-7.0.7.jar:7.0.7]
	at org.springframework.beans.factory.support.AbstractAutowireCapableBeanFactory.invokeInitMethods(AbstractAutowireCapableBeanFactory.java:1864) ~[spring-beans-7.0.7.jar:7.0.7]
	at org.springframework.beans.factory.support.AbstractAutowireCapableBeanFactory.initializeBean(AbstractAutowireCapableBeanFactory.java:1813) ~[spring-beans-7.0.7.jar:7.0.7]
	at org.springframework.beans.factory.support.AbstractAutowireCapableBeanFactory.doCreateBean(AbstractAutowireCapableBeanFactory.java:603) ~[spring-beans-7.0.7.jar:7.0.7]
	at org.springframework.beans.factory.support.AbstractAutowireCapableBeanFactory.createBean(AbstractAutowireCapableBeanFactory.java:525) ~[spring-beans-7.0.7.jar:7.0.7]
	at org.springframework.beans.factory.support.AbstractBeanFactory.lambda$doGetBean$0(AbstractBeanFactory.java:333) ~[spring-beans-7.0.7.jar:7.0.7]
	at org.springframework.beans.factory.support.DefaultSingletonBeanRegistry.getSingleton(DefaultSingletonBeanRegistry.java:371) ~[spring-beans-7.0.7.jar:7.0.7]
	at org.springframework.beans.factory.support.AbstractBeanFactory.doGetBean(AbstractBeanFactory.java:331) ~[spring-beans-7.0.7.jar:7.0.7]
	at org.springframework.beans.factory.support.AbstractBeanFactory.getBean(AbstractBeanFactory.java:201) ~[spring-beans-7.0.7.jar:7.0.7]
	at org.springframework.context.support.AbstractApplicationContext.finishBeanFactoryInitialization(AbstractApplicationContext.java:977) ~[spring-context-7.0.7.jar:7.0.7]
	at org.springframework.context.support.AbstractApplicationContext.refresh(AbstractApplicationContext.java:621) ~[spring-context-7.0.7.jar:7.0.7]
	at org.springframework.boot.web.server.servlet.context.ServletWebServerApplicationContext.refresh(ServletWebServerApplicationContext.java:143) ~[spring-boot-web-server-4.0.6.jar:4.0.6]
	at org.springframework.boot.SpringApplication.refresh(SpringApplication.java:756) ~[spring-boot-4.0.6.jar:4.0.6]
	at org.springframework.boot.SpringApplication.refreshContext(SpringApplication.java:445) ~[spring-boot-4.0.6.jar:4.0.6]
	at org.springframework.boot.SpringApplication.run(SpringApplication.java:321) ~[spring-boot-4.0.6.jar:4.0.6]
	at org.springframework.boot.SpringApplication.run(SpringApplication.java:1365) ~[spring-boot-4.0.6.jar:4.0.6]
	at org.springframework.boot.SpringApplication.run(SpringApplication.java:1354) ~[spring-boot-4.0.6.jar:4.0.6]
	at flearn.FLearnSpringBootApplication.main(FLearnSpringBootApplication.java:10) ~[classes/:na]
	at java.base/jdk.internal.reflect.DirectMethodHandleAccessor.invoke(DirectMethodHandleAccessor.java:103) ~[na:na]
	at java.base/java.lang.reflect.Method.invoke(Method.java:580) ~[na:na]
	at org.springframework.boot.devtools.restart.RestartLauncher.run(RestartLauncher.java:52) ~[spring-boot-devtools-4.0.6.jar:4.0.6]
Caused by: com.microsoft.sqlserver.jdbc.SQLServerException: Column names in each table must be unique. Column name 'RoadmapID' in table 'Lessons' is specified more than once.
	at com.microsoft.sqlserver.jdbc.SQLServerException.makeFromDatabaseError(SQLServerException.java:278) ~[mssql-jdbc-13.2.1.jre11.jar:na]
	at com.microsoft.sqlserver.jdbc.SQLServerStatement.getNextResult(SQLServerStatement.java:1788) ~[mssql-jdbc-13.2.1.jre11.jar:na]
	at com.microsoft.sqlserver.jdbc.SQLServerStatement.doExecuteStatement(SQLServerStatement.java:975) ~[mssql-jdbc-13.2.1.jre11.jar:na]
	at com.microsoft.sqlserver.jdbc.SQLServerStatement$StmtExecCmd.doExecute(SQLServerStatement.java:869) ~[mssql-jdbc-13.2.1.jre11.jar:na]
	at com.microsoft.sqlserver.jdbc.TDSCommand.execute(IOBuffer.java:7825) ~[mssql-jdbc-13.2.1.jre11.jar:na]
	at com.microsoft.sqlserver.jdbc.SQLServerConnection.executeCommand(SQLServerConnection.java:4828) ~[mssql-jdbc-13.2.1.jre11.jar:na]
	at com.microsoft.sqlserver.jdbc.SQLServerStatement.executeCommand(SQLServerStatement.java:321) ~[mssql-jdbc-13.2.1.jre11.jar:na]
	at com.microsoft.sqlserver.jdbc.SQLServerStatement.executeStatement(SQLServerStatement.java:253) ~[mssql-jdbc-13.2.1.jre11.jar:na]
	at com.microsoft.sqlserver.jdbc.SQLServerStatement.execute(SQLServerStatement.java:842) ~[mssql-jdbc-13.2.1.jre11.jar:na]
	at com.zaxxer.hikari.pool.ProxyStatement.execute(ProxyStatement.java:95) ~[HikariCP-7.0.2.jar:na]
	at com.zaxxer.hikari.pool.HikariProxyStatement.execute(HikariProxyStatement.java) ~[HikariCP-7.0.2.jar:na]
	at org.hibernate.tool.schema.internal.exec.GenerationTargetToDatabase.accept(GenerationTargetToDatabase.java:76) ~[hibernate-core-7.2.12.Final.jar:7.2.12.Final]
	... 41 common frames omitted

2026-06-10T21:53:37.418+07:00 DEBUG 21596 --- [FLearn_SpringBoot] [  restartedMain] org.hibernate.SQL                        : 
    create table [MaterialTrackings] (
        [TrackingID] int identity not null,
        [Viewed] bit not null,
        [ViewedAt] datetime2(7) not null,
        [MaterialID] int not null,
        [StudentID] int not null,
        primary key ([TrackingID])
    )
Hibernate: 
    create table [MaterialTrackings] (
        [TrackingID] int identity not null,
        [Viewed] bit not null,
        [ViewedAt] datetime2(7) not null,
        [MaterialID] int not null,
        [StudentID] int not null,
        primary key ([TrackingID])
    )
2026-06-10T21:53:38.478+07:00  WARN 21596 --- [FLearn_SpringBoot] [  restartedMain] o.h.t.s.i.ExceptionHandlerLoggedImpl     : GenerationTarget encountered exception accepting command : Error executing DDL "
    create table [MaterialTrackings] (
        [TrackingID] int identity not null,
        [Viewed] bit not null,
        [ViewedAt] datetime2(7) not null,
        [MaterialID] int not null,
        [StudentID] int not null,
        primary key ([TrackingID])
    )" via JDBC [There is already an object named 'MaterialTrackings' in the database.]

org.hibernate.tool.schema.spi.CommandAcceptanceException: Error executing DDL "
    create table [MaterialTrackings] (
        [TrackingID] int identity not null,
        [Viewed] bit not null,
        [ViewedAt] datetime2(7) not null,
        [MaterialID] int not null,
        [StudentID] int not null,
        primary key ([TrackingID])
    )" via JDBC [There is already an object named 'MaterialTrackings' in the database.]
	at org.hibernate.tool.schema.internal.exec.GenerationTargetToDatabase.accept(GenerationTargetToDatabase.java:81) ~[hibernate-core-7.2.12.Final.jar:7.2.12.Final]
	at org.hibernate.tool.schema.internal.AbstractSchemaMigrator.applySqlString(AbstractSchemaMigrator.java:566) ~[hibernate-core-7.2.12.Final.jar:7.2.12.Final]
	at org.hibernate.tool.schema.internal.AbstractSchemaMigrator.applySqlStrings(AbstractSchemaMigrator.java:506) ~[hibernate-core-7.2.12.Final.jar:7.2.12.Final]
	at org.hibernate.tool.schema.internal.AbstractSchemaMigrator.createTable(AbstractSchemaMigrator.java:305) ~[hibernate-core-7.2.12.Final.jar:7.2.12.Final]
	at org.hibernate.tool.schema.internal.GroupedSchemaMigratorImpl.performTablesMigration(GroupedSchemaMigratorImpl.java:80) ~[hibernate-core-7.2.12.Final.jar:7.2.12.Final]
	at org.hibernate.tool.schema.internal.AbstractSchemaMigrator.performMigration(AbstractSchemaMigrator.java:220) ~[hibernate-core-7.2.12.Final.jar:7.2.12.Final]
	at org.hibernate.tool.schema.internal.AbstractSchemaMigrator.doMigration(AbstractSchemaMigrator.java:96) ~[hibernate-core-7.2.12.Final.jar:7.2.12.Final]
	at org.hibernate.tool.schema.spi.SchemaManagementToolCoordinator.performDatabaseAction(SchemaManagementToolCoordinator.java:269) ~[hibernate-core-7.2.12.Final.jar:7.2.12.Final]
	at org.hibernate.tool.schema.spi.SchemaManagementToolCoordinator.lambda$process$1(SchemaManagementToolCoordinator.java:101) ~[hibernate-core-7.2.12.Final.jar:7.2.12.Final]
	at java.base/java.util.HashMap.forEach(HashMap.java:1429) ~[na:na]
	at org.hibernate.tool.schema.spi.SchemaManagementToolCoordinator.process(SchemaManagementToolCoordinator.java:100) ~[hibernate-core-7.2.12.Final.jar:7.2.12.Final]
	at org.hibernate.boot.internal.SessionFactoryObserverForSchemaExport.sessionFactoryCreated(SessionFactoryObserverForSchemaExport.java:35) ~[hibernate-core-7.2.12.Final.jar:7.2.12.Final]
	at org.hibernate.internal.SessionFactoryObserverChain.sessionFactoryCreated(SessionFactoryObserverChain.java:33) ~[hibernate-core-7.2.12.Final.jar:7.2.12.Final]
	at org.hibernate.internal.SessionFactoryImpl.<init>(SessionFactoryImpl.java:323) ~[hibernate-core-7.2.12.Final.jar:7.2.12.Final]
	at org.hibernate.internal.SessionFactoryRegistry.instantiateSessionFactory(SessionFactoryRegistry.java:64) ~[hibernate-core-7.2.12.Final.jar:7.2.12.Final]
	at org.hibernate.boot.internal.SessionFactoryBuilderImpl.build(SessionFactoryBuilderImpl.java:437) ~[hibernate-core-7.2.12.Final.jar:7.2.12.Final]
	at org.hibernate.jpa.boot.internal.EntityManagerFactoryBuilderImpl.build(EntityManagerFactoryBuilderImpl.java:1456) ~[hibernate-core-7.2.12.Final.jar:7.2.12.Final]
	at org.springframework.orm.jpa.vendor.SpringHibernateJpaPersistenceProvider.createContainerEntityManagerFactory(SpringHibernateJpaPersistenceProvider.java:93) ~[spring-orm-7.0.7.jar:7.0.7]
	at org.springframework.orm.jpa.LocalContainerEntityManagerFactoryBean.createNativeEntityManagerFactory(LocalContainerEntityManagerFactoryBean.java:443) ~[spring-orm-7.0.7.jar:7.0.7]
	at org.springframework.orm.jpa.AbstractEntityManagerFactoryBean.buildNativeEntityManagerFactory(AbstractEntityManagerFactoryBean.java:436) ~[spring-orm-7.0.7.jar:7.0.7]
	at org.springframework.orm.jpa.AbstractEntityManagerFactoryBean.afterPropertiesSet(AbstractEntityManagerFactoryBean.java:411) ~[spring-orm-7.0.7.jar:7.0.7]
	at org.springframework.orm.jpa.LocalContainerEntityManagerFactoryBean.afterPropertiesSet(LocalContainerEntityManagerFactoryBean.java:419) ~[spring-orm-7.0.7.jar:7.0.7]
	at org.springframework.beans.factory.support.AbstractAutowireCapableBeanFactory.invokeInitMethods(AbstractAutowireCapableBeanFactory.java:1864) ~[spring-beans-7.0.7.jar:7.0.7]
	at org.springframework.beans.factory.support.AbstractAutowireCapableBeanFactory.initializeBean(AbstractAutowireCapableBeanFactory.java:1813) ~[spring-beans-7.0.7.jar:7.0.7]
	at org.springframework.beans.factory.support.AbstractAutowireCapableBeanFactory.doCreateBean(AbstractAutowireCapableBeanFactory.java:603) ~[spring-beans-7.0.7.jar:7.0.7]
	at org.springframework.beans.factory.support.AbstractAutowireCapableBeanFactory.createBean(AbstractAutowireCapableBeanFactory.java:525) ~[spring-beans-7.0.7.jar:7.0.7]
	at org.springframework.beans.factory.support.AbstractBeanFactory.lambda$doGetBean$0(AbstractBeanFactory.java:333) ~[spring-beans-7.0.7.jar:7.0.7]
	at org.springframework.beans.factory.support.DefaultSingletonBeanRegistry.getSingleton(DefaultSingletonBeanRegistry.java:371) ~[spring-beans-7.0.7.jar:7.0.7]
	at org.springframework.beans.factory.support.AbstractBeanFactory.doGetBean(AbstractBeanFactory.java:331) ~[spring-beans-7.0.7.jar:7.0.7]
	at org.springframework.beans.factory.support.AbstractBeanFactory.getBean(AbstractBeanFactory.java:201) ~[spring-beans-7.0.7.jar:7.0.7]
	at org.springframework.context.support.AbstractApplicationContext.finishBeanFactoryInitialization(AbstractApplicationContext.java:977) ~[spring-context-7.0.7.jar:7.0.7]
	at org.springframework.context.support.AbstractApplicationContext.refresh(AbstractApplicationContext.java:621) ~[spring-context-7.0.7.jar:7.0.7]
	at org.springframework.boot.web.server.servlet.context.ServletWebServerApplicationContext.refresh(ServletWebServerApplicationContext.java:143) ~[spring-boot-web-server-4.0.6.jar:4.0.6]
	at org.springframework.boot.SpringApplication.refresh(SpringApplication.java:756) ~[spring-boot-4.0.6.jar:4.0.6]
	at org.springframework.boot.SpringApplication.refreshContext(SpringApplication.java:445) ~[spring-boot-4.0.6.jar:4.0.6]
	at org.springframework.boot.SpringApplication.run(SpringApplication.java:321) ~[spring-boot-4.0.6.jar:4.0.6]
	at org.springframework.boot.SpringApplication.run(SpringApplication.java:1365) ~[spring-boot-4.0.6.jar:4.0.6]
	at org.springframework.boot.SpringApplication.run(SpringApplication.java:1354) ~[spring-boot-4.0.6.jar:4.0.6]
	at flearn.FLearnSpringBootApplication.main(FLearnSpringBootApplication.java:10) ~[classes/:na]
	at java.base/jdk.internal.reflect.DirectMethodHandleAccessor.invoke(DirectMethodHandleAccessor.java:103) ~[na:na]
	at java.base/java.lang.reflect.Method.invoke(Method.java:580) ~[na:na]
	at org.springframework.boot.devtools.restart.RestartLauncher.run(RestartLauncher.java:52) ~[spring-boot-devtools-4.0.6.jar:4.0.6]
Caused by: com.microsoft.sqlserver.jdbc.SQLServerException: There is already an object named 'MaterialTrackings' in the database.
	at com.microsoft.sqlserver.jdbc.SQLServerException.makeFromDatabaseError(SQLServerException.java:278) ~[mssql-jdbc-13.2.1.jre11.jar:na]
	at com.microsoft.sqlserver.jdbc.SQLServerStatement.getNextResult(SQLServerStatement.java:1788) ~[mssql-jdbc-13.2.1.jre11.jar:na]
	at com.microsoft.sqlserver.jdbc.SQLServerStatement.doExecuteStatement(SQLServerStatement.java:975) ~[mssql-jdbc-13.2.1.jre11.jar:na]
	at com.microsoft.sqlserver.jdbc.SQLServerStatement$StmtExecCmd.doExecute(SQLServerStatement.java:869) ~[mssql-jdbc-13.2.1.jre11.jar:na]
	at com.microsoft.sqlserver.jdbc.TDSCommand.execute(IOBuffer.java:7825) ~[mssql-jdbc-13.2.1.jre11.jar:na]
	at com.microsoft.sqlserver.jdbc.SQLServerConnection.executeCommand(SQLServerConnection.java:4828) ~[mssql-jdbc-13.2.1.jre11.jar:na]
	at com.microsoft.sqlserver.jdbc.SQLServerStatement.executeCommand(SQLServerStatement.java:321) ~[mssql-jdbc-13.2.1.jre11.jar:na]
	at com.microsoft.sqlserver.jdbc.SQLServerStatement.executeStatement(SQLServerStatement.java:253) ~[mssql-jdbc-13.2.1.jre11.jar:na]
	at com.microsoft.sqlserver.jdbc.SQLServerStatement.execute(SQLServerStatement.java:842) ~[mssql-jdbc-13.2.1.jre11.jar:na]
	at com.zaxxer.hikari.pool.ProxyStatement.execute(ProxyStatement.java:95) ~[HikariCP-7.0.2.jar:na]
	at com.zaxxer.hikari.pool.HikariProxyStatement.execute(HikariProxyStatement.java) ~[HikariCP-7.0.2.jar:na]
	at org.hibernate.tool.schema.internal.exec.GenerationTargetToDatabase.accept(GenerationTargetToDatabase.java:76) ~[hibernate-core-7.2.12.Final.jar:7.2.12.Final]
	... 41 common frames omitted

2026-06-10T21:53:38.483+07:00 DEBUG 21596 --- [FLearn_SpringBoot] [  restartedMain] org.hibernate.SQL                        : 
    create table [Materials] (
        [MaterialID] int identity not null,
        [CreatedAt] datetime2(7) not null,
        [Description] varchar(1000),
        [ExternalUrl] varchar(1000),
        [FilePath] varchar(500),
        [Published] bit not null,
        [Title] varchar(200) not null,
        [Type] varchar(30) not null check (([Type] in ('PDF','VIDEO','YOUTUBE_LINK','DOCUMENT','OTHER_LINK'))),
        [UpdatedAt] datetime2(7),
        [LessonID] int not null,
        primary key ([MaterialID])
    )
Hibernate: 
    create table [Materials] (
        [MaterialID] int identity not null,
        [CreatedAt] datetime2(7) not null,
        [Description] varchar(1000),
        [ExternalUrl] varchar(1000),
        [FilePath] varchar(500),
        [Published] bit not null,
        [Title] varchar(200) not null,
        [Type] varchar(30) not null check (([Type] in ('PDF','VIDEO','YOUTUBE_LINK','DOCUMENT','OTHER_LINK'))),
        [UpdatedAt] datetime2(7),
        [LessonID] int not null,
        primary key ([MaterialID])
    )
2026-06-10T21:53:38.493+07:00  WARN 21596 --- [FLearn_SpringBoot] [  restartedMain] o.h.t.s.i.ExceptionHandlerLoggedImpl     : GenerationTarget encountered exception accepting command : Error executing DDL "
    create table [Materials] (
        [MaterialID] int identity not null,
        [CreatedAt] datetime2(7) not null,
        [Description] varchar(1000),
        [ExternalUrl] varchar(1000),
        [FilePath] varchar(500),
        [Published] bit not null,
        [Title] varchar(200) not null,
        [Type] varchar(30) not null check (([Type] in ('PDF','VIDEO','YOUTUBE_LINK','DOCUMENT','OTHER_LINK'))),
        [UpdatedAt] datetime2(7),
        [LessonID] int not null,
        primary key ([MaterialID])
    )" via JDBC [There is already an object named 'Materials' in the database.]

org.hibernate.tool.schema.spi.CommandAcceptanceException: Error executing DDL "
    create table [Materials] (
        [MaterialID] int identity not null,
        [CreatedAt] datetime2(7) not null,
        [Description] varchar(1000),
        [ExternalUrl] varchar(1000),
        [FilePath] varchar(500),
        [Published] bit not null,
        [Title] varchar(200) not null,
        [Type] varchar(30) not null check (([Type] in ('PDF','VIDEO','YOUTUBE_LINK','DOCUMENT','OTHER_LINK'))),
        [UpdatedAt] datetime2(7),
        [LessonID] int not null,
        primary key ([MaterialID])
    )" via JDBC [There is already an object named 'Materials' in the database.]
	at org.hibernate.tool.schema.internal.exec.GenerationTargetToDatabase.accept(GenerationTargetToDatabase.java:81) ~[hibernate-core-7.2.12.Final.jar:7.2.12.Final]
	at org.hibernate.tool.schema.internal.AbstractSchemaMigrator.applySqlString(AbstractSchemaMigrator.java:566) ~[hibernate-core-7.2.12.Final.jar:7.2.12.Final]
	at org.hibernate.tool.schema.internal.AbstractSchemaMigrator.applySqlStrings(AbstractSchemaMigrator.java:506) ~[hibernate-core-7.2.12.Final.jar:7.2.12.Final]
	at org.hibernate.tool.schema.internal.AbstractSchemaMigrator.createTable(AbstractSchemaMigrator.java:305) ~[hibernate-core-7.2.12.Final.jar:7.2.12.Final]
	at org.hibernate.tool.schema.internal.GroupedSchemaMigratorImpl.performTablesMigration(GroupedSchemaMigratorImpl.java:80) ~[hibernate-core-7.2.12.Final.jar:7.2.12.Final]
	at org.hibernate.tool.schema.internal.AbstractSchemaMigrator.performMigration(AbstractSchemaMigrator.java:220) ~[hibernate-core-7.2.12.Final.jar:7.2.12.Final]
	at org.hibernate.tool.schema.internal.AbstractSchemaMigrator.doMigration(AbstractSchemaMigrator.java:96) ~[hibernate-core-7.2.12.Final.jar:7.2.12.Final]
	at org.hibernate.tool.schema.spi.SchemaManagementToolCoordinator.performDatabaseAction(SchemaManagementToolCoordinator.java:269) ~[hibernate-core-7.2.12.Final.jar:7.2.12.Final]
	at org.hibernate.tool.schema.spi.SchemaManagementToolCoordinator.lambda$process$1(SchemaManagementToolCoordinator.java:101) ~[hibernate-core-7.2.12.Final.jar:7.2.12.Final]
	at java.base/java.util.HashMap.forEach(HashMap.java:1429) ~[na:na]
	at org.hibernate.tool.schema.spi.SchemaManagementToolCoordinator.process(SchemaManagementToolCoordinator.java:100) ~[hibernate-core-7.2.12.Final.jar:7.2.12.Final]
	at org.hibernate.boot.internal.SessionFactoryObserverForSchemaExport.sessionFactoryCreated(SessionFactoryObserverForSchemaExport.java:35) ~[hibernate-core-7.2.12.Final.jar:7.2.12.Final]
	at org.hibernate.internal.SessionFactoryObserverChain.sessionFactoryCreated(SessionFactoryObserverChain.java:33) ~[hibernate-core-7.2.12.Final.jar:7.2.12.Final]
	at org.hibernate.internal.SessionFactoryImpl.<init>(SessionFactoryImpl.java:323) ~[hibernate-core-7.2.12.Final.jar:7.2.12.Final]
	at org.hibernate.internal.SessionFactoryRegistry.instantiateSessionFactory(SessionFactoryRegistry.java:64) ~[hibernate-core-7.2.12.Final.jar:7.2.12.Final]
	at org.hibernate.boot.internal.SessionFactoryBuilderImpl.build(SessionFactoryBuilderImpl.java:437) ~[hibernate-core-7.2.12.Final.jar:7.2.12.Final]
	at org.hibernate.jpa.boot.internal.EntityManagerFactoryBuilderImpl.build(EntityManagerFactoryBuilderImpl.java:1456) ~[hibernate-core-7.2.12.Final.jar:7.2.12.Final]
	at org.springframework.orm.jpa.vendor.SpringHibernateJpaPersistenceProvider.createContainerEntityManagerFactory(SpringHibernateJpaPersistenceProvider.java:93) ~[spring-orm-7.0.7.jar:7.0.7]
	at org.springframework.orm.jpa.LocalContainerEntityManagerFactoryBean.createNativeEntityManagerFactory(LocalContainerEntityManagerFactoryBean.java:443) ~[spring-orm-7.0.7.jar:7.0.7]
	at org.springframework.orm.jpa.AbstractEntityManagerFactoryBean.buildNativeEntityManagerFactory(AbstractEntityManagerFactoryBean.java:436) ~[spring-orm-7.0.7.jar:7.0.7]
	at org.springframework.orm.jpa.AbstractEntityManagerFactoryBean.afterPropertiesSet(AbstractEntityManagerFactoryBean.java:411) ~[spring-orm-7.0.7.jar:7.0.7]
	at org.springframework.orm.jpa.LocalContainerEntityManagerFactoryBean.afterPropertiesSet(LocalContainerEntityManagerFactoryBean.java:419) ~[spring-orm-7.0.7.jar:7.0.7]
	at org.springframework.beans.factory.support.AbstractAutowireCapableBeanFactory.invokeInitMethods(AbstractAutowireCapableBeanFactory.java:1864) ~[spring-beans-7.0.7.jar:7.0.7]
	at org.springframework.beans.factory.support.AbstractAutowireCapableBeanFactory.initializeBean(AbstractAutowireCapableBeanFactory.java:1813) ~[spring-beans-7.0.7.jar:7.0.7]
	at org.springframework.beans.factory.support.AbstractAutowireCapableBeanFactory.doCreateBean(AbstractAutowireCapableBeanFactory.java:603) ~[spring-beans-7.0.7.jar:7.0.7]
	at org.springframework.beans.factory.support.AbstractAutowireCapableBeanFactory.createBean(AbstractAutowireCapableBeanFactory.java:525) ~[spring-beans-7.0.7.jar:7.0.7]
	at org.springframework.beans.factory.support.AbstractBeanFactory.lambda$doGetBean$0(AbstractBeanFactory.java:333) ~[spring-beans-7.0.7.jar:7.0.7]
	at org.springframework.beans.factory.support.DefaultSingletonBeanRegistry.getSingleton(DefaultSingletonBeanRegistry.java:371) ~[spring-beans-7.0.7.jar:7.0.7]
	at org.springframework.beans.factory.support.AbstractBeanFactory.doGetBean(AbstractBeanFactory.java:331) ~[spring-beans-7.0.7.jar:7.0.7]
	at org.springframework.beans.factory.support.AbstractBeanFactory.getBean(AbstractBeanFactory.java:201) ~[spring-beans-7.0.7.jar:7.0.7]
	at org.springframework.context.support.AbstractApplicationContext.finishBeanFactoryInitialization(AbstractApplicationContext.java:977) ~[spring-context-7.0.7.jar:7.0.7]
	at org.springframework.context.support.AbstractApplicationContext.refresh(AbstractApplicationContext.java:621) ~[spring-context-7.0.7.jar:7.0.7]
	at org.springframework.boot.web.server.servlet.context.ServletWebServerApplicationContext.refresh(ServletWebServerApplicationContext.java:143) ~[spring-boot-web-server-4.0.6.jar:4.0.6]
	at org.springframework.boot.SpringApplication.refresh(SpringApplication.java:756) ~[spring-boot-4.0.6.jar:4.0.6]
	at org.springframework.boot.SpringApplication.refreshContext(SpringApplication.java:445) ~[spring-boot-4.0.6.jar:4.0.6]
	at org.springframework.boot.SpringApplication.run(SpringApplication.java:321) ~[spring-boot-4.0.6.jar:4.0.6]
	at org.springframework.boot.SpringApplication.run(SpringApplication.java:1365) ~[spring-boot-4.0.6.jar:4.0.6]
	at org.springframework.boot.SpringApplication.run(SpringApplication.java:1354) ~[spring-boot-4.0.6.jar:4.0.6]
	at flearn.FLearnSpringBootApplication.main(FLearnSpringBootApplication.java:10) ~[classes/:na]
	at java.base/jdk.internal.reflect.DirectMethodHandleAccessor.invoke(DirectMethodHandleAccessor.java:103) ~[na:na]
	at java.base/java.lang.reflect.Method.invoke(Method.java:580) ~[na:na]
	at org.springframework.boot.devtools.restart.RestartLauncher.run(RestartLauncher.java:52) ~[spring-boot-devtools-4.0.6.jar:4.0.6]
Caused by: com.microsoft.sqlserver.jdbc.SQLServerException: There is already an object named 'Materials' in the database.
	at com.microsoft.sqlserver.jdbc.SQLServerException.makeFromDatabaseError(SQLServerException.java:278) ~[mssql-jdbc-13.2.1.jre11.jar:na]
	at com.microsoft.sqlserver.jdbc.SQLServerStatement.getNextResult(SQLServerStatement.java:1788) ~[mssql-jdbc-13.2.1.jre11.jar:na]
	at com.microsoft.sqlserver.jdbc.SQLServerStatement.doExecuteStatement(SQLServerStatement.java:975) ~[mssql-jdbc-13.2.1.jre11.jar:na]
	at com.microsoft.sqlserver.jdbc.SQLServerStatement$StmtExecCmd.doExecute(SQLServerStatement.java:869) ~[mssql-jdbc-13.2.1.jre11.jar:na]
	at com.microsoft.sqlserver.jdbc.TDSCommand.execute(IOBuffer.java:7825) ~[mssql-jdbc-13.2.1.jre11.jar:na]
	at com.microsoft.sqlserver.jdbc.SQLServerConnection.executeCommand(SQLServerConnection.java:4828) ~[mssql-jdbc-13.2.1.jre11.jar:na]
	at com.microsoft.sqlserver.jdbc.SQLServerStatement.executeCommand(SQLServerStatement.java:321) ~[mssql-jdbc-13.2.1.jre11.jar:na]
	at com.microsoft.sqlserver.jdbc.SQLServerStatement.executeStatement(SQLServerStatement.java:253) ~[mssql-jdbc-13.2.1.jre11.jar:na]
	at com.microsoft.sqlserver.jdbc.SQLServerStatement.execute(SQLServerStatement.java:842) ~[mssql-jdbc-13.2.1.jre11.jar:na]
	at com.zaxxer.hikari.pool.ProxyStatement.execute(ProxyStatement.java:95) ~[HikariCP-7.0.2.jar:na]
	at com.zaxxer.hikari.pool.HikariProxyStatement.execute(HikariProxyStatement.java) ~[HikariCP-7.0.2.jar:na]
	at org.hibernate.tool.schema.internal.exec.GenerationTargetToDatabase.accept(GenerationTargetToDatabase.java:76) ~[hibernate-core-7.2.12.Final.jar:7.2.12.Final]
	... 41 common frames omitted

2026-06-10T21:53:38.496+07:00 DEBUG 21596 --- [FLearn_SpringBoot] [  restartedMain] org.hibernate.SQL                        : 
    alter table [Questions] 
       alter column [OptionA] NVARCHAR(500)
Hibernate: 
    alter table [Questions] 
       alter column [OptionA] NVARCHAR(500)
2026-06-10T21:53:38.512+07:00 DEBUG 21596 --- [FLearn_SpringBoot] [  restartedMain] org.hibernate.SQL                        : 
    alter table [Questions] 
       alter column [OptionB] NVARCHAR(500)
Hibernate: 
    alter table [Questions] 
       alter column [OptionB] NVARCHAR(500)
2026-06-10T21:53:38.533+07:00 DEBUG 21596 --- [FLearn_SpringBoot] [  restartedMain] org.hibernate.SQL                        : 
    alter table [Questions] 
       alter column [OptionC] NVARCHAR(500)
Hibernate: 
    alter table [Questions] 
       alter column [OptionC] NVARCHAR(500)
2026-06-10T21:53:38.544+07:00 DEBUG 21596 --- [FLearn_SpringBoot] [  restartedMain] org.hibernate.SQL                        : 
    alter table [Questions] 
       alter column [OptionD] NVARCHAR(500)
Hibernate: 
    alter table [Questions] 
       alter column [OptionD] NVARCHAR(500)
2026-06-10T21:53:38.583+07:00 DEBUG 21596 --- [FLearn_SpringBoot] [  restartedMain] org.hibernate.SQL                        : 
    alter table [Questions] 
       alter column [QuestionText] NVARCHAR(MAX)
Hibernate: 
    alter table [Questions] 
       alter column [QuestionText] NVARCHAR(MAX)
2026-06-10T21:53:38.612+07:00 DEBUG 21596 --- [FLearn_SpringBoot] [  restartedMain] org.hibernate.SQL                        : 
    alter table [Quizzes] 
       alter column [Title] NVARCHAR(200)
Hibernate: 
    alter table [Quizzes] 
       alter column [Title] NVARCHAR(200)
2026-06-10T21:53:38.665+07:00 DEBUG 21596 --- [FLearn_SpringBoot] [  restartedMain] org.hibernate.SQL                        : 
    create table [Roadmaps] (
        [RoadmapID] int identity not null,
        [CreatedAt] datetime2(7) not null,
        [Description] varchar(1000),
        [Published] bit not null,
        [Title] varchar(200) not null,
        [UpdatedAt] datetime2(7),
        [ClassID] int not null,
        primary key ([RoadmapID])
    )
Hibernate: 
    create table [Roadmaps] (
        [RoadmapID] int identity not null,
        [CreatedAt] datetime2(7) not null,
        [Description] varchar(1000),
        [Published] bit not null,
        [Title] varchar(200) not null,
        [UpdatedAt] datetime2(7),
        [ClassID] int not null,
        primary key ([RoadmapID])
    )
2026-06-10T21:53:38.677+07:00  WARN 21596 --- [FLearn_SpringBoot] [  restartedMain] o.h.t.s.i.ExceptionHandlerLoggedImpl     : GenerationTarget encountered exception accepting command : Error executing DDL "
    create table [Roadmaps] (
        [RoadmapID] int identity not null,
        [CreatedAt] datetime2(7) not null,
        [Description] varchar(1000),
        [Published] bit not null,
        [Title] varchar(200) not null,
        [UpdatedAt] datetime2(7),
        [ClassID] int not null,
        primary key ([RoadmapID])
    )" via JDBC [There is already an object named 'Roadmaps' in the database.]

org.hibernate.tool.schema.spi.CommandAcceptanceException: Error executing DDL "
    create table [Roadmaps] (
        [RoadmapID] int identity not null,
        [CreatedAt] datetime2(7) not null,
        [Description] varchar(1000),
        [Published] bit not null,
        [Title] varchar(200) not null,
        [UpdatedAt] datetime2(7),
        [ClassID] int not null,
        primary key ([RoadmapID])
    )" via JDBC [There is already an object named 'Roadmaps' in the database.]
	at org.hibernate.tool.schema.internal.exec.GenerationTargetToDatabase.accept(GenerationTargetToDatabase.java:81) ~[hibernate-core-7.2.12.Final.jar:7.2.12.Final]
	at org.hibernate.tool.schema.internal.AbstractSchemaMigrator.applySqlString(AbstractSchemaMigrator.java:566) ~[hibernate-core-7.2.12.Final.jar:7.2.12.Final]
	at org.hibernate.tool.schema.internal.AbstractSchemaMigrator.applySqlStrings(AbstractSchemaMigrator.java:506) ~[hibernate-core-7.2.12.Final.jar:7.2.12.Final]
	at org.hibernate.tool.schema.internal.AbstractSchemaMigrator.createTable(AbstractSchemaMigrator.java:305) ~[hibernate-core-7.2.12.Final.jar:7.2.12.Final]
	at org.hibernate.tool.schema.internal.GroupedSchemaMigratorImpl.performTablesMigration(GroupedSchemaMigratorImpl.java:80) ~[hibernate-core-7.2.12.Final.jar:7.2.12.Final]
	at org.hibernate.tool.schema.internal.AbstractSchemaMigrator.performMigration(AbstractSchemaMigrator.java:220) ~[hibernate-core-7.2.12.Final.jar:7.2.12.Final]
	at org.hibernate.tool.schema.internal.AbstractSchemaMigrator.doMigration(AbstractSchemaMigrator.java:96) ~[hibernate-core-7.2.12.Final.jar:7.2.12.Final]
	at org.hibernate.tool.schema.spi.SchemaManagementToolCoordinator.performDatabaseAction(SchemaManagementToolCoordinator.java:269) ~[hibernate-core-7.2.12.Final.jar:7.2.12.Final]
	at org.hibernate.tool.schema.spi.SchemaManagementToolCoordinator.lambda$process$1(SchemaManagementToolCoordinator.java:101) ~[hibernate-core-7.2.12.Final.jar:7.2.12.Final]
	at java.base/java.util.HashMap.forEach(HashMap.java:1429) ~[na:na]
	at org.hibernate.tool.schema.spi.SchemaManagementToolCoordinator.process(SchemaManagementToolCoordinator.java:100) ~[hibernate-core-7.2.12.Final.jar:7.2.12.Final]
	at org.hibernate.boot.internal.SessionFactoryObserverForSchemaExport.sessionFactoryCreated(SessionFactoryObserverForSchemaExport.java:35) ~[hibernate-core-7.2.12.Final.jar:7.2.12.Final]
	at org.hibernate.internal.SessionFactoryObserverChain.sessionFactoryCreated(SessionFactoryObserverChain.java:33) ~[hibernate-core-7.2.12.Final.jar:7.2.12.Final]
	at org.hibernate.internal.SessionFactoryImpl.<init>(SessionFactoryImpl.java:323) ~[hibernate-core-7.2.12.Final.jar:7.2.12.Final]
	at org.hibernate.internal.SessionFactoryRegistry.instantiateSessionFactory(SessionFactoryRegistry.java:64) ~[hibernate-core-7.2.12.Final.jar:7.2.12.Final]
	at org.hibernate.boot.internal.SessionFactoryBuilderImpl.build(SessionFactoryBuilderImpl.java:437) ~[hibernate-core-7.2.12.Final.jar:7.2.12.Final]
	at org.hibernate.jpa.boot.internal.EntityManagerFactoryBuilderImpl.build(EntityManagerFactoryBuilderImpl.java:1456) ~[hibernate-core-7.2.12.Final.jar:7.2.12.Final]
	at org.springframework.orm.jpa.vendor.SpringHibernateJpaPersistenceProvider.createContainerEntityManagerFactory(SpringHibernateJpaPersistenceProvider.java:93) ~[spring-orm-7.0.7.jar:7.0.7]
	at org.springframework.orm.jpa.LocalContainerEntityManagerFactoryBean.createNativeEntityManagerFactory(LocalContainerEntityManagerFactoryBean.java:443) ~[spring-orm-7.0.7.jar:7.0.7]
	at org.springframework.orm.jpa.AbstractEntityManagerFactoryBean.buildNativeEntityManagerFactory(AbstractEntityManagerFactoryBean.java:436) ~[spring-orm-7.0.7.jar:7.0.7]
	at org.springframework.orm.jpa.AbstractEntityManagerFactoryBean.afterPropertiesSet(AbstractEntityManagerFactoryBean.java:411) ~[spring-orm-7.0.7.jar:7.0.7]
	at org.springframework.orm.jpa.LocalContainerEntityManagerFactoryBean.afterPropertiesSet(LocalContainerEntityManagerFactoryBean.java:419) ~[spring-orm-7.0.7.jar:7.0.7]
	at org.springframework.beans.factory.support.AbstractAutowireCapableBeanFactory.invokeInitMethods(AbstractAutowireCapableBeanFactory.java:1864) ~[spring-beans-7.0.7.jar:7.0.7]
	at org.springframework.beans.factory.support.AbstractAutowireCapableBeanFactory.initializeBean(AbstractAutowireCapableBeanFactory.java:1813) ~[spring-beans-7.0.7.jar:7.0.7]
	at org.springframework.beans.factory.support.AbstractAutowireCapableBeanFactory.doCreateBean(AbstractAutowireCapableBeanFactory.java:603) ~[spring-beans-7.0.7.jar:7.0.7]
	at org.springframework.beans.factory.support.AbstractAutowireCapableBeanFactory.createBean(AbstractAutowireCapableBeanFactory.java:525) ~[spring-beans-7.0.7.jar:7.0.7]
	at org.springframework.beans.factory.support.AbstractBeanFactory.lambda$doGetBean$0(AbstractBeanFactory.java:333) ~[spring-beans-7.0.7.jar:7.0.7]
	at org.springframework.beans.factory.support.DefaultSingletonBeanRegistry.getSingleton(DefaultSingletonBeanRegistry.java:371) ~[spring-beans-7.0.7.jar:7.0.7]
	at org.springframework.beans.factory.support.AbstractBeanFactory.doGetBean(AbstractBeanFactory.java:331) ~[spring-beans-7.0.7.jar:7.0.7]
	at org.springframework.beans.factory.support.AbstractBeanFactory.getBean(AbstractBeanFactory.java:201) ~[spring-beans-7.0.7.jar:7.0.7]
	at org.springframework.context.support.AbstractApplicationContext.finishBeanFactoryInitialization(AbstractApplicationContext.java:977) ~[spring-context-7.0.7.jar:7.0.7]
	at org.springframework.context.support.AbstractApplicationContext.refresh(AbstractApplicationContext.java:621) ~[spring-context-7.0.7.jar:7.0.7]
	at org.springframework.boot.web.server.servlet.context.ServletWebServerApplicationContext.refresh(ServletWebServerApplicationContext.java:143) ~[spring-boot-web-server-4.0.6.jar:4.0.6]
	at org.springframework.boot.SpringApplication.refresh(SpringApplication.java:756) ~[spring-boot-4.0.6.jar:4.0.6]
	at org.springframework.boot.SpringApplication.refreshContext(SpringApplication.java:445) ~[spring-boot-4.0.6.jar:4.0.6]
	at org.springframework.boot.SpringApplication.run(SpringApplication.java:321) ~[spring-boot-4.0.6.jar:4.0.6]
	at org.springframework.boot.SpringApplication.run(SpringApplication.java:1365) ~[spring-boot-4.0.6.jar:4.0.6]
	at org.springframework.boot.SpringApplication.run(SpringApplication.java:1354) ~[spring-boot-4.0.6.jar:4.0.6]
	at flearn.FLearnSpringBootApplication.main(FLearnSpringBootApplication.java:10) ~[classes/:na]
	at java.base/jdk.internal.reflect.DirectMethodHandleAccessor.invoke(DirectMethodHandleAccessor.java:103) ~[na:na]
	at java.base/java.lang.reflect.Method.invoke(Method.java:580) ~[na:na]
	at org.springframework.boot.devtools.restart.RestartLauncher.run(RestartLauncher.java:52) ~[spring-boot-devtools-4.0.6.jar:4.0.6]
Caused by: com.microsoft.sqlserver.jdbc.SQLServerException: There is already an object named 'Roadmaps' in the database.
	at com.microsoft.sqlserver.jdbc.SQLServerException.makeFromDatabaseError(SQLServerException.java:278) ~[mssql-jdbc-13.2.1.jre11.jar:na]
	at com.microsoft.sqlserver.jdbc.SQLServerStatement.getNextResult(SQLServerStatement.java:1788) ~[mssql-jdbc-13.2.1.jre11.jar:na]
	at com.microsoft.sqlserver.jdbc.SQLServerStatement.doExecuteStatement(SQLServerStatement.java:975) ~[mssql-jdbc-13.2.1.jre11.jar:na]
	at com.microsoft.sqlserver.jdbc.SQLServerStatement$StmtExecCmd.doExecute(SQLServerStatement.java:869) ~[mssql-jdbc-13.2.1.jre11.jar:na]
	at com.microsoft.sqlserver.jdbc.TDSCommand.execute(IOBuffer.java:7825) ~[mssql-jdbc-13.2.1.jre11.jar:na]
	at com.microsoft.sqlserver.jdbc.SQLServerConnection.executeCommand(SQLServerConnection.java:4828) ~[mssql-jdbc-13.2.1.jre11.jar:na]
	at com.microsoft.sqlserver.jdbc.SQLServerStatement.executeCommand(SQLServerStatement.java:321) ~[mssql-jdbc-13.2.1.jre11.jar:na]
	at com.microsoft.sqlserver.jdbc.SQLServerStatement.executeStatement(SQLServerStatement.java:253) ~[mssql-jdbc-13.2.1.jre11.jar:na]
	at com.microsoft.sqlserver.jdbc.SQLServerStatement.execute(SQLServerStatement.java:842) ~[mssql-jdbc-13.2.1.jre11.jar:na]
	at com.zaxxer.hikari.pool.ProxyStatement.execute(ProxyStatement.java:95) ~[HikariCP-7.0.2.jar:na]
	at com.zaxxer.hikari.pool.HikariProxyStatement.execute(HikariProxyStatement.java) ~[HikariCP-7.0.2.jar:na]
	at org.hibernate.tool.schema.internal.exec.GenerationTargetToDatabase.accept(GenerationTargetToDatabase.java:76) ~[hibernate-core-7.2.12.Final.jar:7.2.12.Final]
	... 41 common frames omitted

2026-06-10T21:53:38.680+07:00 DEBUG 21596 --- [FLearn_SpringBoot] [  restartedMain] org.hibernate.SQL                        : 
    alter table [MaterialTrackings] 
       drop constraint if exists UK_MaterialTracking_Student_Material
Hibernate: 
    alter table [MaterialTrackings] 
       drop constraint if exists UK_MaterialTracking_Student_Material
2026-06-10T21:53:38.716+07:00 DEBUG 21596 --- [FLearn_SpringBoot] [  restartedMain] org.hibernate.SQL                        : 
    alter table [MaterialTrackings] 
       add constraint UK_MaterialTracking_Student_Material unique (StudentID, MaterialID)
Hibernate: 
    alter table [MaterialTrackings] 
       add constraint UK_MaterialTracking_Student_Material unique (StudentID, MaterialID)
2026-06-10T21:53:50.370+07:00 ERROR 21596 --- [FLearn_SpringBoot] [  restartedMain] j.LocalContainerEntityManagerFactoryBean : Failed to initialize JPA EntityManagerFactory: Unable to build Hibernate SessionFactory  [persistence unit: default] ; nested exception is java.lang.NullPointerException: Cannot invoke "org.hibernate.tool.schema.extract.spi.ColumnInformation.getColumnIdentifier()" because "referencingColumnMetadata" is null
2026-06-10T21:53:50.371+07:00  WARN 21596 --- [FLearn_SpringBoot] [  restartedMain] ConfigServletWebServerApplicationContext : Exception encountered during context initialization - cancelling refresh attempt: org.springframework.beans.factory.BeanCreationException: Error creating bean with name 'entityManagerFactory' defined in class path resource [org/springframework/boot/hibernate/autoconfigure/HibernateJpaConfiguration.class]: Unable to build Hibernate SessionFactory  [persistence unit: default] ; nested exception is java.lang.NullPointerException: Cannot invoke "org.hibernate.tool.schema.extract.spi.ColumnInformation.getColumnIdentifier()" because "referencingColumnMetadata" is null
2026-06-10T21:53:50.372+07:00  INFO 21596 --- [FLearn_SpringBoot] [  restartedMain] com.zaxxer.hikari.HikariDataSource       : HikariPool-7 - Shutdown initiated...
2026-06-10T21:53:50.393+07:00  INFO 21596 --- [FLearn_SpringBoot] [  restartedMain] com.zaxxer.hikari.HikariDataSource       : HikariPool-7 - Shutdown completed.
2026-06-10T21:53:50.395+07:00  INFO 21596 --- [FLearn_SpringBoot] [  restartedMain] o.apache.catalina.core.StandardService   : Stopping service [Tomcat]
2026-06-10T21:53:50.412+07:00  INFO 21596 --- [FLearn_SpringBoot] [  restartedMain] .s.b.a.l.ConditionEvaluationReportLogger : 

Error starting ApplicationContext. To display the condition evaluation report re-run your application with 'debug' enabled.
2026-06-10T21:53:50.422+07:00 ERROR 21596 --- [FLearn_SpringBoot] [  restartedMain] o.s.boot.SpringApplication               : Application run failed

org.springframework.beans.factory.BeanCreationException: Error creating bean with name 'entityManagerFactory' defined in class path resource [org/springframework/boot/hibernate/autoconfigure/HibernateJpaConfiguration.class]: Unable to build Hibernate SessionFactory  [persistence unit: default] ; nested exception is java.lang.NullPointerException: Cannot invoke "org.hibernate.tool.schema.extract.spi.ColumnInformation.getColumnIdentifier()" because "referencingColumnMetadata" is null
	at org.springframework.beans.factory.support.AbstractAutowireCapableBeanFactory.initializeBean(AbstractAutowireCapableBeanFactory.java:1817) ~[spring-beans-7.0.7.jar:7.0.7]
	at org.springframework.beans.factory.support.AbstractAutowireCapableBeanFactory.doCreateBean(AbstractAutowireCapableBeanFactory.java:603) ~[spring-beans-7.0.7.jar:7.0.7]
	at org.springframework.beans.factory.support.AbstractAutowireCapableBeanFactory.createBean(AbstractAutowireCapableBeanFactory.java:525) ~[spring-beans-7.0.7.jar:7.0.7]
	at org.springframework.beans.factory.support.AbstractBeanFactory.lambda$doGetBean$0(AbstractBeanFactory.java:333) ~[spring-beans-7.0.7.jar:7.0.7]
	at org.springframework.beans.factory.support.DefaultSingletonBeanRegistry.getSingleton(DefaultSingletonBeanRegistry.java:371) ~[spring-beans-7.0.7.jar:7.0.7]
	at org.springframework.beans.factory.support.AbstractBeanFactory.doGetBean(AbstractBeanFactory.java:331) ~[spring-beans-7.0.7.jar:7.0.7]
	at org.springframework.beans.factory.support.AbstractBeanFactory.getBean(AbstractBeanFactory.java:201) ~[spring-beans-7.0.7.jar:7.0.7]
	at org.springframework.context.support.AbstractApplicationContext.finishBeanFactoryInitialization(AbstractApplicationContext.java:977) ~[spring-context-7.0.7.jar:7.0.7]
	at org.springframework.context.support.AbstractApplicationContext.refresh(AbstractApplicationContext.java:621) ~[spring-context-7.0.7.jar:7.0.7]
	at org.springframework.boot.web.server.servlet.context.ServletWebServerApplicationContext.refresh(ServletWebServerApplicationContext.java:143) ~[spring-boot-web-server-4.0.6.jar:4.0.6]
	at org.springframework.boot.SpringApplication.refresh(SpringApplication.java:756) ~[spring-boot-4.0.6.jar:4.0.6]
	at org.springframework.boot.SpringApplication.refreshContext(SpringApplication.java:445) ~[spring-boot-4.0.6.jar:4.0.6]
	at org.springframework.boot.SpringApplication.run(SpringApplication.java:321) ~[spring-boot-4.0.6.jar:4.0.6]
	at org.springframework.boot.SpringApplication.run(SpringApplication.java:1365) ~[spring-boot-4.0.6.jar:4.0.6]
	at org.springframework.boot.SpringApplication.run(SpringApplication.java:1354) ~[spring-boot-4.0.6.jar:4.0.6]
	at flearn.FLearnSpringBootApplication.main(FLearnSpringBootApplication.java:10) ~[classes/:na]
	at java.base/jdk.internal.reflect.DirectMethodHandleAccessor.invoke(DirectMethodHandleAccessor.java:103) ~[na:na]
	at java.base/java.lang.reflect.Method.invoke(Method.java:580) ~[na:na]
	at org.springframework.boot.devtools.restart.RestartLauncher.run(RestartLauncher.java:52) ~[spring-boot-devtools-4.0.6.jar:4.0.6]
Caused by: jakarta.persistence.PersistenceException: Unable to build Hibernate SessionFactory  [persistence unit: default] ; nested exception is java.lang.NullPointerException: Cannot invoke "org.hibernate.tool.schema.extract.spi.ColumnInformation.getColumnIdentifier()" because "referencingColumnMetadata" is null
	at org.springframework.orm.jpa.AbstractEntityManagerFactoryBean.buildNativeEntityManagerFactory(AbstractEntityManagerFactoryBean.java:448) ~[spring-orm-7.0.7.jar:7.0.7]
	at org.springframework.orm.jpa.AbstractEntityManagerFactoryBean.afterPropertiesSet(AbstractEntityManagerFactoryBean.java:411) ~[spring-orm-7.0.7.jar:7.0.7]
	at org.springframework.orm.jpa.LocalContainerEntityManagerFactoryBean.afterPropertiesSet(LocalContainerEntityManagerFactoryBean.java:419) ~[spring-orm-7.0.7.jar:7.0.7]
	at org.springframework.beans.factory.support.AbstractAutowireCapableBeanFactory.invokeInitMethods(AbstractAutowireCapableBeanFactory.java:1864) ~[spring-beans-7.0.7.jar:7.0.7]
	at org.springframework.beans.factory.support.AbstractAutowireCapableBeanFactory.initializeBean(AbstractAutowireCapableBeanFactory.java:1813) ~[spring-beans-7.0.7.jar:7.0.7]
	... 18 common frames omitted
Caused by: java.lang.NullPointerException: Cannot invoke "org.hibernate.tool.schema.extract.spi.ColumnInformation.getColumnIdentifier()" because "referencingColumnMetadata" is null
	at org.hibernate.tool.schema.internal.AbstractSchemaMigrator.lambda$equivalentForeignKeyExistsInDatabase$1(AbstractSchemaMigrator.java:480) ~[hibernate-core-7.2.12.Final.jar:7.2.12.Final]
	at java.base/java.util.stream.MatchOps$1MatchSink.accept(MatchOps.java:90) ~[na:na]
	at java.base/java.util.ArrayList$ArrayListSpliterator.tryAdvance(ArrayList.java:1685) ~[na:na]
	at java.base/java.util.stream.ReferencePipeline$7$1.accept(ReferencePipeline.java:280) ~[na:na]
	at java.base/java.util.HashMap$ValueSpliterator.tryAdvance(HashMap.java:1808) ~[na:na]
	at java.base/java.util.stream.ReferencePipeline.forEachWithCancel(ReferencePipeline.java:129) ~[na:na]
	at java.base/java.util.stream.AbstractPipeline.copyIntoWithCancel(AbstractPipeline.java:527) ~[na:na]
	at java.base/java.util.stream.AbstractPipeline.copyInto(AbstractPipeline.java:513) ~[na:na]
	at java.base/java.util.stream.AbstractPipeline.wrapAndCopyInto(AbstractPipeline.java:499) ~[na:na]
	at java.base/java.util.stream.MatchOps$MatchOp.evaluateSequential(MatchOps.java:230) ~[na:na]
	at java.base/java.util.stream.MatchOps$MatchOp.evaluateSequential(MatchOps.java:196) ~[na:na]
	at java.base/java.util.stream.AbstractPipeline.evaluate(AbstractPipeline.java:234) ~[na:na]
	at java.base/java.util.stream.ReferencePipeline.anyMatch(ReferencePipeline.java:632) ~[na:na]
	at org.hibernate.tool.schema.internal.AbstractSchemaMigrator.equivalentForeignKeyExistsInDatabase(AbstractSchemaMigrator.java:477) ~[hibernate-core-7.2.12.Final.jar:7.2.12.Final]
	at org.hibernate.tool.schema.internal.AbstractSchemaMigrator.checkForExistingForeignKey(AbstractSchemaMigrator.java:467) ~[hibernate-core-7.2.12.Final.jar:7.2.12.Final]
	at org.hibernate.tool.schema.internal.AbstractSchemaMigrator.applyForeignKeys(AbstractSchemaMigrator.java:434) ~[hibernate-core-7.2.12.Final.jar:7.2.12.Final]
	at org.hibernate.tool.schema.internal.AbstractSchemaMigrator.performMigration(AbstractSchemaMigrator.java:256) ~[hibernate-core-7.2.12.Final.jar:7.2.12.Final]
	at org.hibernate.tool.schema.internal.AbstractSchemaMigrator.doMigration(AbstractSchemaMigrator.java:96) ~[hibernate-core-7.2.12.Final.jar:7.2.12.Final]
	at org.hibernate.tool.schema.spi.SchemaManagementToolCoordinator.performDatabaseAction(SchemaManagementToolCoordinator.java:269) ~[hibernate-core-7.2.12.Final.jar:7.2.12.Final]
	at org.hibernate.tool.schema.spi.SchemaManagementToolCoordinator.lambda$process$1(SchemaManagementToolCoordinator.java:101) ~[hibernate-core-7.2.12.Final.jar:7.2.12.Final]
	at java.base/java.util.HashMap.forEach(HashMap.java:1429) ~[na:na]
	at org.hibernate.tool.schema.spi.SchemaManagementToolCoordinator.process(SchemaManagementToolCoordinator.java:100) ~[hibernate-core-7.2.12.Final.jar:7.2.12.Final]
	at org.hibernate.boot.internal.SessionFactoryObserverForSchemaExport.sessionFactoryCreated(SessionFactoryObserverForSchemaExport.java:35) ~[hibernate-core-7.2.12.Final.jar:7.2.12.Final]
	at org.hibernate.internal.SessionFactoryObserverChain.sessionFactoryCreated(SessionFactoryObserverChain.java:33) ~[hibernate-core-7.2.12.Final.jar:7.2.12.Final]
	at org.hibernate.internal.SessionFactoryImpl.<init>(SessionFactoryImpl.java:323) ~[hibernate-core-7.2.12.Final.jar:7.2.12.Final]
	at org.hibernate.internal.SessionFactoryRegistry.instantiateSessionFactory(SessionFactoryRegistry.java:64) ~[hibernate-core-7.2.12.Final.jar:7.2.12.Final]
	at org.hibernate.boot.internal.SessionFactoryBuilderImpl.build(SessionFactoryBuilderImpl.java:437) ~[hibernate-core-7.2.12.Final.jar:7.2.12.Final]
	at org.hibernate.jpa.boot.internal.EntityManagerFactoryBuilderImpl.build(EntityManagerFactoryBuilderImpl.java:1456) ~[hibernate-core-7.2.12.Final.jar:7.2.12.Final]
	at org.springframework.orm.jpa.vendor.SpringHibernateJpaPersistenceProvider.createContainerEntityManagerFactory(SpringHibernateJpaPersistenceProvider.java:93) ~[spring-orm-7.0.7.jar:7.0.7]
	at org.springframework.orm.jpa.LocalContainerEntityManagerFactoryBean.createNativeEntityManagerFactory(LocalContainerEntityManagerFactoryBean.java:443) ~[spring-orm-7.0.7.jar:7.0.7]
	at org.springframework.orm.jpa.AbstractEntityManagerFactoryBean.buildNativeEntityManagerFactory(AbstractEntityManagerFactoryBean.java:436) ~[spring-orm-7.0.7.jar:7.0.7]
	... 22 common frames omitted


  .   ____          _            __ _ _
 /\\ / ___'_ __ _ _(_)_ __  __ _ \ \ \ \
( ( )\___ | '_ | '_| | '_ \/ _` | \ \ \ \
 \\/  ___)| |_)| | | | | || (_| |  ) ) ) )
  '  |____| .__|_| |_|_| |_\__, | / / / /
 =========|_|==============|___/=/_/_/_/

 :: Spring Boot ::                (v4.0.6)

2026-06-10T21:58:40.505+07:00  INFO 21596 --- [FLearn_SpringBoot] [  restartedMain] flearn.FLearnSpringBootApplication       : Starting FLearnSpringBootApplication using Java 21.0.11 with PID 21596 (D:\SWP391\FLearn_\target\classes started by quynh anh in D:\SWP391\FLearn_)
2026-06-10T21:58:40.506+07:00  INFO 21596 --- [FLearn_SpringBoot] [  restartedMain] flearn.FLearnSpringBootApplication       : No active profile set, falling back to 1 default profile: "default"
2026-06-10T21:58:41.772+07:00  INFO 21596 --- [FLearn_SpringBoot] [  restartedMain] .s.d.r.c.RepositoryConfigurationDelegate : Bootstrapping Spring Data JPA repositories in DEFAULT mode.
2026-06-10T21:58:42.198+07:00  WARN 21596 --- [FLearn_SpringBoot] [  restartedMain] ConfigServletWebServerApplicationContext : Exception encountered during context initialization - cancelling refresh attempt: java.lang.NoClassDefFoundError: flearn/entity/ClassStatus
2026-06-10T21:58:42.202+07:00  INFO 21596 --- [FLearn_SpringBoot] [  restartedMain] .s.b.a.l.ConditionEvaluationReportLogger : 

Error starting ApplicationContext. To display the condition evaluation report re-run your application with 'debug' enabled.
2026-06-10T21:58:42.207+07:00 ERROR 21596 --- [FLearn_SpringBoot] [  restartedMain] o.s.boot.SpringApplication               : Application run failed

java.lang.NoClassDefFoundError: flearn/entity/ClassStatus
	at java.base/java.lang.Class.getDeclaredMethods0(Native Method) ~[na:na]
	at java.base/java.lang.Class.privateGetDeclaredMethods(Class.java:3580) ~[na:na]
	at java.base/java.lang.Class.privateGetPublicMethods(Class.java:3605) ~[na:na]
	at java.base/java.lang.Class.getMethods(Class.java:2187) ~[na:na]
	at org.springframework.data.core.ReactiveWrappers.usesReactiveType(ReactiveWrappers.java:144) ~[spring-data-commons-4.0.5.jar:4.0.5]
	at org.springframework.data.repository.core.support.AbstractRepositoryMetadata.isReactiveRepository(AbstractRepositoryMetadata.java:140) ~[spring-data-commons-4.0.5.jar:4.0.5]
	at org.springframework.data.repository.config.RepositoryConfigurationExtensionSupport.useRepositoryConfiguration(RepositoryConfigurationExtensionSupport.java:344) ~[spring-data-commons-4.0.5.jar:4.0.5]
	at org.springframework.data.repository.config.RepositoryConfigurationExtensionSupport.getRepositoryConfigurations(RepositoryConfigurationExtensionSupport.java:98) ~[spring-data-commons-4.0.5.jar:4.0.5]
	at org.springframework.data.repository.config.RepositoryConfigurationDelegate.registerRepositoriesIn(RepositoryConfigurationDelegate.java:170) ~[spring-data-commons-4.0.5.jar:4.0.5]
	at org.springframework.boot.autoconfigure.data.AbstractRepositoryConfigurationSourceSupport.registerBeanDefinitions(AbstractRepositoryConfigurationSourceSupport.java:67) ~[spring-boot-autoconfigure-4.0.6.jar:4.0.6]
	at org.springframework.context.annotation.ConfigurationClassBeanDefinitionReader.lambda$loadBeanDefinitionsFromImportBeanDefinitionRegistrars$0(ConfigurationClassBeanDefinitionReader.java:422) ~[spring-context-7.0.7.jar:7.0.7]
	at java.base/java.util.LinkedHashMap.forEach(LinkedHashMap.java:986) ~[na:na]
	at org.springframework.context.annotation.ConfigurationClassBeanDefinitionReader.loadBeanDefinitionsFromImportBeanDefinitionRegistrars(ConfigurationClassBeanDefinitionReader.java:421) ~[spring-context-7.0.7.jar:7.0.7]
	at org.springframework.context.annotation.ConfigurationClassBeanDefinitionReader.loadBeanDefinitionsForConfigurationClass(ConfigurationClassBeanDefinitionReader.java:152) ~[spring-context-7.0.7.jar:7.0.7]
	at org.springframework.context.annotation.ConfigurationClassBeanDefinitionReader.loadBeanDefinitions(ConfigurationClassBeanDefinitionReader.java:124) ~[spring-context-7.0.7.jar:7.0.7]
	at org.springframework.context.annotation.ConfigurationClassPostProcessor.processConfigBeanDefinitions(ConfigurationClassPostProcessor.java:464) ~[spring-context-7.0.7.jar:7.0.7]
	at org.springframework.context.annotation.ConfigurationClassPostProcessor.postProcessBeanDefinitionRegistry(ConfigurationClassPostProcessor.java:316) ~[spring-context-7.0.7.jar:7.0.7]
	at org.springframework.context.support.PostProcessorRegistrationDelegate.invokeBeanDefinitionRegistryPostProcessors(PostProcessorRegistrationDelegate.java:349) ~[spring-context-7.0.7.jar:7.0.7]
	at org.springframework.context.support.PostProcessorRegistrationDelegate.invokeBeanFactoryPostProcessors(PostProcessorRegistrationDelegate.java:118) ~[spring-context-7.0.7.jar:7.0.7]
	at org.springframework.context.support.AbstractApplicationContext.invokeBeanFactoryPostProcessors(AbstractApplicationContext.java:795) ~[spring-context-7.0.7.jar:7.0.7]
	at org.springframework.context.support.AbstractApplicationContext.refresh(AbstractApplicationContext.java:603) ~[spring-context-7.0.7.jar:7.0.7]
	at org.springframework.boot.web.server.servlet.context.ServletWebServerApplicationContext.refresh(ServletWebServerApplicationContext.java:143) ~[spring-boot-web-server-4.0.6.jar:4.0.6]
	at org.springframework.boot.SpringApplication.refresh(SpringApplication.java:756) ~[spring-boot-4.0.6.jar:4.0.6]
	at org.springframework.boot.SpringApplication.refreshContext(SpringApplication.java:445) ~[spring-boot-4.0.6.jar:4.0.6]
	at org.springframework.boot.SpringApplication.run(SpringApplication.java:321) ~[spring-boot-4.0.6.jar:4.0.6]
	at org.springframework.boot.SpringApplication.run(SpringApplication.java:1365) ~[spring-boot-4.0.6.jar:4.0.6]
	at org.springframework.boot.SpringApplication.run(SpringApplication.java:1354) ~[spring-boot-4.0.6.jar:4.0.6]
	at flearn.FLearnSpringBootApplication.main(FLearnSpringBootApplication.java:10) ~[classes/:na]
	at java.base/jdk.internal.reflect.DirectMethodHandleAccessor.invoke(DirectMethodHandleAccessor.java:103) ~[na:na]
	at java.base/java.lang.reflect.Method.invoke(Method.java:580) ~[na:na]
	at org.springframework.boot.devtools.restart.RestartLauncher.run(RestartLauncher.java:52) ~[spring-boot-devtools-4.0.6.jar:4.0.6]
Caused by: java.lang.ClassNotFoundException: flearn.entity.ClassStatus
	at java.base/jdk.internal.loader.BuiltinClassLoader.loadClass(BuiltinClassLoader.java:641) ~[na:na]
	at java.base/jdk.internal.loader.ClassLoaders$AppClassLoader.loadClass(ClassLoaders.java:188) ~[na:na]
	at java.base/java.lang.ClassLoader.loadClass(ClassLoader.java:526) ~[na:na]
	at java.base/java.lang.Class.forName0(Native Method) ~[na:na]
	at java.base/java.lang.Class.forName(Class.java:536) ~[na:na]
	at java.base/java.lang.Class.forName(Class.java:515) ~[na:na]
	at org.springframework.boot.devtools.restart.classloader.RestartClassLoader.loadClass(RestartClassLoader.java:123) ~[spring-boot-devtools-4.0.6.jar:4.0.6]
	at java.base/java.lang.ClassLoader.loadClass(ClassLoader.java:526) ~[na:na]
	... 31 common frames omitted

Exception in thread "restartedMain" java.lang.reflect.InvocationTargetException
	at java.base/jdk.internal.reflect.DirectMethodHandleAccessor.invoke(DirectMethodHandleAccessor.java:118)
	at java.base/java.lang.reflect.Method.invoke(Method.java:580)
	at org.springframework.boot.devtools.restart.RestartLauncher.run(RestartLauncher.java:52)
Caused by: java.lang.IllegalStateException: java.lang.NoClassDefFoundError: flearn/entity/ClassStatus
	at org.springframework.boot.SpringApplication.handleRunFailure(SpringApplication.java:827)
	at org.springframework.boot.SpringApplication.run(SpringApplication.java:331)
	at org.springframework.boot.SpringApplication.run(SpringApplication.java:1365)
	at org.springframework.boot.SpringApplication.run(SpringApplication.java:1354)
	at flearn.FLearnSpringBootApplication.main(FLearnSpringBootApplication.java:10)
	at java.base/jdk.internal.reflect.DirectMethodHandleAccessor.invoke(DirectMethodHandleAccessor.java:103)
	... 2 more
Caused by: java.lang.NoClassDefFoundError: flearn/entity/ClassStatus
	at java.base/java.lang.Class.getDeclaredMethods0(Native Method)
	at java.base/java.lang.Class.privateGetDeclaredMethods(Class.java:3580)
	at java.base/java.lang.Class.privateGetPublicMethods(Class.java:3605)
	at java.base/java.lang.Class.getMethods(Class.java:2187)
	at org.springframework.data.core.ReactiveWrappers.usesReactiveType(ReactiveWrappers.java:144)
	at org.springframework.data.repository.core.support.AbstractRepositoryMetadata.isReactiveRepository(AbstractRepositoryMetadata.java:140)
	at org.springframework.data.repository.config.RepositoryConfigurationExtensionSupport.useRepositoryConfiguration(RepositoryConfigurationExtensionSupport.java:344)
	at org.springframework.data.repository.config.RepositoryConfigurationExtensionSupport.getRepositoryConfigurations(RepositoryConfigurationExtensionSupport.java:98)
	at org.springframework.data.repository.config.RepositoryConfigurationDelegate.registerRepositoriesIn(RepositoryConfigurationDelegate.java:170)
	at org.springframework.boot.autoconfigure.data.AbstractRepositoryConfigurationSourceSupport.registerBeanDefinitions(AbstractRepositoryConfigurationSourceSupport.java:67)
	at org.springframework.context.annotation.ConfigurationClassBeanDefinitionReader.lambda$loadBeanDefinitionsFromImportBeanDefinitionRegistrars$0(ConfigurationClassBeanDefinitionReader.java:422)
	at java.base/java.util.LinkedHashMap.forEach(LinkedHashMap.java:986)
	at org.springframework.context.annotation.ConfigurationClassBeanDefinitionReader.loadBeanDefinitionsFromImportBeanDefinitionRegistrars(ConfigurationClassBeanDefinitionReader.java:421)
	at org.springframework.context.annotation.ConfigurationClassBeanDefinitionReader.loadBeanDefinitionsForConfigurationClass(ConfigurationClassBeanDefinitionReader.java:152)
	at org.springframework.context.annotation.ConfigurationClassBeanDefinitionReader.loadBeanDefinitions(ConfigurationClassBeanDefinitionReader.java:124)
	at org.springframework.context.annotation.ConfigurationClassPostProcessor.processConfigBeanDefinitions(ConfigurationClassPostProcessor.java:464)
	at org.springframework.context.annotation.ConfigurationClassPostProcessor.postProcessBeanDefinitionRegistry(ConfigurationClassPostProcessor.java:316)
	at org.springframework.context.support.PostProcessorRegistrationDelegate.invokeBeanDefinitionRegistryPostProcessors(PostProcessorRegistrationDelegate.java:349)
	at org.springframework.context.support.PostProcessorRegistrationDelegate.invokeBeanFactoryPostProcessors(PostProcessorRegistrationDelegate.java:118)
	at org.springframework.context.support.AbstractApplicationContext.invokeBeanFactoryPostProcessors(AbstractApplicationContext.java:795)
	at org.springframework.context.support.AbstractApplicationContext.refresh(AbstractApplicationContext.java:603)
	at org.springframework.boot.web.server.servlet.context.ServletWebServerApplicationContext.refresh(ServletWebServerApplicationContext.java:143)
	at org.springframework.boot.SpringApplication.refresh(SpringApplication.java:756)
	at org.springframework.boot.SpringApplication.refreshContext(SpringApplication.java:445)
	at org.springframework.boot.SpringApplication.run(SpringApplication.java:321)
	... 6 more
Caused by: java.lang.ClassNotFoundException: flearn.entity.ClassStatus
	at java.base/jdk.internal.loader.BuiltinClassLoader.loadClass(BuiltinClassLoader.java:641)
	at java.base/jdk.internal.loader.ClassLoaders$AppClassLoader.loadClass(ClassLoaders.java:188)
	at java.base/java.lang.ClassLoader.loadClass(ClassLoader.java:526)
	at java.base/java.lang.Class.forName0(Native Method)
	at java.base/java.lang.Class.forName(Class.java:536)
	at java.base/java.lang.Class.forName(Class.java:515)
	at org.springframework.boot.devtools.restart.classloader.RestartClassLoader.loadClass(RestartClassLoader.java:123)
	at java.base/java.lang.ClassLoader.loadClass(ClassLoader.java:526)
	... 31 more

  .   ____          _            __ _ _
 /\\ / ___'_ __ _ _(_)_ __  __ _ \ \ \ \
( ( )\___ | '_ | '_| | '_ \/ _` | \ \ \ \
 \\/  ___)| |_)| | | | | || (_| |  ) ) ) )
  '  |____| .__|_| |_|_| |_\__, | / / / /
 =========|_|==============|___/=/_/_/_/

 :: Spring Boot ::                (v4.0.6)

2026-06-10T21:59:20.961+07:00  INFO 21596 --- [FLearn_SpringBoot] [  restartedMain] flearn.FLearnSpringBootApplication       : Starting FLearnSpringBootApplication using Java 21.0.11 with PID 21596 (D:\SWP391\FLearn_\target\classes started by quynh anh in D:\SWP391\FLearn_)
2026-06-10T21:59:20.962+07:00  INFO 21596 --- [FLearn_SpringBoot] [  restartedMain] flearn.FLearnSpringBootApplication       : No active profile set, falling back to 1 default profile: "default"
2026-06-10T21:59:22.474+07:00  INFO 21596 --- [FLearn_SpringBoot] [  restartedMain] .s.d.r.c.RepositoryConfigurationDelegate : Bootstrapping Spring Data JPA repositories in DEFAULT mode.
2026-06-10T21:59:23.181+07:00  INFO 21596 --- [FLearn_SpringBoot] [  restartedMain] .s.d.r.c.RepositoryConfigurationDelegate : Finished Spring Data repository scanning in 704 ms. Found 13 JPA repository interfaces.
2026-06-10T21:59:24.354+07:00  INFO 21596 --- [FLearn_SpringBoot] [  restartedMain] o.s.boot.tomcat.TomcatWebServer          : Tomcat initialized with port 8081 (http)
2026-06-10T21:59:24.361+07:00  INFO 21596 --- [FLearn_SpringBoot] [  restartedMain] o.apache.catalina.core.StandardService   : Starting service [Tomcat]
2026-06-10T21:59:24.361+07:00  INFO 21596 --- [FLearn_SpringBoot] [  restartedMain] o.apache.catalina.core.StandardEngine    : Starting Servlet engine: [Apache Tomcat/11.0.21]
2026-06-10T21:59:24.508+07:00  INFO 21596 --- [FLearn_SpringBoot] [  restartedMain] b.w.c.s.WebApplicationContextInitializer : Root WebApplicationContext: initialization completed in 3542 ms
2026-06-10T21:59:24.957+07:00  INFO 21596 --- [FLearn_SpringBoot] [  restartedMain] org.hibernate.orm.jpa                    : HHH008540: Processing PersistenceUnitInfo [name: default]
2026-06-10T21:59:27.293+07:00  INFO 21596 --- [FLearn_SpringBoot] [  restartedMain] o.s.o.j.p.SpringPersistenceUnitInfo      : No LoadTimeWeaver setup: ignoring JPA class transformer
2026-06-10T21:59:27.302+07:00  INFO 21596 --- [FLearn_SpringBoot] [  restartedMain] com.zaxxer.hikari.HikariDataSource       : HikariPool-8 - Starting...
2026-06-10T21:59:29.938+07:00  INFO 21596 --- [FLearn_SpringBoot] [  restartedMain] com.zaxxer.hikari.pool.HikariPool        : HikariPool-8 - Added connection ConnectionID:76 ClientConnectionId: 9df7e443-ff28-42e9-9f01-e8dd010f7c60
2026-06-10T21:59:29.938+07:00  INFO 21596 --- [FLearn_SpringBoot] [  restartedMain] com.zaxxer.hikari.HikariDataSource       : HikariPool-8 - Start completed.
2026-06-10T21:59:56.790+07:00  WARN 21596 --- [FLearn_SpringBoot] [  restartedMain] org.hibernate.orm.deprecation            : HHH90000025: SQLServerDialect does not need to be specified explicitly using 'hibernate.dialect' (remove the property setting and it will be selected by default)
2026-06-10T21:59:57.059+07:00  INFO 21596 --- [FLearn_SpringBoot] [  restartedMain] org.hibernate.orm.connections.pooling    : HHH10001005: Database info:
	Database JDBC URL [jdbc:sqlserver://localhost:1433;concatNullYieldsNull=ON;quotedIdentifier=ON;connectRetryInterval=10;connectRetryCount=1;maxResultBuffer=-1;sendTemporalDataTypesAsStringForBulkCopy=true;delayLoadingLobs=true;useFmtOnly=false;vectorTypeSupport=v1;cacheBulkCopyMetadata=false;bulkCopyForBatchInsertAllowEncryptedValueModifications=false;bulkCopyForBatchInsertTableLock=false;bulkCopyForBatchInsertKeepNulls=false;bulkCopyForBatchInsertKeepIdentity=false;bulkCopyForBatchInsertFireTriggers=false;bulkCopyForBatchInsertCheckConstraints=false;bulkCopyForBatchInsertBatchSize=0;useBulkCopyForBatchInsert=false;cancelQueryTimeout=-1;sslProtocol=TLS;calcBigDecimalPrecision=false;useDefaultJaasConfig=false;jaasConfigurationName=SQLJDBCDriver;statementPoolingCacheSize=0;serverPreparedStatementDiscardThreshold=10;enablePrepareOnFirstPreparedStatementCall=false;fips=false;socketTimeout=0;authentication=NotSpecified;authenticationScheme=nativeAuthentication;xopenStates=false;datetimeParameterType=datetime2;sendTimeAsDatetime=true;replication=false;trustStoreType=JKS;trustServerCertificate=true;TransparentNetworkIPResolution=true;iPAddressPreference=IPv4First;serverNameAsACE=false;sendStringParametersAsUnicode=true;selectMethod=direct;responseBuffering=adaptive;queryTimeout=-1;packetSize=8000;multiSubnetFailover=false;loginTimeout=30;lockTimeout=-1;lastUpdateCount=true;useDefaultGSSCredential=false;prepareMethod=prepexec;encrypt=true;disableStatementPooling=true;databaseName=FLearnDB;columnEncryptionSetting=Disabled;applicationName=Microsoft JDBC Driver for SQL Server;applicationIntent=readwrite;]
	Database driver: Microsoft JDBC Driver 13.2 for SQL Server
	Database dialect: SQLServerDialect
	Database version: 16.0
	Default catalog/schema: FLearnDB/dbo
	Autocommit mode: undefined/unknown
	Isolation level: READ_COMMITTED [default READ_COMMITTED]
	JDBC fetch size: 128
	Pool: DataSourceConnectionProvider
	Minimum pool size: undefined/unknown
	Maximum pool size: undefined/unknown
2026-06-10T21:59:57.076+07:00  WARN 21596 --- [FLearn_SpringBoot] [  restartedMain] org.hibernate.orm.deprecation            : HHH90000033: Encountered use of deprecated annotation [interface jakarta.persistence.Temporal] at flearn.entity.ClassMember.joinedAt.
2026-06-10T21:59:57.086+07:00  WARN 21596 --- [FLearn_SpringBoot] [  restartedMain] org.hibernate.orm.deprecation            : HHH90000033: Encountered use of deprecated annotation [interface jakarta.persistence.Temporal] at flearn.entity.Classroom.createdAt.
2026-06-10T21:59:57.091+07:00  WARN 21596 --- [FLearn_SpringBoot] [  restartedMain] org.hibernate.orm.deprecation            : HHH90000033: Encountered use of deprecated annotation [interface jakarta.persistence.Temporal] at flearn.entity.Classroom.updatedAt.
2026-06-10T21:59:57.103+07:00  WARN 21596 --- [FLearn_SpringBoot] [  restartedMain] org.hibernate.orm.deprecation            : HHH90000033: Encountered use of deprecated annotation [interface jakarta.persistence.Temporal] at flearn.entity.Enrollment.approvedAt.
2026-06-10T21:59:57.106+07:00  WARN 21596 --- [FLearn_SpringBoot] [  restartedMain] org.hibernate.orm.deprecation            : HHH90000033: Encountered use of deprecated annotation [interface jakarta.persistence.Temporal] at flearn.entity.Enrollment.rejectedAt.
2026-06-10T21:59:57.109+07:00  WARN 21596 --- [FLearn_SpringBoot] [  restartedMain] org.hibernate.orm.deprecation            : HHH90000033: Encountered use of deprecated annotation [interface jakarta.persistence.Temporal] at flearn.entity.Enrollment.removedAt.
2026-06-10T21:59:57.116+07:00  WARN 21596 --- [FLearn_SpringBoot] [  restartedMain] org.hibernate.orm.deprecation            : HHH90000033: Encountered use of deprecated annotation [interface jakarta.persistence.Temporal] at flearn.entity.Enrollment.requestedAt.
2026-06-10T21:59:57.137+07:00  WARN 21596 --- [FLearn_SpringBoot] [  restartedMain] org.hibernate.orm.deprecation            : HHH90000033: Encountered use of deprecated annotation [interface jakarta.persistence.Temporal] at flearn.entity.Lesson.createdAt.
2026-06-10T21:59:57.151+07:00  WARN 21596 --- [FLearn_SpringBoot] [  restartedMain] org.hibernate.orm.deprecation            : HHH90000033: Encountered use of deprecated annotation [interface jakarta.persistence.Temporal] at flearn.entity.Lesson.updatedAt.
2026-06-10T21:59:57.164+07:00  WARN 21596 --- [FLearn_SpringBoot] [  restartedMain] org.hibernate.orm.deprecation            : HHH90000033: Encountered use of deprecated annotation [interface jakarta.persistence.Temporal] at flearn.entity.LessonCompletion.completedAt.
2026-06-10T21:59:57.334+07:00  WARN 21596 --- [FLearn_SpringBoot] [  restartedMain] org.hibernate.orm.deprecation            : HHH90000033: Encountered use of deprecated annotation [interface jakarta.persistence.Temporal] at flearn.entity.Material.createdAt.
2026-06-10T21:59:57.336+07:00  WARN 21596 --- [FLearn_SpringBoot] [  restartedMain] org.hibernate.orm.deprecation            : HHH90000033: Encountered use of deprecated annotation [interface jakarta.persistence.Temporal] at flearn.entity.Material.updatedAt.
2026-06-10T21:59:57.341+07:00  WARN 21596 --- [FLearn_SpringBoot] [  restartedMain] org.hibernate.orm.deprecation            : HHH90000033: Encountered use of deprecated annotation [interface jakarta.persistence.Temporal] at flearn.entity.MaterialTracking.viewedAt.
2026-06-10T21:59:57.359+07:00  WARN 21596 --- [FLearn_SpringBoot] [  restartedMain] org.hibernate.orm.deprecation            : HHH90000033: Encountered use of deprecated annotation [interface jakarta.persistence.Temporal] at flearn.entity.QuizResult.completedAt.
2026-06-10T21:59:57.368+07:00  WARN 21596 --- [FLearn_SpringBoot] [  restartedMain] org.hibernate.orm.deprecation            : HHH90000033: Encountered use of deprecated annotation [interface jakarta.persistence.Temporal] at flearn.entity.Roadmap.createdAt.
2026-06-10T21:59:57.370+07:00  WARN 21596 --- [FLearn_SpringBoot] [  restartedMain] org.hibernate.orm.deprecation            : HHH90000033: Encountered use of deprecated annotation [interface jakarta.persistence.Temporal] at flearn.entity.Roadmap.updatedAt.
2026-06-10T21:59:57.864+07:00  WARN 21596 --- [FLearn_SpringBoot] [  restartedMain] org.hibernate.orm.deprecation            : HHH90000033: Encountered use of deprecated annotation [interface jakarta.persistence.Temporal] at flearn.entity.User.createdAt.
2026-06-10T21:59:57.877+07:00  WARN 21596 --- [FLearn_SpringBoot] [  restartedMain] org.hibernate.orm.deprecation            : HHH90000033: Encountered use of deprecated annotation [interface jakarta.persistence.Temporal] at flearn.entity.User.resetTokenExpiry.
2026-06-10T21:59:57.887+07:00  WARN 21596 --- [FLearn_SpringBoot] [  restartedMain] org.hibernate.orm.deprecation            : HHH90000033: Encountered use of deprecated annotation [interface jakarta.persistence.Temporal] at flearn.entity.User.updatedAt.
2026-06-10T22:00:02.904+07:00  INFO 21596 --- [FLearn_SpringBoot] [  restartedMain] org.hibernate.orm.core                   : HHH000489: No JTA platform available (set 'hibernate.transaction.jta.platform' to enable JTA platform integration)
2026-06-10T22:00:13.572+07:00 DEBUG 21596 --- [FLearn_SpringBoot] [  restartedMain] org.hibernate.SQL                        : 
    alter table [Lessons] 
       alter column [Content] NVARCHAR(MAX)
Hibernate: 
    alter table [Lessons] 
       alter column [Content] NVARCHAR(MAX)
2026-06-10T22:00:14.133+07:00 DEBUG 21596 --- [FLearn_SpringBoot] [  restartedMain] org.hibernate.SQL                        : 
    alter table [Questions] 
       alter column [OptionA] NVARCHAR(500)
Hibernate: 
    alter table [Questions] 
       alter column [OptionA] NVARCHAR(500)
2026-06-10T22:00:14.216+07:00 DEBUG 21596 --- [FLearn_SpringBoot] [  restartedMain] org.hibernate.SQL                        : 
    alter table [Questions] 
       alter column [OptionB] NVARCHAR(500)
Hibernate: 
    alter table [Questions] 
       alter column [OptionB] NVARCHAR(500)
2026-06-10T22:00:14.284+07:00 DEBUG 21596 --- [FLearn_SpringBoot] [  restartedMain] org.hibernate.SQL                        : 
    alter table [Questions] 
       alter column [OptionC] NVARCHAR(500)
Hibernate: 
    alter table [Questions] 
       alter column [OptionC] NVARCHAR(500)
2026-06-10T22:00:14.334+07:00 DEBUG 21596 --- [FLearn_SpringBoot] [  restartedMain] org.hibernate.SQL                        : 
    alter table [Questions] 
       alter column [OptionD] NVARCHAR(500)
Hibernate: 
    alter table [Questions] 
       alter column [OptionD] NVARCHAR(500)
2026-06-10T22:00:14.341+07:00 DEBUG 21596 --- [FLearn_SpringBoot] [  restartedMain] org.hibernate.SQL                        : 
    alter table [Questions] 
       alter column [QuestionText] NVARCHAR(MAX)
Hibernate: 
    alter table [Questions] 
       alter column [QuestionText] NVARCHAR(MAX)
2026-06-10T22:00:14.367+07:00 DEBUG 21596 --- [FLearn_SpringBoot] [  restartedMain] org.hibernate.SQL                        : 
    alter table [Quizzes] 
       alter column [Title] NVARCHAR(200)
Hibernate: 
    alter table [Quizzes] 
       alter column [Title] NVARCHAR(200)
2026-06-10T22:00:21.161+07:00  INFO 21596 --- [FLearn_SpringBoot] [  restartedMain] j.LocalContainerEntityManagerFactoryBean : Initialized JPA EntityManagerFactory for persistence unit 'default'
2026-06-10T22:00:26.948+07:00  WARN 21596 --- [FLearn_SpringBoot] [  restartedMain] JpaBaseConfiguration$JpaWebConfiguration : spring.jpa.open-in-view is enabled by default. Therefore, database queries may be performed during view rendering. Explicitly configure spring.jpa.open-in-view to disable this warning
2026-06-10T22:00:27.150+07:00  INFO 21596 --- [FLearn_SpringBoot] [  restartedMain] r$InitializeUserDetailsManagerConfigurer : Global AuthenticationManager configured with UserDetailsService bean with name customUserDetailsService
2026-06-10T22:00:28.864+07:00  WARN 21596 --- [FLearn_SpringBoot] [  restartedMain] o.s.w.s.resource.ResourceHandlerUtils    : Appended trailing slash to static resource location: file:///D:/SWP391/FLearn_/uploads/
2026-06-10T22:00:29.361+07:00  INFO 21596 --- [FLearn_SpringBoot] [  restartedMain] o.s.boot.tomcat.TomcatWebServer          : Tomcat started on port 8081 (http) with context path '/'
2026-06-10T22:00:29.366+07:00  INFO 21596 --- [FLearn_SpringBoot] [  restartedMain] flearn.FLearnSpringBootApplication       : Started FLearnSpringBootApplication in 68.537 seconds (process running for 4292.209)
2026-06-10T22:00:29.706+07:00 DEBUG 21596 --- [FLearn_SpringBoot] [  restartedMain] org.hibernate.SQL                        : 
    select
        u1_0.[UserID],
        u1_0.[CreatedAt],
        u1_0.[Department],
        u1_0.[Email],
        u1_0.[FullName],
        u1_0.[IsActive],
        u1_0.[PasswordHash],
        u1_0.[Phone],
        u1_0.[ResetToken],
        u1_0.[ResetTokenExpiry],
        u1_0.[Role],
        u1_0.[Status],
        u1_0.[UpdatedAt],
        u1_0.[Username] 
    from
        [Users] u1_0 
    where
        u1_0.[Username]=?
Hibernate: 
    select
        u1_0.[UserID],
        u1_0.[CreatedAt],
        u1_0.[Department],
        u1_0.[Email],
        u1_0.[FullName],
        u1_0.[IsActive],
        u1_0.[PasswordHash],
        u1_0.[Phone],
        u1_0.[ResetToken],
        u1_0.[ResetTokenExpiry],
        u1_0.[Role],
        u1_0.[Status],
        u1_0.[UpdatedAt],
        u1_0.[Username] 
    from
        [Users] u1_0 
    where
        u1_0.[Username]=?
2026-06-10T22:00:29.706+07:00 TRACE 21596 --- [FLearn_SpringBoot] [  restartedMain] org.hibernate.orm.jdbc.bind              : binding parameter (1:VARCHAR) <- [admin]
2026-06-10T22:00:31.737+07:00 DEBUG 21596 --- [FLearn_SpringBoot] [  restartedMain] org.hibernate.SQL                        : 
    select
        u1_0.[UserID],
        u1_0.[CreatedAt],
        u1_0.[Department],
        u1_0.[Email],
        u1_0.[FullName],
        u1_0.[IsActive],
        u1_0.[PasswordHash],
        u1_0.[Phone],
        u1_0.[ResetToken],
        u1_0.[ResetTokenExpiry],
        u1_0.[Role],
        u1_0.[Status],
        u1_0.[UpdatedAt],
        u1_0.[Username] 
    from
        [Users] u1_0 
    where
        u1_0.[UserID]=?
Hibernate: 
    select
        u1_0.[UserID],
        u1_0.[CreatedAt],
        u1_0.[Department],
        u1_0.[Email],
        u1_0.[FullName],
        u1_0.[IsActive],
        u1_0.[PasswordHash],
        u1_0.[Phone],
        u1_0.[ResetToken],
        u1_0.[ResetTokenExpiry],
        u1_0.[Role],
        u1_0.[Status],
        u1_0.[UpdatedAt],
        u1_0.[Username] 
    from
        [Users] u1_0 
    where
        u1_0.[UserID]=?
2026-06-10T22:00:31.737+07:00 TRACE 21596 --- [FLearn_SpringBoot] [  restartedMain] org.hibernate.orm.jdbc.bind              : binding parameter (1:INTEGER) <- [4]
2026-06-10T22:00:32.366+07:00 DEBUG 21596 --- [FLearn_SpringBoot] [  restartedMain] org.hibernate.SQL                        : 
    update
        [Users] 
    set
        [Department]=?,
        [Email]=?,
        [FullName]=?,
        [IsActive]=?,
        [PasswordHash]=?,
        [Phone]=?,
        [ResetToken]=?,
        [ResetTokenExpiry]=?,
        [Role]=?,
        [Status]=?,
        [UpdatedAt]=?,
        [Username]=? 
    where
        [UserID]=?
Hibernate: 
    update
        [Users] 
    set
        [Department]=?,
        [Email]=?,
        [FullName]=?,
        [IsActive]=?,
        [PasswordHash]=?,
        [Phone]=?,
        [ResetToken]=?,
        [ResetTokenExpiry]=?,
        [Role]=?,
        [Status]=?,
        [UpdatedAt]=?,
        [Username]=? 
    where
        [UserID]=?
2026-06-10T22:00:32.367+07:00 TRACE 21596 --- [FLearn_SpringBoot] [  restartedMain] org.hibernate.orm.jdbc.bind              : binding parameter (1:VARCHAR) <- [null]
2026-06-10T22:00:32.367+07:00 TRACE 21596 --- [FLearn_SpringBoot] [  restartedMain] org.hibernate.orm.jdbc.bind              : binding parameter (2:VARCHAR) <- [admin@flearn.local]
2026-06-10T22:00:32.367+07:00 TRACE 21596 --- [FLearn_SpringBoot] [  restartedMain] org.hibernate.orm.jdbc.bind              : binding parameter (3:VARCHAR) <- [FLearn Administrator]
2026-06-10T22:00:32.367+07:00 TRACE 21596 --- [FLearn_SpringBoot] [  restartedMain] org.hibernate.orm.jdbc.bind              : binding parameter (4:BOOLEAN) <- [true]
2026-06-10T22:00:32.367+07:00 TRACE 21596 --- [FLearn_SpringBoot] [  restartedMain] org.hibernate.orm.jdbc.bind              : binding parameter (5:VARCHAR) <- [$2a$10$Mu7zsp8qKeivKP6OAsBGcuOIEoMmsK8P1WwakQ8pIWN3uPAkFaXnm]
2026-06-10T22:00:32.367+07:00 TRACE 21596 --- [FLearn_SpringBoot] [  restartedMain] org.hibernate.orm.jdbc.bind              : binding parameter (6:VARCHAR) <- [null]
2026-06-10T22:00:32.367+07:00 TRACE 21596 --- [FLearn_SpringBoot] [  restartedMain] org.hibernate.orm.jdbc.bind              : binding parameter (7:VARCHAR) <- [null]
2026-06-10T22:00:32.367+07:00 TRACE 21596 --- [FLearn_SpringBoot] [  restartedMain] org.hibernate.orm.jdbc.bind              : binding parameter (8:TIMESTAMP) <- [null]
2026-06-10T22:00:32.367+07:00 TRACE 21596 --- [FLearn_SpringBoot] [  restartedMain] org.hibernate.orm.jdbc.bind              : binding parameter (9:INTEGER) <- [0]
2026-06-10T22:00:32.367+07:00 TRACE 21596 --- [FLearn_SpringBoot] [  restartedMain] org.hibernate.orm.jdbc.bind              : binding parameter (10:VARCHAR) <- [ACTIVE]
2026-06-10T22:00:32.369+07:00 TRACE 21596 --- [FLearn_SpringBoot] [  restartedMain] org.hibernate.orm.jdbc.bind              : binding parameter (11:TIMESTAMP) <- [Wed Jun 10 22:00:32 ICT 2026]
2026-06-10T22:00:32.369+07:00 TRACE 21596 --- [FLearn_SpringBoot] [  restartedMain] org.hibernate.orm.jdbc.bind              : binding parameter (12:VARCHAR) <- [admin]
2026-06-10T22:00:32.370+07:00 TRACE 21596 --- [FLearn_SpringBoot] [  restartedMain] org.hibernate.orm.jdbc.bind              : binding parameter (13:INTEGER) <- [4]
2026-06-10T22:00:34.792+07:00  WARN 21596 --- [FLearn_SpringBoot] [  restartedMain] f.configuration.ApplicationInitConfig    : Admin user refreshed with username 'admin' and password 'admin'. Please change the password immediately after logging in.
2026-06-10T22:00:34.793+07:00  INFO 21596 --- [FLearn_SpringBoot] [  restartedMain] .ConditionEvaluationDeltaLoggingListener : Condition evaluation unchanged
2026-06-10T22:03:31.514+07:00  INFO 21596 --- [FLearn_SpringBoot] [nio-8081-exec-2] o.a.c.c.C.[Tomcat-2].[localhost].[/]     : Initializing Spring DispatcherServlet 'dispatcherServlet'
2026-06-10T22:03:31.515+07:00  INFO 21596 --- [FLearn_SpringBoot] [nio-8081-exec-2] o.s.web.servlet.DispatcherServlet        : Initializing Servlet 'dispatcherServlet'
2026-06-10T22:03:31.529+07:00  INFO 21596 --- [FLearn_SpringBoot] [nio-8081-exec-2] o.s.web.servlet.DispatcherServlet        : Completed initialization in 14 ms
2026-06-10T22:03:31.793+07:00 DEBUG 21596 --- [FLearn_SpringBoot] [nio-8081-exec-2] org.hibernate.SQL                        : 
    select
        ss1_0.[SettingID],
        ss1_0.[SettingKey],
        ss1_0.[SettingValue] 
    from
        [SystemSettings] ss1_0 
    where
        ss1_0.[SettingKey]=?
Hibernate: 
    select
        ss1_0.[SettingID],
        ss1_0.[SettingKey],
        ss1_0.[SettingValue] 
    from
        [SystemSettings] ss1_0 
    where
        ss1_0.[SettingKey]=?
2026-06-10T22:03:31.794+07:00 TRACE 21596 --- [FLearn_SpringBoot] [nio-8081-exec-2] org.hibernate.orm.jdbc.bind              : binding parameter (1:VARCHAR) <- [MAINTENANCE_MODE]
2026-06-10T22:03:51.006+07:00 DEBUG 21596 --- [FLearn_SpringBoot] [nio-8081-exec-4] org.hibernate.SQL                        : 
    select
        ss1_0.[SettingID],
        ss1_0.[SettingKey],
        ss1_0.[SettingValue] 
    from
        [SystemSettings] ss1_0 
    where
        ss1_0.[SettingKey]=?
Hibernate: 
    select
        ss1_0.[SettingID],
        ss1_0.[SettingKey],
        ss1_0.[SettingValue] 
    from
        [SystemSettings] ss1_0 
    where
        ss1_0.[SettingKey]=?
2026-06-10T22:03:51.007+07:00 TRACE 21596 --- [FLearn_SpringBoot] [nio-8081-exec-4] org.hibernate.orm.jdbc.bind              : binding parameter (1:VARCHAR) <- [MAINTENANCE_MODE]
2026-06-10T22:03:51.362+07:00 DEBUG 21596 --- [FLearn_SpringBoot] [nio-8081-exec-6] org.hibernate.SQL                        : 
    select
        u1_0.[UserID],
        u1_0.[CreatedAt],
        u1_0.[Department],
        u1_0.[Email],
        u1_0.[FullName],
        u1_0.[IsActive],
        u1_0.[PasswordHash],
        u1_0.[Phone],
        u1_0.[ResetToken],
        u1_0.[ResetTokenExpiry],
        u1_0.[Role],
        u1_0.[Status],
        u1_0.[UpdatedAt],
        u1_0.[Username] 
    from
        [Users] u1_0 
    where
        u1_0.[Username]=?
Hibernate: 
    select
        u1_0.[UserID],
        u1_0.[CreatedAt],
        u1_0.[Department],
        u1_0.[Email],
        u1_0.[FullName],
        u1_0.[IsActive],
        u1_0.[PasswordHash],
        u1_0.[Phone],
        u1_0.[ResetToken],
        u1_0.[ResetTokenExpiry],
        u1_0.[Role],
        u1_0.[Status],
        u1_0.[UpdatedAt],
        u1_0.[Username] 
    from
        [Users] u1_0 
    where
        u1_0.[Username]=?
2026-06-10T22:03:51.362+07:00 TRACE 21596 --- [FLearn_SpringBoot] [nio-8081-exec-6] org.hibernate.orm.jdbc.bind              : binding parameter (1:VARCHAR) <- [admin]
2026-06-10T22:03:51.574+07:00 DEBUG 21596 --- [FLearn_SpringBoot] [nio-8081-exec-8] org.hibernate.SQL                        : 
    select
        ss1_0.[SettingID],
        ss1_0.[SettingKey],
        ss1_0.[SettingValue] 
    from
        [SystemSettings] ss1_0 
    where
        ss1_0.[SettingKey]=?
Hibernate: 
    select
        ss1_0.[SettingID],
        ss1_0.[SettingKey],
        ss1_0.[SettingValue] 
    from
        [SystemSettings] ss1_0 
    where
        ss1_0.[SettingKey]=?
2026-06-10T22:03:51.574+07:00 TRACE 21596 --- [FLearn_SpringBoot] [nio-8081-exec-8] org.hibernate.orm.jdbc.bind              : binding parameter (1:VARCHAR) <- [MAINTENANCE_MODE]
2026-06-10T22:03:51.609+07:00 DEBUG 21596 --- [FLearn_SpringBoot] [nio-8081-exec-9] org.hibernate.SQL                        : 
    select
        ss1_0.[SettingID],
        ss1_0.[SettingKey],
        ss1_0.[SettingValue] 
    from
        [SystemSettings] ss1_0 
    where
        ss1_0.[SettingKey]=?
Hibernate: 
    select
        ss1_0.[SettingID],
        ss1_0.[SettingKey],
        ss1_0.[SettingValue] 
    from
        [SystemSettings] ss1_0 
    where
        ss1_0.[SettingKey]=?
2026-06-10T22:03:51.609+07:00 TRACE 21596 --- [FLearn_SpringBoot] [nio-8081-exec-9] org.hibernate.orm.jdbc.bind              : binding parameter (1:VARCHAR) <- [MAINTENANCE_MODE]
2026-06-10T22:03:51.688+07:00 DEBUG 21596 --- [FLearn_SpringBoot] [nio-8081-exec-9] org.hibernate.SQL                        : 
    select
        count_big(*) 
    from
        [Users] u1_0
Hibernate: 
    select
        count_big(*) 
    from
        [Users] u1_0
2026-06-10T22:03:51.743+07:00 DEBUG 21596 --- [FLearn_SpringBoot] [nio-8081-exec-9] org.hibernate.SQL                        : 
    select
        count_big(u1_0.[UserID]) 
    from
        [Users] u1_0 
    where
        u1_0.[Role]=?
Hibernate: 
    select
        count_big(u1_0.[UserID]) 
    from
        [Users] u1_0 
    where
        u1_0.[Role]=?
2026-06-10T22:03:51.743+07:00 TRACE 21596 --- [FLearn_SpringBoot] [nio-8081-exec-9] org.hibernate.orm.jdbc.bind              : binding parameter (1:INTEGER) <- [2]
2026-06-10T22:03:51.772+07:00 DEBUG 21596 --- [FLearn_SpringBoot] [nio-8081-exec-9] org.hibernate.SQL                        : 
    select
        count_big(u1_0.[UserID]) 
    from
        [Users] u1_0 
    where
        u1_0.[Role]=?
Hibernate: 
    select
        count_big(u1_0.[UserID]) 
    from
        [Users] u1_0 
    where
        u1_0.[Role]=?
2026-06-10T22:03:51.773+07:00 TRACE 21596 --- [FLearn_SpringBoot] [nio-8081-exec-9] org.hibernate.orm.jdbc.bind              : binding parameter (1:INTEGER) <- [1]
2026-06-10T22:03:51.780+07:00 DEBUG 21596 --- [FLearn_SpringBoot] [nio-8081-exec-9] org.hibernate.SQL                        : 
    select
        count_big(*) 
    from
        [Classes] c1_0
Hibernate: 
    select
        count_big(*) 
    from
        [Classes] c1_0
2026-06-10T22:03:51.795+07:00 DEBUG 21596 --- [FLearn_SpringBoot] [nio-8081-exec-9] org.hibernate.SQL                        : 
    select
        count_big(c1_0.[ClassID]) 
    from
        [Classes] c1_0 
    where
        c1_0.[Status]=?
Hibernate: 
    select
        count_big(c1_0.[ClassID]) 
    from
        [Classes] c1_0 
    where
        c1_0.[Status]=?
2026-06-10T22:03:51.796+07:00 TRACE 21596 --- [FLearn_SpringBoot] [nio-8081-exec-9] org.hibernate.orm.jdbc.bind              : binding parameter (1:VARCHAR) <- [ACTIVE]
2026-06-10T22:03:51.821+07:00 DEBUG 21596 --- [FLearn_SpringBoot] [nio-8081-exec-9] org.hibernate.SQL                        : 
    select
        count_big(u1_0.[UserID]) 
    from
        [Users] u1_0 
    where
        u1_0.[Role]=? 
        and u1_0.[Status]=?
Hibernate: 
    select
        count_big(u1_0.[UserID]) 
    from
        [Users] u1_0 
    where
        u1_0.[Role]=? 
        and u1_0.[Status]=?
2026-06-10T22:03:51.821+07:00 TRACE 21596 --- [FLearn_SpringBoot] [nio-8081-exec-9] org.hibernate.orm.jdbc.bind              : binding parameter (1:INTEGER) <- [1]
2026-06-10T22:03:51.821+07:00 TRACE 21596 --- [FLearn_SpringBoot] [nio-8081-exec-9] org.hibernate.orm.jdbc.bind              : binding parameter (2:VARCHAR) <- [BLOCKED]
2026-06-10T22:03:51.906+07:00 DEBUG 21596 --- [FLearn_SpringBoot] [nio-8081-exec-9] org.hibernate.SQL                        : 
    select
        c1_0.[ClassID],
        c1_0.[ClassName],
        c1_0.[CreatedAt],
        c1_0.[Description],
        c1_0.[EndDate],
        c1_0.[InviteCode],
        c1_0.[IsActive],
        c1_0.[StartDate],
        c1_0.[Status],
        c1_0.[TeacherID],
        c1_0.[UpdatedAt] 
    from
        [Classes] c1_0
Hibernate: 
    select
        c1_0.[ClassID],
        c1_0.[ClassName],
        c1_0.[CreatedAt],
        c1_0.[Description],
        c1_0.[EndDate],
        c1_0.[InviteCode],
        c1_0.[IsActive],
        c1_0.[StartDate],
        c1_0.[Status],
        c1_0.[TeacherID],
        c1_0.[UpdatedAt] 
    from
        [Classes] c1_0
2026-06-10T22:03:51.950+07:00 DEBUG 21596 --- [FLearn_SpringBoot] [nio-8081-exec-9] org.hibernate.SQL                        : 
    select
        u1_0.[UserID],
        u1_0.[CreatedAt],
        u1_0.[Department],
        u1_0.[Email],
        u1_0.[FullName],
        u1_0.[IsActive],
        u1_0.[PasswordHash],
        u1_0.[Phone],
        u1_0.[ResetToken],
        u1_0.[ResetTokenExpiry],
        u1_0.[Role],
        u1_0.[Status],
        u1_0.[UpdatedAt],
        u1_0.[Username] 
    from
        [Users] u1_0 
    where
        u1_0.[UserID]=?
Hibernate: 
    select
        u1_0.[UserID],
        u1_0.[CreatedAt],
        u1_0.[Department],
        u1_0.[Email],
        u1_0.[FullName],
        u1_0.[IsActive],
        u1_0.[PasswordHash],
        u1_0.[Phone],
        u1_0.[ResetToken],
        u1_0.[ResetTokenExpiry],
        u1_0.[Role],
        u1_0.[Status],
        u1_0.[UpdatedAt],
        u1_0.[Username] 
    from
        [Users] u1_0 
    where
        u1_0.[UserID]=?
2026-06-10T22:03:51.951+07:00 TRACE 21596 --- [FLearn_SpringBoot] [nio-8081-exec-9] org.hibernate.orm.jdbc.bind              : binding parameter (1:INTEGER) <- [5]
2026-06-10T22:03:51.989+07:00 DEBUG 21596 --- [FLearn_SpringBoot] [nio-8081-exec-9] org.hibernate.SQL                        : 
    select
        u1_0.[UserID],
        u1_0.[CreatedAt],
        u1_0.[Department],
        u1_0.[Email],
        u1_0.[FullName],
        u1_0.[IsActive],
        u1_0.[PasswordHash],
        u1_0.[Phone],
        u1_0.[ResetToken],
        u1_0.[ResetTokenExpiry],
        u1_0.[Role],
        u1_0.[Status],
        u1_0.[UpdatedAt],
        u1_0.[Username] 
    from
        [Users] u1_0 
    where
        u1_0.[UserID]=?
Hibernate: 
    select
        u1_0.[UserID],
        u1_0.[CreatedAt],
        u1_0.[Department],
        u1_0.[Email],
        u1_0.[FullName],
        u1_0.[IsActive],
        u1_0.[PasswordHash],
        u1_0.[Phone],
        u1_0.[ResetToken],
        u1_0.[ResetTokenExpiry],
        u1_0.[Role],
        u1_0.[Status],
        u1_0.[UpdatedAt],
        u1_0.[Username] 
    from
        [Users] u1_0 
    where
        u1_0.[UserID]=?
2026-06-10T22:03:51.990+07:00 TRACE 21596 --- [FLearn_SpringBoot] [nio-8081-exec-9] org.hibernate.orm.jdbc.bind              : binding parameter (1:INTEGER) <- [8]
2026-06-10T22:03:52.087+07:00 DEBUG 21596 --- [FLearn_SpringBoot] [nio-8081-exec-9] org.hibernate.SQL                        : 
    select
        u1_0.[UserID],
        u1_0.[CreatedAt],
        u1_0.[Department],
        u1_0.[Email],
        u1_0.[FullName],
        u1_0.[IsActive],
        u1_0.[PasswordHash],
        u1_0.[Phone],
        u1_0.[ResetToken],
        u1_0.[ResetTokenExpiry],
        u1_0.[Role],
        u1_0.[Status],
        u1_0.[UpdatedAt],
        u1_0.[Username] 
    from
        [Users] u1_0 
    where
        u1_0.[Role]=?
Hibernate: 
    select
        u1_0.[UserID],
        u1_0.[CreatedAt],
        u1_0.[Department],
        u1_0.[Email],
        u1_0.[FullName],
        u1_0.[IsActive],
        u1_0.[PasswordHash],
        u1_0.[Phone],
        u1_0.[ResetToken],
        u1_0.[ResetTokenExpiry],
        u1_0.[Role],
        u1_0.[Status],
        u1_0.[UpdatedAt],
        u1_0.[Username] 
    from
        [Users] u1_0 
    where
        u1_0.[Role]=?
2026-06-10T22:03:52.088+07:00 TRACE 21596 --- [FLearn_SpringBoot] [nio-8081-exec-9] org.hibernate.orm.jdbc.bind              : binding parameter (1:INTEGER) <- [1]
2026-06-10T22:03:52.297+07:00 DEBUG 21596 --- [FLearn_SpringBoot] [io-8081-exec-10] org.hibernate.SQL                        : 
    select
        ss1_0.[SettingID],
        ss1_0.[SettingKey],
        ss1_0.[SettingValue] 
    from
        [SystemSettings] ss1_0 
    where
        ss1_0.[SettingKey]=?
Hibernate: 
    select
        ss1_0.[SettingID],
        ss1_0.[SettingKey],
        ss1_0.[SettingValue] 
    from
        [SystemSettings] ss1_0 
    where
        ss1_0.[SettingKey]=?
2026-06-10T22:03:52.298+07:00 TRACE 21596 --- [FLearn_SpringBoot] [io-8081-exec-10] org.hibernate.orm.jdbc.bind              : binding parameter (1:VARCHAR) <- [MAINTENANCE_MODE]
2026-06-10T22:03:52.406+07:00 DEBUG 21596 --- [FLearn_SpringBoot] [io-8081-exec-10] org.hibernate.SQL                        : 
    select
        count_big(*) 
    from
        [Users] u1_0
Hibernate: 
    select
        count_big(*) 
    from
        [Users] u1_0
2026-06-10T22:03:52.413+07:00 DEBUG 21596 --- [FLearn_SpringBoot] [io-8081-exec-10] org.hibernate.SQL                        : 
    select
        count_big(u1_0.[UserID]) 
    from
        [Users] u1_0 
    where
        u1_0.[Role]=?
Hibernate: 
    select
        count_big(u1_0.[UserID]) 
    from
        [Users] u1_0 
    where
        u1_0.[Role]=?
2026-06-10T22:03:52.414+07:00 TRACE 21596 --- [FLearn_SpringBoot] [io-8081-exec-10] org.hibernate.orm.jdbc.bind              : binding parameter (1:INTEGER) <- [2]
2026-06-10T22:03:52.421+07:00 DEBUG 21596 --- [FLearn_SpringBoot] [io-8081-exec-10] org.hibernate.SQL                        : 
    select
        count_big(u1_0.[UserID]) 
    from
        [Users] u1_0 
    where
        u1_0.[Role]=?
Hibernate: 
    select
        count_big(u1_0.[UserID]) 
    from
        [Users] u1_0 
    where
        u1_0.[Role]=?
2026-06-10T22:03:52.421+07:00 TRACE 21596 --- [FLearn_SpringBoot] [io-8081-exec-10] org.hibernate.orm.jdbc.bind              : binding parameter (1:INTEGER) <- [1]
2026-06-10T22:03:52.424+07:00 DEBUG 21596 --- [FLearn_SpringBoot] [io-8081-exec-10] org.hibernate.SQL                        : 
    select
        count_big(*) 
    from
        [Classes] c1_0
Hibernate: 
    select
        count_big(*) 
    from
        [Classes] c1_0
2026-06-10T22:03:52.434+07:00 DEBUG 21596 --- [FLearn_SpringBoot] [io-8081-exec-10] org.hibernate.SQL                        : 
    select
        count_big(c1_0.[ClassID]) 
    from
        [Classes] c1_0 
    where
        c1_0.[Status]=?
Hibernate: 
    select
        count_big(c1_0.[ClassID]) 
    from
        [Classes] c1_0 
    where
        c1_0.[Status]=?
2026-06-10T22:03:52.434+07:00 TRACE 21596 --- [FLearn_SpringBoot] [io-8081-exec-10] org.hibernate.orm.jdbc.bind              : binding parameter (1:VARCHAR) <- [ACTIVE]
2026-06-10T22:03:52.440+07:00 DEBUG 21596 --- [FLearn_SpringBoot] [io-8081-exec-10] org.hibernate.SQL                        : 
    select
        count_big(u1_0.[UserID]) 
    from
        [Users] u1_0 
    where
        u1_0.[Role]=? 
        and u1_0.[Status]=?
Hibernate: 
    select
        count_big(u1_0.[UserID]) 
    from
        [Users] u1_0 
    where
        u1_0.[Role]=? 
        and u1_0.[Status]=?
2026-06-10T22:03:52.440+07:00 TRACE 21596 --- [FLearn_SpringBoot] [io-8081-exec-10] org.hibernate.orm.jdbc.bind              : binding parameter (1:INTEGER) <- [1]
2026-06-10T22:03:52.441+07:00 TRACE 21596 --- [FLearn_SpringBoot] [io-8081-exec-10] org.hibernate.orm.jdbc.bind              : binding parameter (2:VARCHAR) <- [BLOCKED]
2026-06-10T22:03:52.453+07:00 DEBUG 21596 --- [FLearn_SpringBoot] [io-8081-exec-10] org.hibernate.SQL                        : 
    select
        c1_0.[ClassID],
        c1_0.[ClassName],
        c1_0.[CreatedAt],
        c1_0.[Description],
        c1_0.[EndDate],
        c1_0.[InviteCode],
        c1_0.[IsActive],
        c1_0.[StartDate],
        c1_0.[Status],
        c1_0.[TeacherID],
        c1_0.[UpdatedAt] 
    from
        [Classes] c1_0
Hibernate: 
    select
        c1_0.[ClassID],
        c1_0.[ClassName],
        c1_0.[CreatedAt],
        c1_0.[Description],
        c1_0.[EndDate],
        c1_0.[InviteCode],
        c1_0.[IsActive],
        c1_0.[StartDate],
        c1_0.[Status],
        c1_0.[TeacherID],
        c1_0.[UpdatedAt] 
    from
        [Classes] c1_0
2026-06-10T22:03:52.458+07:00 DEBUG 21596 --- [FLearn_SpringBoot] [io-8081-exec-10] org.hibernate.SQL                        : 
    select
        u1_0.[UserID],
        u1_0.[CreatedAt],
        u1_0.[Department],
        u1_0.[Email],
        u1_0.[FullName],
        u1_0.[IsActive],
        u1_0.[PasswordHash],
        u1_0.[Phone],
        u1_0.[ResetToken],
        u1_0.[ResetTokenExpiry],
        u1_0.[Role],
        u1_0.[Status],
        u1_0.[UpdatedAt],
        u1_0.[Username] 
    from
        [Users] u1_0 
    where
        u1_0.[UserID]=?
Hibernate: 
    select
        u1_0.[UserID],
        u1_0.[CreatedAt],
        u1_0.[Department],
        u1_0.[Email],
        u1_0.[FullName],
        u1_0.[IsActive],
        u1_0.[PasswordHash],
        u1_0.[Phone],
        u1_0.[ResetToken],
        u1_0.[ResetTokenExpiry],
        u1_0.[Role],
        u1_0.[Status],
        u1_0.[UpdatedAt],
        u1_0.[Username] 
    from
        [Users] u1_0 
    where
        u1_0.[UserID]=?
2026-06-10T22:03:52.458+07:00 TRACE 21596 --- [FLearn_SpringBoot] [io-8081-exec-10] org.hibernate.orm.jdbc.bind              : binding parameter (1:INTEGER) <- [5]
2026-06-10T22:03:52.469+07:00 DEBUG 21596 --- [FLearn_SpringBoot] [io-8081-exec-10] org.hibernate.SQL                        : 
    select
        u1_0.[UserID],
        u1_0.[CreatedAt],
        u1_0.[Department],
        u1_0.[Email],
        u1_0.[FullName],
        u1_0.[IsActive],
        u1_0.[PasswordHash],
        u1_0.[Phone],
        u1_0.[ResetToken],
        u1_0.[ResetTokenExpiry],
        u1_0.[Role],
        u1_0.[Status],
        u1_0.[UpdatedAt],
        u1_0.[Username] 
    from
        [Users] u1_0 
    where
        u1_0.[UserID]=?
Hibernate: 
    select
        u1_0.[UserID],
        u1_0.[CreatedAt],
        u1_0.[Department],
        u1_0.[Email],
        u1_0.[FullName],
        u1_0.[IsActive],
        u1_0.[PasswordHash],
        u1_0.[Phone],
        u1_0.[ResetToken],
        u1_0.[ResetTokenExpiry],
        u1_0.[Role],
        u1_0.[Status],
        u1_0.[UpdatedAt],
        u1_0.[Username] 
    from
        [Users] u1_0 
    where
        u1_0.[UserID]=?
2026-06-10T22:03:52.469+07:00 TRACE 21596 --- [FLearn_SpringBoot] [io-8081-exec-10] org.hibernate.orm.jdbc.bind              : binding parameter (1:INTEGER) <- [8]
2026-06-10T22:03:52.492+07:00 DEBUG 21596 --- [FLearn_SpringBoot] [io-8081-exec-10] org.hibernate.SQL                        : 
    select
        u1_0.[UserID],
        u1_0.[CreatedAt],
        u1_0.[Department],
        u1_0.[Email],
        u1_0.[FullName],
        u1_0.[IsActive],
        u1_0.[PasswordHash],
        u1_0.[Phone],
        u1_0.[ResetToken],
        u1_0.[ResetTokenExpiry],
        u1_0.[Role],
        u1_0.[Status],
        u1_0.[UpdatedAt],
        u1_0.[Username] 
    from
        [Users] u1_0 
    where
        u1_0.[Role]=?
Hibernate: 
    select
        u1_0.[UserID],
        u1_0.[CreatedAt],
        u1_0.[Department],
        u1_0.[Email],
        u1_0.[FullName],
        u1_0.[IsActive],
        u1_0.[PasswordHash],
        u1_0.[Phone],
        u1_0.[ResetToken],
        u1_0.[ResetTokenExpiry],
        u1_0.[Role],
        u1_0.[Status],
        u1_0.[UpdatedAt],
        u1_0.[Username] 
    from
        [Users] u1_0 
    where
        u1_0.[Role]=?
2026-06-10T22:03:52.493+07:00 TRACE 21596 --- [FLearn_SpringBoot] [io-8081-exec-10] org.hibernate.orm.jdbc.bind              : binding parameter (1:INTEGER) <- [1]
2026-06-10T22:03:52.647+07:00 DEBUG 21596 --- [FLearn_SpringBoot] [nio-8081-exec-7] org.hibernate.SQL                        : 
    select
        ss1_0.[SettingID],
        ss1_0.[SettingKey],
        ss1_0.[SettingValue] 
    from
        [SystemSettings] ss1_0 
    where
        ss1_0.[SettingKey]=?
Hibernate: 
    select
        ss1_0.[SettingID],
        ss1_0.[SettingKey],
        ss1_0.[SettingValue] 
    from
        [SystemSettings] ss1_0 
    where
        ss1_0.[SettingKey]=?
2026-06-10T22:03:52.647+07:00 TRACE 21596 --- [FLearn_SpringBoot] [nio-8081-exec-7] org.hibernate.orm.jdbc.bind              : binding parameter (1:VARCHAR) <- [MAINTENANCE_MODE]
2026-06-10T22:03:52.739+07:00 DEBUG 21596 --- [FLearn_SpringBoot] [nio-8081-exec-7] org.hibernate.SQL                        : 
    select
        u1_0.[UserID],
        u1_0.[CreatedAt],
        u1_0.[Department],
        u1_0.[Email],
        u1_0.[FullName],
        u1_0.[IsActive],
        u1_0.[PasswordHash],
        u1_0.[Phone],
        u1_0.[ResetToken],
        u1_0.[ResetTokenExpiry],
        u1_0.[Role],
        u1_0.[Status],
        u1_0.[UpdatedAt],
        u1_0.[Username] 
    from
        [Users] u1_0 
    where
        u1_0.[Role]=?
Hibernate: 
    select
        u1_0.[UserID],
        u1_0.[CreatedAt],
        u1_0.[Department],
        u1_0.[Email],
        u1_0.[FullName],
        u1_0.[IsActive],
        u1_0.[PasswordHash],
        u1_0.[Phone],
        u1_0.[ResetToken],
        u1_0.[ResetTokenExpiry],
        u1_0.[Role],
        u1_0.[Status],
        u1_0.[UpdatedAt],
        u1_0.[Username] 
    from
        [Users] u1_0 
    where
        u1_0.[Role]=?
2026-06-10T22:03:52.739+07:00 TRACE 21596 --- [FLearn_SpringBoot] [nio-8081-exec-7] org.hibernate.orm.jdbc.bind              : binding parameter (1:INTEGER) <- [1]
2026-06-10T22:03:52.947+07:00 DEBUG 21596 --- [FLearn_SpringBoot] [nio-8081-exec-1] org.hibernate.SQL                        : 
    select
        ss1_0.[SettingID],
        ss1_0.[SettingKey],
        ss1_0.[SettingValue] 
    from
        [SystemSettings] ss1_0 
    where
        ss1_0.[SettingKey]=?
Hibernate: 
    select
        ss1_0.[SettingID],
        ss1_0.[SettingKey],
        ss1_0.[SettingValue] 
    from
        [SystemSettings] ss1_0 
    where
        ss1_0.[SettingKey]=?
2026-06-10T22:03:52.950+07:00 TRACE 21596 --- [FLearn_SpringBoot] [nio-8081-exec-1] org.hibernate.orm.jdbc.bind              : binding parameter (1:VARCHAR) <- [MAINTENANCE_MODE]
2026-06-10T22:03:53.024+07:00 DEBUG 21596 --- [FLearn_SpringBoot] [nio-8081-exec-1] org.hibernate.SQL                        : 
    select
        u1_0.[UserID],
        u1_0.[CreatedAt],
        u1_0.[Department],
        u1_0.[Email],
        u1_0.[FullName],
        u1_0.[IsActive],
        u1_0.[PasswordHash],
        u1_0.[Phone],
        u1_0.[ResetToken],
        u1_0.[ResetTokenExpiry],
        u1_0.[Role],
        u1_0.[Status],
        u1_0.[UpdatedAt],
        u1_0.[Username] 
    from
        [Users] u1_0 
    where
        u1_0.[Role]=?
Hibernate: 
    select
        u1_0.[UserID],
        u1_0.[CreatedAt],
        u1_0.[Department],
        u1_0.[Email],
        u1_0.[FullName],
        u1_0.[IsActive],
        u1_0.[PasswordHash],
        u1_0.[Phone],
        u1_0.[ResetToken],
        u1_0.[ResetTokenExpiry],
        u1_0.[Role],
        u1_0.[Status],
        u1_0.[UpdatedAt],
        u1_0.[Username] 
    from
        [Users] u1_0 
    where
        u1_0.[Role]=?
2026-06-10T22:03:53.024+07:00 TRACE 21596 --- [FLearn_SpringBoot] [nio-8081-exec-1] org.hibernate.orm.jdbc.bind              : binding parameter (1:INTEGER) <- [2]
2026-06-10T22:08:36.605+07:00  INFO 21596 --- [FLearn_SpringBoot] [   File Watcher] rtingClassPathChangeChangedEventListener : Restarting due to 10 class path changes (0 additions, 10 deletions, 0 modifications)
2026-06-10T22:08:36.618+07:00  INFO 21596 --- [FLearn_SpringBoot] [      Thread-51] o.s.boot.tomcat.GracefulShutdown         : Commencing graceful shutdown. Waiting for active requests to complete
2026-06-10T22:08:36.643+07:00  INFO 21596 --- [FLearn_SpringBoot] [tomcat-shutdown] o.s.boot.tomcat.GracefulShutdown         : Graceful shutdown complete
2026-06-10T22:08:36.661+07:00  INFO 21596 --- [FLearn_SpringBoot] [      Thread-51] j.LocalContainerEntityManagerFactoryBean : Closing JPA EntityManagerFactory for persistence unit 'default'
2026-06-10T22:08:36.673+07:00  INFO 21596 --- [FLearn_SpringBoot] [      Thread-51] com.zaxxer.hikari.HikariDataSource       : HikariPool-8 - Shutdown initiated...
2026-06-10T22:08:36.694+07:00  INFO 21596 --- [FLearn_SpringBoot] [      Thread-51] com.zaxxer.hikari.HikariDataSource       : HikariPool-8 - Shutdown completed.

  .   ____          _            __ _ _
 /\\ / ___'_ __ _ _(_)_ __  __ _ \ \ \ \
( ( )\___ | '_ | '_| | '_ \/ _` | \ \ \ \
 \\/  ___)| |_)| | | | | || (_| |  ) ) ) )
  '  |____| .__|_| |_|_| |_\__, | / / / /
 =========|_|==============|___/=/_/_/_/

 :: Spring Boot ::                (v4.0.6)

2026-06-10T22:08:37.484+07:00  INFO 21596 --- [FLearn_SpringBoot] [  restartedMain] flearn.FLearnSpringBootApplication       : Starting FLearnSpringBootApplication using Java 21.0.11 with PID 21596 (D:\SWP391\FLearn_\target\classes started by quynh anh in D:\SWP391\FLearn_)
2026-06-10T22:08:37.485+07:00  INFO 21596 --- [FLearn_SpringBoot] [  restartedMain] flearn.FLearnSpringBootApplication       : No active profile set, falling back to 1 default profile: "default"
2026-06-10T22:08:37.882+07:00  WARN 21596 --- [FLearn_SpringBoot] [  restartedMain] ConfigServletWebServerApplicationContext : Exception encountered during context initialization - cancelling refresh attempt: org.springframework.beans.factory.BeanDefinitionStoreException: I/O failure while processing configuration class [flearn.mapper.LessonMapperImpl]
2026-06-10T22:08:37.947+07:00 ERROR 21596 --- [FLearn_SpringBoot] [  restartedMain] o.s.boot.SpringApplication               : Application run failed

org.springframework.beans.factory.BeanDefinitionStoreException: I/O failure while processing configuration class [flearn.mapper.LessonMapperImpl]
	at org.springframework.context.annotation.ConfigurationClassParser.processConfigurationClass(ConfigurationClassParser.java:288) ~[spring-context-7.0.7.jar:7.0.7]
	at org.springframework.context.annotation.ConfigurationClassParser.parse(ConfigurationClassParser.java:220) ~[spring-context-7.0.7.jar:7.0.7]
	at org.springframework.context.annotation.ConfigurationClassParser.doProcessConfigurationClass(ConfigurationClassParser.java:355) ~[spring-context-7.0.7.jar:7.0.7]
	at org.springframework.context.annotation.ConfigurationClassParser.processConfigurationClass(ConfigurationClassParser.java:283) ~[spring-context-7.0.7.jar:7.0.7]
	at org.springframework.context.annotation.ConfigurationClassParser.parse(ConfigurationClassParser.java:206) ~[spring-context-7.0.7.jar:7.0.7]
	at org.springframework.context.annotation.ConfigurationClassParser.parse(ConfigurationClassParser.java:174) ~[spring-context-7.0.7.jar:7.0.7]
	at org.springframework.context.annotation.ConfigurationClassPostProcessor.processConfigBeanDefinitions(ConfigurationClassPostProcessor.java:452) ~[spring-context-7.0.7.jar:7.0.7]
	at org.springframework.context.annotation.ConfigurationClassPostProcessor.postProcessBeanDefinitionRegistry(ConfigurationClassPostProcessor.java:316) ~[spring-context-7.0.7.jar:7.0.7]
	at org.springframework.context.support.PostProcessorRegistrationDelegate.invokeBeanDefinitionRegistryPostProcessors(PostProcessorRegistrationDelegate.java:349) ~[spring-context-7.0.7.jar:7.0.7]
	at org.springframework.context.support.PostProcessorRegistrationDelegate.invokeBeanFactoryPostProcessors(PostProcessorRegistrationDelegate.java:118) ~[spring-context-7.0.7.jar:7.0.7]
	at org.springframework.context.support.AbstractApplicationContext.invokeBeanFactoryPostProcessors(AbstractApplicationContext.java:795) ~[spring-context-7.0.7.jar:7.0.7]
	at org.springframework.context.support.AbstractApplicationContext.refresh(AbstractApplicationContext.java:603) ~[spring-context-7.0.7.jar:7.0.7]
	at org.springframework.boot.web.server.servlet.context.ServletWebServerApplicationContext.refresh(ServletWebServerApplicationContext.java:143) ~[spring-boot-web-server-4.0.6.jar:4.0.6]
	at org.springframework.boot.SpringApplication.refresh(SpringApplication.java:756) ~[spring-boot-4.0.6.jar:4.0.6]
	at org.springframework.boot.SpringApplication.refreshContext(SpringApplication.java:445) ~[spring-boot-4.0.6.jar:4.0.6]
	at org.springframework.boot.SpringApplication.run(SpringApplication.java:321) ~[spring-boot-4.0.6.jar:4.0.6]
	at org.springframework.boot.SpringApplication.run(SpringApplication.java:1365) ~[spring-boot-4.0.6.jar:4.0.6]
	at org.springframework.boot.SpringApplication.run(SpringApplication.java:1354) ~[spring-boot-4.0.6.jar:4.0.6]
	at flearn.FLearnSpringBootApplication.main(FLearnSpringBootApplication.java:10) ~[classes/:na]
	at java.base/jdk.internal.reflect.DirectMethodHandleAccessor.invoke(DirectMethodHandleAccessor.java:103) ~[na:na]
	at java.base/java.lang.reflect.Method.invoke(Method.java:580) ~[na:na]
	at org.springframework.boot.devtools.restart.RestartLauncher.run(RestartLauncher.java:52) ~[spring-boot-devtools-4.0.6.jar:4.0.6]
Caused by: java.io.FileNotFoundException: class path resource [flearn/mapper/LessonMapper.class] cannot be opened because it does not exist
	at org.springframework.core.io.ClassPathResource.getInputStream(ClassPathResource.java:212) ~[spring-core-7.0.7.jar:7.0.7]
	at org.springframework.core.type.classreading.SimpleMetadataReader.getClassReader(SimpleMetadataReader.java:54) ~[spring-core-7.0.7.jar:7.0.7]
	at org.springframework.core.type.classreading.SimpleMetadataReader.<init>(SimpleMetadataReader.java:48) ~[spring-core-7.0.7.jar:7.0.7]
	at org.springframework.core.type.classreading.SimpleMetadataReaderFactory.getMetadataReader(SimpleMetadataReaderFactory.java:62) ~[spring-core-7.0.7.jar:7.0.7]
	at org.springframework.core.type.classreading.CachingMetadataReaderFactory.getMetadataReader(CachingMetadataReaderFactory.java:127) ~[spring-core-7.0.7.jar:7.0.7]
	at org.springframework.core.type.classreading.AbstractMetadataReaderFactory.getMetadataReader(AbstractMetadataReaderFactory.java:62) ~[spring-core-7.0.7.jar:7.0.7]
	at org.springframework.core.type.classreading.CachingMetadataReaderFactory.getMetadataReader(CachingMetadataReaderFactory.java:40) ~[spring-core-7.0.7.jar:7.0.7]
	at org.springframework.context.annotation.ConfigurationClassParser.asSourceClass(ConfigurationClassParser.java:728) ~[spring-context-7.0.7.jar:7.0.7]
	at org.springframework.context.annotation.ConfigurationClassParser$SourceClass.getInterfaces(ConfigurationClassParser.java:1074) ~[spring-context-7.0.7.jar:7.0.7]
	at org.springframework.context.annotation.ConfigurationClassParser.collectImports(ConfigurationClassParser.java:566) ~[spring-context-7.0.7.jar:7.0.7]
	at org.springframework.context.annotation.ConfigurationClassParser.getImports(ConfigurationClassParser.java:541) ~[spring-context-7.0.7.jar:7.0.7]
	at org.springframework.context.annotation.ConfigurationClassParser.doProcessConfigurationClass(ConfigurationClassParser.java:362) ~[spring-context-7.0.7.jar:7.0.7]
	at org.springframework.context.annotation.ConfigurationClassParser.processConfigurationClass(ConfigurationClassParser.java:283) ~[spring-context-7.0.7.jar:7.0.7]
	... 21 common frames omitted


  .   ____          _            __ _ _
 /\\ / ___'_ __ _ _(_)_ __  __ _ \ \ \ \
( ( )\___ | '_ | '_| | '_ \/ _` | \ \ \ \
 \\/  ___)| |_)| | | | | || (_| |  ) ) ) )
  '  |____| .__|_| |_|_| |_\__, | / / / /
 =========|_|==============|___/=/_/_/_/

 :: Spring Boot ::                (v4.0.6)

2026-06-10T22:09:19.339+07:00  INFO 21596 --- [FLearn_SpringBoot] [  restartedMain] flearn.FLearnSpringBootApplication       : Starting FLearnSpringBootApplication using Java 21.0.11 with PID 21596 (D:\SWP391\FLearn_\target\classes started by quynh anh in D:\SWP391\FLearn_)
2026-06-10T22:09:19.339+07:00  INFO 21596 --- [FLearn_SpringBoot] [  restartedMain] flearn.FLearnSpringBootApplication       : No active profile set, falling back to 1 default profile: "default"
2026-06-10T22:09:19.513+07:00  WARN 21596 --- [FLearn_SpringBoot] [  restartedMain] ConfigServletWebServerApplicationContext : Exception encountered during context initialization - cancelling refresh attempt: org.springframework.beans.factory.BeanDefinitionStoreException: I/O failure while processing configuration class [flearn.mapper.LessonMapperImpl]
2026-06-10T22:09:19.520+07:00 ERROR 21596 --- [FLearn_SpringBoot] [  restartedMain] o.s.boot.SpringApplication               : Application run failed

org.springframework.beans.factory.BeanDefinitionStoreException: I/O failure while processing configuration class [flearn.mapper.LessonMapperImpl]
	at org.springframework.context.annotation.ConfigurationClassParser.processConfigurationClass(ConfigurationClassParser.java:288) ~[spring-context-7.0.7.jar:7.0.7]
	at org.springframework.context.annotation.ConfigurationClassParser.parse(ConfigurationClassParser.java:220) ~[spring-context-7.0.7.jar:7.0.7]
	at org.springframework.context.annotation.ConfigurationClassParser.doProcessConfigurationClass(ConfigurationClassParser.java:355) ~[spring-context-7.0.7.jar:7.0.7]
	at org.springframework.context.annotation.ConfigurationClassParser.processConfigurationClass(ConfigurationClassParser.java:283) ~[spring-context-7.0.7.jar:7.0.7]
	at org.springframework.context.annotation.ConfigurationClassParser.parse(ConfigurationClassParser.java:206) ~[spring-context-7.0.7.jar:7.0.7]
	at org.springframework.context.annotation.ConfigurationClassParser.parse(ConfigurationClassParser.java:174) ~[spring-context-7.0.7.jar:7.0.7]
	at org.springframework.context.annotation.ConfigurationClassPostProcessor.processConfigBeanDefinitions(ConfigurationClassPostProcessor.java:452) ~[spring-context-7.0.7.jar:7.0.7]
	at org.springframework.context.annotation.ConfigurationClassPostProcessor.postProcessBeanDefinitionRegistry(ConfigurationClassPostProcessor.java:316) ~[spring-context-7.0.7.jar:7.0.7]
	at org.springframework.context.support.PostProcessorRegistrationDelegate.invokeBeanDefinitionRegistryPostProcessors(PostProcessorRegistrationDelegate.java:349) ~[spring-context-7.0.7.jar:7.0.7]
	at org.springframework.context.support.PostProcessorRegistrationDelegate.invokeBeanFactoryPostProcessors(PostProcessorRegistrationDelegate.java:118) ~[spring-context-7.0.7.jar:7.0.7]
	at org.springframework.context.support.AbstractApplicationContext.invokeBeanFactoryPostProcessors(AbstractApplicationContext.java:795) ~[spring-context-7.0.7.jar:7.0.7]
	at org.springframework.context.support.AbstractApplicationContext.refresh(AbstractApplicationContext.java:603) ~[spring-context-7.0.7.jar:7.0.7]
	at org.springframework.boot.web.server.servlet.context.ServletWebServerApplicationContext.refresh(ServletWebServerApplicationContext.java:143) ~[spring-boot-web-server-4.0.6.jar:4.0.6]
	at org.springframework.boot.SpringApplication.refresh(SpringApplication.java:756) ~[spring-boot-4.0.6.jar:4.0.6]
	at org.springframework.boot.SpringApplication.refreshContext(SpringApplication.java:445) ~[spring-boot-4.0.6.jar:4.0.6]
	at org.springframework.boot.SpringApplication.run(SpringApplication.java:321) ~[spring-boot-4.0.6.jar:4.0.6]
	at org.springframework.boot.SpringApplication.run(SpringApplication.java:1365) ~[spring-boot-4.0.6.jar:4.0.6]
	at org.springframework.boot.SpringApplication.run(SpringApplication.java:1354) ~[spring-boot-4.0.6.jar:4.0.6]
	at flearn.FLearnSpringBootApplication.main(FLearnSpringBootApplication.java:10) ~[classes/:na]
	at java.base/jdk.internal.reflect.DirectMethodHandleAccessor.invoke(DirectMethodHandleAccessor.java:103) ~[na:na]
	at java.base/java.lang.reflect.Method.invoke(Method.java:580) ~[na:na]
	at org.springframework.boot.devtools.restart.RestartLauncher.run(RestartLauncher.java:52) ~[spring-boot-devtools-4.0.6.jar:4.0.6]
Caused by: java.io.FileNotFoundException: class path resource [flearn/mapper/LessonMapper.class] cannot be opened because it does not exist
	at org.springframework.core.io.ClassPathResource.getInputStream(ClassPathResource.java:212) ~[spring-core-7.0.7.jar:7.0.7]
	at org.springframework.core.type.classreading.SimpleMetadataReader.getClassReader(SimpleMetadataReader.java:54) ~[spring-core-7.0.7.jar:7.0.7]
	at org.springframework.core.type.classreading.SimpleMetadataReader.<init>(SimpleMetadataReader.java:48) ~[spring-core-7.0.7.jar:7.0.7]
	at org.springframework.core.type.classreading.SimpleMetadataReaderFactory.getMetadataReader(SimpleMetadataReaderFactory.java:62) ~[spring-core-7.0.7.jar:7.0.7]
	at org.springframework.core.type.classreading.CachingMetadataReaderFactory.getMetadataReader(CachingMetadataReaderFactory.java:127) ~[spring-core-7.0.7.jar:7.0.7]
	at org.springframework.core.type.classreading.AbstractMetadataReaderFactory.getMetadataReader(AbstractMetadataReaderFactory.java:62) ~[spring-core-7.0.7.jar:7.0.7]
	at org.springframework.core.type.classreading.CachingMetadataReaderFactory.getMetadataReader(CachingMetadataReaderFactory.java:40) ~[spring-core-7.0.7.jar:7.0.7]
	at org.springframework.context.annotation.ConfigurationClassParser.asSourceClass(ConfigurationClassParser.java:728) ~[spring-context-7.0.7.jar:7.0.7]
	at org.springframework.context.annotation.ConfigurationClassParser$SourceClass.getInterfaces(ConfigurationClassParser.java:1074) ~[spring-context-7.0.7.jar:7.0.7]
	at org.springframework.context.annotation.ConfigurationClassParser.collectImports(ConfigurationClassParser.java:566) ~[spring-context-7.0.7.jar:7.0.7]
	at org.springframework.context.annotation.ConfigurationClassParser.getImports(ConfigurationClassParser.java:541) ~[spring-context-7.0.7.jar:7.0.7]
	at org.springframework.context.annotation.ConfigurationClassParser.doProcessConfigurationClass(ConfigurationClassParser.java:362) ~[spring-context-7.0.7.jar:7.0.7]
	at org.springframework.context.annotation.ConfigurationClassParser.processConfigurationClass(ConfigurationClassParser.java:283) ~[spring-context-7.0.7.jar:7.0.7]
	... 21 common frames omitted


  .   ____          _            __ _ _
 /\\ / ___'_ __ _ _(_)_ __  __ _ \ \ \ \
( ( )\___ | '_ | '_| | '_ \/ _` | \ \ \ \
 \\/  ___)| |_)| | | | | || (_| |  ) ) ) )
  '  |____| .__|_| |_|_| |_\__, | / / / /
 =========|_|==============|___/=/_/_/_/

 :: Spring Boot ::                (v4.0.6)

2026-06-10T22:09:21.704+07:00  INFO 21596 --- [FLearn_SpringBoot] [  restartedMain] flearn.FLearnSpringBootApplication       : Starting FLearnSpringBootApplication using Java 21.0.11 with PID 21596 (D:\SWP391\FLearn_\target\classes started by quynh anh in D:\SWP391\FLearn_)
2026-06-10T22:09:21.704+07:00  INFO 21596 --- [FLearn_SpringBoot] [  restartedMain] flearn.FLearnSpringBootApplication       : No active profile set, falling back to 1 default profile: "default"
2026-06-10T22:09:21.828+07:00  WARN 21596 --- [FLearn_SpringBoot] [  restartedMain] ConfigServletWebServerApplicationContext : Exception encountered during context initialization - cancelling refresh attempt: org.springframework.beans.factory.BeanDefinitionStoreException: I/O failure while processing configuration class [flearn.mapper.LessonMapperImpl]
2026-06-10T22:09:21.835+07:00 ERROR 21596 --- [FLearn_SpringBoot] [  restartedMain] o.s.boot.SpringApplication               : Application run failed

org.springframework.beans.factory.BeanDefinitionStoreException: I/O failure while processing configuration class [flearn.mapper.LessonMapperImpl]
	at org.springframework.context.annotation.ConfigurationClassParser.processConfigurationClass(ConfigurationClassParser.java:288) ~[spring-context-7.0.7.jar:7.0.7]
	at org.springframework.context.annotation.ConfigurationClassParser.parse(ConfigurationClassParser.java:220) ~[spring-context-7.0.7.jar:7.0.7]
	at org.springframework.context.annotation.ConfigurationClassParser.doProcessConfigurationClass(ConfigurationClassParser.java:355) ~[spring-context-7.0.7.jar:7.0.7]
	at org.springframework.context.annotation.ConfigurationClassParser.processConfigurationClass(ConfigurationClassParser.java:283) ~[spring-context-7.0.7.jar:7.0.7]
	at org.springframework.context.annotation.ConfigurationClassParser.parse(ConfigurationClassParser.java:206) ~[spring-context-7.0.7.jar:7.0.7]
	at org.springframework.context.annotation.ConfigurationClassParser.parse(ConfigurationClassParser.java:174) ~[spring-context-7.0.7.jar:7.0.7]
	at org.springframework.context.annotation.ConfigurationClassPostProcessor.processConfigBeanDefinitions(ConfigurationClassPostProcessor.java:452) ~[spring-context-7.0.7.jar:7.0.7]
	at org.springframework.context.annotation.ConfigurationClassPostProcessor.postProcessBeanDefinitionRegistry(ConfigurationClassPostProcessor.java:316) ~[spring-context-7.0.7.jar:7.0.7]
	at org.springframework.context.support.PostProcessorRegistrationDelegate.invokeBeanDefinitionRegistryPostProcessors(PostProcessorRegistrationDelegate.java:349) ~[spring-context-7.0.7.jar:7.0.7]
	at org.springframework.context.support.PostProcessorRegistrationDelegate.invokeBeanFactoryPostProcessors(PostProcessorRegistrationDelegate.java:118) ~[spring-context-7.0.7.jar:7.0.7]
	at org.springframework.context.support.AbstractApplicationContext.invokeBeanFactoryPostProcessors(AbstractApplicationContext.java:795) ~[spring-context-7.0.7.jar:7.0.7]
	at org.springframework.context.support.AbstractApplicationContext.refresh(AbstractApplicationContext.java:603) ~[spring-context-7.0.7.jar:7.0.7]
	at org.springframework.boot.web.server.servlet.context.ServletWebServerApplicationContext.refresh(ServletWebServerApplicationContext.java:143) ~[spring-boot-web-server-4.0.6.jar:4.0.6]
	at org.springframework.boot.SpringApplication.refresh(SpringApplication.java:756) ~[spring-boot-4.0.6.jar:4.0.6]
	at org.springframework.boot.SpringApplication.refreshContext(SpringApplication.java:445) ~[spring-boot-4.0.6.jar:4.0.6]
	at org.springframework.boot.SpringApplication.run(SpringApplication.java:321) ~[spring-boot-4.0.6.jar:4.0.6]
	at org.springframework.boot.SpringApplication.run(SpringApplication.java:1365) ~[spring-boot-4.0.6.jar:4.0.6]
	at org.springframework.boot.SpringApplication.run(SpringApplication.java:1354) ~[spring-boot-4.0.6.jar:4.0.6]
	at flearn.FLearnSpringBootApplication.main(FLearnSpringBootApplication.java:10) ~[classes/:na]
	at java.base/jdk.internal.reflect.DirectMethodHandleAccessor.invoke(DirectMethodHandleAccessor.java:103) ~[na:na]
	at java.base/java.lang.reflect.Method.invoke(Method.java:580) ~[na:na]
	at org.springframework.boot.devtools.restart.RestartLauncher.run(RestartLauncher.java:52) ~[spring-boot-devtools-4.0.6.jar:4.0.6]
Caused by: java.io.FileNotFoundException: class path resource [flearn/mapper/LessonMapper.class] cannot be opened because it does not exist
	at org.springframework.core.io.ClassPathResource.getInputStream(ClassPathResource.java:212) ~[spring-core-7.0.7.jar:7.0.7]
	at org.springframework.core.type.classreading.SimpleMetadataReader.getClassReader(SimpleMetadataReader.java:54) ~[spring-core-7.0.7.jar:7.0.7]
	at org.springframework.core.type.classreading.SimpleMetadataReader.<init>(SimpleMetadataReader.java:48) ~[spring-core-7.0.7.jar:7.0.7]
	at org.springframework.core.type.classreading.SimpleMetadataReaderFactory.getMetadataReader(SimpleMetadataReaderFactory.java:62) ~[spring-core-7.0.7.jar:7.0.7]
	at org.springframework.core.type.classreading.CachingMetadataReaderFactory.getMetadataReader(CachingMetadataReaderFactory.java:127) ~[spring-core-7.0.7.jar:7.0.7]
	at org.springframework.core.type.classreading.AbstractMetadataReaderFactory.getMetadataReader(AbstractMetadataReaderFactory.java:62) ~[spring-core-7.0.7.jar:7.0.7]
	at org.springframework.core.type.classreading.CachingMetadataReaderFactory.getMetadataReader(CachingMetadataReaderFactory.java:40) ~[spring-core-7.0.7.jar:7.0.7]
	at org.springframework.context.annotation.ConfigurationClassParser.asSourceClass(ConfigurationClassParser.java:728) ~[spring-context-7.0.7.jar:7.0.7]
	at org.springframework.context.annotation.ConfigurationClassParser$SourceClass.getInterfaces(ConfigurationClassParser.java:1074) ~[spring-context-7.0.7.jar:7.0.7]
	at org.springframework.context.annotation.ConfigurationClassParser.collectImports(ConfigurationClassParser.java:566) ~[spring-context-7.0.7.jar:7.0.7]
	at org.springframework.context.annotation.ConfigurationClassParser.getImports(ConfigurationClassParser.java:541) ~[spring-context-7.0.7.jar:7.0.7]
	at org.springframework.context.annotation.ConfigurationClassParser.doProcessConfigurationClass(ConfigurationClassParser.java:362) ~[spring-context-7.0.7.jar:7.0.7]
	at org.springframework.context.annotation.ConfigurationClassParser.processConfigurationClass(ConfigurationClassParser.java:283) ~[spring-context-7.0.7.jar:7.0.7]
	... 21 common frames omitted


  .   ____          _            __ _ _
 /\\ / ___'_ __ _ _(_)_ __  __ _ \ \ \ \
( ( )\___ | '_ | '_| | '_ \/ _` | \ \ \ \
 \\/  ___)| |_)| | | | | || (_| |  ) ) ) )
  '  |____| .__|_| |_|_| |_\__, | / / / /
 =========|_|==============|___/=/_/_/_/

 :: Spring Boot ::                (v4.0.6)

2026-06-10T22:09:24.302+07:00  INFO 21596 --- [FLearn_SpringBoot] [  restartedMain] flearn.FLearnSpringBootApplication       : Starting FLearnSpringBootApplication using Java 21.0.11 with PID 21596 (D:\SWP391\FLearn_\target\classes started by quynh anh in D:\SWP391\FLearn_)
2026-06-10T22:09:24.303+07:00  INFO 21596 --- [FLearn_SpringBoot] [  restartedMain] flearn.FLearnSpringBootApplication       : No active profile set, falling back to 1 default profile: "default"
2026-06-10T22:09:24.418+07:00  WARN 21596 --- [FLearn_SpringBoot] [  restartedMain] ConfigServletWebServerApplicationContext : Exception encountered during context initialization - cancelling refresh attempt: org.springframework.beans.factory.BeanDefinitionStoreException: I/O failure while processing configuration class [flearn.mapper.LessonMapperImpl]
2026-06-10T22:09:24.421+07:00 ERROR 21596 --- [FLearn_SpringBoot] [  restartedMain] o.s.boot.SpringApplication               : Application run failed

org.springframework.beans.factory.BeanDefinitionStoreException: I/O failure while processing configuration class [flearn.mapper.LessonMapperImpl]
	at org.springframework.context.annotation.ConfigurationClassParser.processConfigurationClass(ConfigurationClassParser.java:288) ~[spring-context-7.0.7.jar:7.0.7]
	at org.springframework.context.annotation.ConfigurationClassParser.parse(ConfigurationClassParser.java:220) ~[spring-context-7.0.7.jar:7.0.7]
	at org.springframework.context.annotation.ConfigurationClassParser.doProcessConfigurationClass(ConfigurationClassParser.java:355) ~[spring-context-7.0.7.jar:7.0.7]
	at org.springframework.context.annotation.ConfigurationClassParser.processConfigurationClass(ConfigurationClassParser.java:283) ~[spring-context-7.0.7.jar:7.0.7]
	at org.springframework.context.annotation.ConfigurationClassParser.parse(ConfigurationClassParser.java:206) ~[spring-context-7.0.7.jar:7.0.7]
	at org.springframework.context.annotation.ConfigurationClassParser.parse(ConfigurationClassParser.java:174) ~[spring-context-7.0.7.jar:7.0.7]
	at org.springframework.context.annotation.ConfigurationClassPostProcessor.processConfigBeanDefinitions(ConfigurationClassPostProcessor.java:452) ~[spring-context-7.0.7.jar:7.0.7]
	at org.springframework.context.annotation.ConfigurationClassPostProcessor.postProcessBeanDefinitionRegistry(ConfigurationClassPostProcessor.java:316) ~[spring-context-7.0.7.jar:7.0.7]
	at org.springframework.context.support.PostProcessorRegistrationDelegate.invokeBeanDefinitionRegistryPostProcessors(PostProcessorRegistrationDelegate.java:349) ~[spring-context-7.0.7.jar:7.0.7]
	at org.springframework.context.support.PostProcessorRegistrationDelegate.invokeBeanFactoryPostProcessors(PostProcessorRegistrationDelegate.java:118) ~[spring-context-7.0.7.jar:7.0.7]
	at org.springframework.context.support.AbstractApplicationContext.invokeBeanFactoryPostProcessors(AbstractApplicationContext.java:795) ~[spring-context-7.0.7.jar:7.0.7]
	at org.springframework.context.support.AbstractApplicationContext.refresh(AbstractApplicationContext.java:603) ~[spring-context-7.0.7.jar:7.0.7]
	at org.springframework.boot.web.server.servlet.context.ServletWebServerApplicationContext.refresh(ServletWebServerApplicationContext.java:143) ~[spring-boot-web-server-4.0.6.jar:4.0.6]
	at org.springframework.boot.SpringApplication.refresh(SpringApplication.java:756) ~[spring-boot-4.0.6.jar:4.0.6]
	at org.springframework.boot.SpringApplication.refreshContext(SpringApplication.java:445) ~[spring-boot-4.0.6.jar:4.0.6]
	at org.springframework.boot.SpringApplication.run(SpringApplication.java:321) ~[spring-boot-4.0.6.jar:4.0.6]
	at org.springframework.boot.SpringApplication.run(SpringApplication.java:1365) ~[spring-boot-4.0.6.jar:4.0.6]
	at org.springframework.boot.SpringApplication.run(SpringApplication.java:1354) ~[spring-boot-4.0.6.jar:4.0.6]
	at flearn.FLearnSpringBootApplication.main(FLearnSpringBootApplication.java:10) ~[classes/:na]
	at java.base/jdk.internal.reflect.DirectMethodHandleAccessor.invoke(DirectMethodHandleAccessor.java:103) ~[na:na]
	at java.base/java.lang.reflect.Method.invoke(Method.java:580) ~[na:na]
	at org.springframework.boot.devtools.restart.RestartLauncher.run(RestartLauncher.java:52) ~[spring-boot-devtools-4.0.6.jar:4.0.6]
Caused by: java.io.FileNotFoundException: class path resource [flearn/mapper/LessonMapper.class] cannot be opened because it does not exist
	at org.springframework.core.io.ClassPathResource.getInputStream(ClassPathResource.java:212) ~[spring-core-7.0.7.jar:7.0.7]
	at org.springframework.core.type.classreading.SimpleMetadataReader.getClassReader(SimpleMetadataReader.java:54) ~[spring-core-7.0.7.jar:7.0.7]
	at org.springframework.core.type.classreading.SimpleMetadataReader.<init>(SimpleMetadataReader.java:48) ~[spring-core-7.0.7.jar:7.0.7]
	at org.springframework.core.type.classreading.SimpleMetadataReaderFactory.getMetadataReader(SimpleMetadataReaderFactory.java:62) ~[spring-core-7.0.7.jar:7.0.7]
	at org.springframework.core.type.classreading.CachingMetadataReaderFactory.getMetadataReader(CachingMetadataReaderFactory.java:127) ~[spring-core-7.0.7.jar:7.0.7]
	at org.springframework.core.type.classreading.AbstractMetadataReaderFactory.getMetadataReader(AbstractMetadataReaderFactory.java:62) ~[spring-core-7.0.7.jar:7.0.7]
	at org.springframework.core.type.classreading.CachingMetadataReaderFactory.getMetadataReader(CachingMetadataReaderFactory.java:40) ~[spring-core-7.0.7.jar:7.0.7]
	at org.springframework.context.annotation.ConfigurationClassParser.asSourceClass(ConfigurationClassParser.java:728) ~[spring-context-7.0.7.jar:7.0.7]
	at org.springframework.context.annotation.ConfigurationClassParser$SourceClass.getInterfaces(ConfigurationClassParser.java:1074) ~[spring-context-7.0.7.jar:7.0.7]
	at org.springframework.context.annotation.ConfigurationClassParser.collectImports(ConfigurationClassParser.java:566) ~[spring-context-7.0.7.jar:7.0.7]
	at org.springframework.context.annotation.ConfigurationClassParser.getImports(ConfigurationClassParser.java:541) ~[spring-context-7.0.7.jar:7.0.7]
	at org.springframework.context.annotation.ConfigurationClassParser.doProcessConfigurationClass(ConfigurationClassParser.java:362) ~[spring-context-7.0.7.jar:7.0.7]
	at org.springframework.context.annotation.ConfigurationClassParser.processConfigurationClass(ConfigurationClassParser.java:283) ~[spring-context-7.0.7.jar:7.0.7]
	... 21 common frames omitted


  .   ____          _            __ _ _
 /\\ / ___'_ __ _ _(_)_ __  __ _ \ \ \ \
( ( )\___ | '_ | '_| | '_ \/ _` | \ \ \ \
 \\/  ___)| |_)| | | | | || (_| |  ) ) ) )
  '  |____| .__|_| |_|_| |_\__, | / / / /
 =========|_|==============|___/=/_/_/_/

 :: Spring Boot ::                (v4.0.6)

2026-06-10T22:09:27.049+07:00  INFO 21596 --- [FLearn_SpringBoot] [  restartedMain] flearn.FLearnSpringBootApplication       : Starting FLearnSpringBootApplication using Java 21.0.11 with PID 21596 (D:\SWP391\FLearn_\target\classes started by quynh anh in D:\SWP391\FLearn_)
2026-06-10T22:09:27.050+07:00  INFO 21596 --- [FLearn_SpringBoot] [  restartedMain] flearn.FLearnSpringBootApplication       : No active profile set, falling back to 1 default profile: "default"
2026-06-10T22:09:27.161+07:00  WARN 21596 --- [FLearn_SpringBoot] [  restartedMain] ConfigServletWebServerApplicationContext : Exception encountered during context initialization - cancelling refresh attempt: org.springframework.beans.factory.BeanDefinitionStoreException: I/O failure while processing configuration class [flearn.mapper.LessonMapperImpl]
2026-06-10T22:09:27.169+07:00 ERROR 21596 --- [FLearn_SpringBoot] [  restartedMain] o.s.boot.SpringApplication               : Application run failed

org.springframework.beans.factory.BeanDefinitionStoreException: I/O failure while processing configuration class [flearn.mapper.LessonMapperImpl]
	at org.springframework.context.annotation.ConfigurationClassParser.processConfigurationClass(ConfigurationClassParser.java:288) ~[spring-context-7.0.7.jar:7.0.7]
	at org.springframework.context.annotation.ConfigurationClassParser.parse(ConfigurationClassParser.java:220) ~[spring-context-7.0.7.jar:7.0.7]
	at org.springframework.context.annotation.ConfigurationClassParser.doProcessConfigurationClass(ConfigurationClassParser.java:355) ~[spring-context-7.0.7.jar:7.0.7]
	at org.springframework.context.annotation.ConfigurationClassParser.processConfigurationClass(ConfigurationClassParser.java:283) ~[spring-context-7.0.7.jar:7.0.7]
	at org.springframework.context.annotation.ConfigurationClassParser.parse(ConfigurationClassParser.java:206) ~[spring-context-7.0.7.jar:7.0.7]
	at org.springframework.context.annotation.ConfigurationClassParser.parse(ConfigurationClassParser.java:174) ~[spring-context-7.0.7.jar:7.0.7]
	at org.springframework.context.annotation.ConfigurationClassPostProcessor.processConfigBeanDefinitions(ConfigurationClassPostProcessor.java:452) ~[spring-context-7.0.7.jar:7.0.7]
	at org.springframework.context.annotation.ConfigurationClassPostProcessor.postProcessBeanDefinitionRegistry(ConfigurationClassPostProcessor.java:316) ~[spring-context-7.0.7.jar:7.0.7]
	at org.springframework.context.support.PostProcessorRegistrationDelegate.invokeBeanDefinitionRegistryPostProcessors(PostProcessorRegistrationDelegate.java:349) ~[spring-context-7.0.7.jar:7.0.7]
	at org.springframework.context.support.PostProcessorRegistrationDelegate.invokeBeanFactoryPostProcessors(PostProcessorRegistrationDelegate.java:118) ~[spring-context-7.0.7.jar:7.0.7]
	at org.springframework.context.support.AbstractApplicationContext.invokeBeanFactoryPostProcessors(AbstractApplicationContext.java:795) ~[spring-context-7.0.7.jar:7.0.7]
	at org.springframework.context.support.AbstractApplicationContext.refresh(AbstractApplicationContext.java:603) ~[spring-context-7.0.7.jar:7.0.7]
	at org.springframework.boot.web.server.servlet.context.ServletWebServerApplicationContext.refresh(ServletWebServerApplicationContext.java:143) ~[spring-boot-web-server-4.0.6.jar:4.0.6]
	at org.springframework.boot.SpringApplication.refresh(SpringApplication.java:756) ~[spring-boot-4.0.6.jar:4.0.6]
	at org.springframework.boot.SpringApplication.refreshContext(SpringApplication.java:445) ~[spring-boot-4.0.6.jar:4.0.6]
	at org.springframework.boot.SpringApplication.run(SpringApplication.java:321) ~[spring-boot-4.0.6.jar:4.0.6]
	at org.springframework.boot.SpringApplication.run(SpringApplication.java:1365) ~[spring-boot-4.0.6.jar:4.0.6]
	at org.springframework.boot.SpringApplication.run(SpringApplication.java:1354) ~[spring-boot-4.0.6.jar:4.0.6]
	at flearn.FLearnSpringBootApplication.main(FLearnSpringBootApplication.java:10) ~[classes/:na]
	at java.base/jdk.internal.reflect.DirectMethodHandleAccessor.invoke(DirectMethodHandleAccessor.java:103) ~[na:na]
	at java.base/java.lang.reflect.Method.invoke(Method.java:580) ~[na:na]
	at org.springframework.boot.devtools.restart.RestartLauncher.run(RestartLauncher.java:52) ~[spring-boot-devtools-4.0.6.jar:4.0.6]
Caused by: java.io.FileNotFoundException: class path resource [flearn/mapper/LessonMapper.class] cannot be opened because it does not exist
	at org.springframework.core.io.ClassPathResource.getInputStream(ClassPathResource.java:212) ~[spring-core-7.0.7.jar:7.0.7]
	at org.springframework.core.type.classreading.SimpleMetadataReader.getClassReader(SimpleMetadataReader.java:54) ~[spring-core-7.0.7.jar:7.0.7]
	at org.springframework.core.type.classreading.SimpleMetadataReader.<init>(SimpleMetadataReader.java:48) ~[spring-core-7.0.7.jar:7.0.7]
	at org.springframework.core.type.classreading.SimpleMetadataReaderFactory.getMetadataReader(SimpleMetadataReaderFactory.java:62) ~[spring-core-7.0.7.jar:7.0.7]
	at org.springframework.core.type.classreading.CachingMetadataReaderFactory.getMetadataReader(CachingMetadataReaderFactory.java:127) ~[spring-core-7.0.7.jar:7.0.7]
	at org.springframework.core.type.classreading.AbstractMetadataReaderFactory.getMetadataReader(AbstractMetadataReaderFactory.java:62) ~[spring-core-7.0.7.jar:7.0.7]
	at org.springframework.core.type.classreading.CachingMetadataReaderFactory.getMetadataReader(CachingMetadataReaderFactory.java:40) ~[spring-core-7.0.7.jar:7.0.7]
	at org.springframework.context.annotation.ConfigurationClassParser.asSourceClass(ConfigurationClassParser.java:728) ~[spring-context-7.0.7.jar:7.0.7]
	at org.springframework.context.annotation.ConfigurationClassParser$SourceClass.getInterfaces(ConfigurationClassParser.java:1074) ~[spring-context-7.0.7.jar:7.0.7]
	at org.springframework.context.annotation.ConfigurationClassParser.collectImports(ConfigurationClassParser.java:566) ~[spring-context-7.0.7.jar:7.0.7]
	at org.springframework.context.annotation.ConfigurationClassParser.getImports(ConfigurationClassParser.java:541) ~[spring-context-7.0.7.jar:7.0.7]
	at org.springframework.context.annotation.ConfigurationClassParser.doProcessConfigurationClass(ConfigurationClassParser.java:362) ~[spring-context-7.0.7.jar:7.0.7]
	at org.springframework.context.annotation.ConfigurationClassParser.processConfigurationClass(ConfigurationClassParser.java:283) ~[spring-context-7.0.7.jar:7.0.7]
	... 21 common frames omitted


  .   ____          _            __ _ _
 /\\ / ___'_ __ _ _(_)_ __  __ _ \ \ \ \
( ( )\___ | '_ | '_| | '_ \/ _` | \ \ \ \
 \\/  ___)| |_)| | | | | || (_| |  ) ) ) )
  '  |____| .__|_| |_|_| |_\__, | / / / /
 =========|_|==============|___/=/_/_/_/

 :: Spring Boot ::                (v4.0.6)

2026-06-10T22:09:28.734+07:00  INFO 21596 --- [FLearn_SpringBoot] [  restartedMain] flearn.FLearnSpringBootApplication       : Starting FLearnSpringBootApplication using Java 21.0.11 with PID 21596 (D:\SWP391\FLearn_\target\classes started by quynh anh in D:\SWP391\FLearn_)
2026-06-10T22:09:28.734+07:00  INFO 21596 --- [FLearn_SpringBoot] [  restartedMain] flearn.FLearnSpringBootApplication       : No active profile set, falling back to 1 default profile: "default"
2026-06-10T22:09:29.890+07:00  INFO 21596 --- [FLearn_SpringBoot] [  restartedMain] .s.d.r.c.RepositoryConfigurationDelegate : Bootstrapping Spring Data JPA repositories in DEFAULT mode.
2026-06-10T22:09:30.078+07:00  INFO 21596 --- [FLearn_SpringBoot] [  restartedMain] .s.d.r.c.RepositoryConfigurationDelegate : Finished Spring Data repository scanning in 182 ms. Found 13 JPA repository interfaces.
2026-06-10T22:09:30.775+07:00  INFO 21596 --- [FLearn_SpringBoot] [  restartedMain] o.s.boot.tomcat.TomcatWebServer          : Tomcat initialized with port 8081 (http)
2026-06-10T22:09:30.784+07:00  INFO 21596 --- [FLearn_SpringBoot] [  restartedMain] o.apache.catalina.core.StandardService   : Starting service [Tomcat]
2026-06-10T22:09:30.784+07:00  INFO 21596 --- [FLearn_SpringBoot] [  restartedMain] o.apache.catalina.core.StandardEngine    : Starting Servlet engine: [Apache Tomcat/11.0.21]
2026-06-10T22:09:30.879+07:00  INFO 21596 --- [FLearn_SpringBoot] [  restartedMain] b.w.c.s.WebApplicationContextInitializer : Root WebApplicationContext: initialization completed in 2139 ms
2026-06-10T22:09:30.987+07:00  WARN 21596 --- [FLearn_SpringBoot] [  restartedMain] o.a.c.c.C.[Tomcat-2].[localhost].[/]     : Cannot deserialize session attribute [SPRING_SECURITY_CONTEXT] for session [849EE6BD0038D5591B6EA1BFB558472D]
2026-06-10T22:09:31.126+07:00  INFO 21596 --- [FLearn_SpringBoot] [  restartedMain] org.hibernate.orm.jpa                    : HHH008540: Processing PersistenceUnitInfo [name: default]
2026-06-10T22:09:31.295+07:00  INFO 21596 --- [FLearn_SpringBoot] [  restartedMain] o.s.o.j.p.SpringPersistenceUnitInfo      : No LoadTimeWeaver setup: ignoring JPA class transformer
2026-06-10T22:09:31.298+07:00  INFO 21596 --- [FLearn_SpringBoot] [  restartedMain] com.zaxxer.hikari.HikariDataSource       : HikariPool-9 - Starting...
2026-06-10T22:09:31.432+07:00  INFO 21596 --- [FLearn_SpringBoot] [  restartedMain] com.zaxxer.hikari.pool.HikariPool        : HikariPool-9 - Added connection ConnectionID:86 ClientConnectionId: e22de2d4-35c9-44a1-ad09-8e55730f629f
2026-06-10T22:09:31.433+07:00  INFO 21596 --- [FLearn_SpringBoot] [  restartedMain] com.zaxxer.hikari.HikariDataSource       : HikariPool-9 - Start completed.
2026-06-10T22:09:31.554+07:00  WARN 21596 --- [FLearn_SpringBoot] [  restartedMain] org.hibernate.orm.deprecation            : HHH90000025: SQLServerDialect does not need to be specified explicitly using 'hibernate.dialect' (remove the property setting and it will be selected by default)
2026-06-10T22:09:31.558+07:00  INFO 21596 --- [FLearn_SpringBoot] [  restartedMain] org.hibernate.orm.connections.pooling    : HHH10001005: Database info:
	Database JDBC URL [jdbc:sqlserver://localhost:1433;concatNullYieldsNull=ON;quotedIdentifier=ON;connectRetryInterval=10;connectRetryCount=1;maxResultBuffer=-1;sendTemporalDataTypesAsStringForBulkCopy=true;delayLoadingLobs=true;useFmtOnly=false;vectorTypeSupport=v1;cacheBulkCopyMetadata=false;bulkCopyForBatchInsertAllowEncryptedValueModifications=false;bulkCopyForBatchInsertTableLock=false;bulkCopyForBatchInsertKeepNulls=false;bulkCopyForBatchInsertKeepIdentity=false;bulkCopyForBatchInsertFireTriggers=false;bulkCopyForBatchInsertCheckConstraints=false;bulkCopyForBatchInsertBatchSize=0;useBulkCopyForBatchInsert=false;cancelQueryTimeout=-1;sslProtocol=TLS;calcBigDecimalPrecision=false;useDefaultJaasConfig=false;jaasConfigurationName=SQLJDBCDriver;statementPoolingCacheSize=0;serverPreparedStatementDiscardThreshold=10;enablePrepareOnFirstPreparedStatementCall=false;fips=false;socketTimeout=0;authentication=NotSpecified;authenticationScheme=nativeAuthentication;xopenStates=false;datetimeParameterType=datetime2;sendTimeAsDatetime=true;replication=false;trustStoreType=JKS;trustServerCertificate=true;TransparentNetworkIPResolution=true;iPAddressPreference=IPv4First;serverNameAsACE=false;sendStringParametersAsUnicode=true;selectMethod=direct;responseBuffering=adaptive;queryTimeout=-1;packetSize=8000;multiSubnetFailover=false;loginTimeout=30;lockTimeout=-1;lastUpdateCount=true;useDefaultGSSCredential=false;prepareMethod=prepexec;encrypt=true;disableStatementPooling=true;databaseName=FLearnDB;columnEncryptionSetting=Disabled;applicationName=Microsoft JDBC Driver for SQL Server;applicationIntent=readwrite;]
	Database driver: Microsoft JDBC Driver 13.2 for SQL Server
	Database dialect: SQLServerDialect
	Database version: 16.0
	Default catalog/schema: FLearnDB/dbo
	Autocommit mode: undefined/unknown
	Isolation level: READ_COMMITTED [default READ_COMMITTED]
	JDBC fetch size: 128
	Pool: DataSourceConnectionProvider
	Minimum pool size: undefined/unknown
	Maximum pool size: undefined/unknown
2026-06-10T22:09:31.592+07:00  WARN 21596 --- [FLearn_SpringBoot] [  restartedMain] org.hibernate.orm.deprecation            : HHH90000033: Encountered use of deprecated annotation [interface jakarta.persistence.Temporal] at flearn.entity.ClassMember.joinedAt.
2026-06-10T22:09:31.604+07:00  WARN 21596 --- [FLearn_SpringBoot] [  restartedMain] org.hibernate.orm.deprecation            : HHH90000033: Encountered use of deprecated annotation [interface jakarta.persistence.Temporal] at flearn.entity.Classroom.createdAt.
2026-06-10T22:09:31.608+07:00  WARN 21596 --- [FLearn_SpringBoot] [  restartedMain] org.hibernate.orm.deprecation            : HHH90000033: Encountered use of deprecated annotation [interface jakarta.persistence.Temporal] at flearn.entity.Classroom.updatedAt.
2026-06-10T22:09:31.618+07:00  WARN 21596 --- [FLearn_SpringBoot] [  restartedMain] org.hibernate.orm.deprecation            : HHH90000033: Encountered use of deprecated annotation [interface jakarta.persistence.Temporal] at flearn.entity.Enrollment.approvedAt.
2026-06-10T22:09:31.624+07:00  WARN 21596 --- [FLearn_SpringBoot] [  restartedMain] org.hibernate.orm.deprecation            : HHH90000033: Encountered use of deprecated annotation [interface jakarta.persistence.Temporal] at flearn.entity.Enrollment.rejectedAt.
2026-06-10T22:09:31.625+07:00  WARN 21596 --- [FLearn_SpringBoot] [  restartedMain] org.hibernate.orm.deprecation            : HHH90000033: Encountered use of deprecated annotation [interface jakarta.persistence.Temporal] at flearn.entity.Enrollment.removedAt.
2026-06-10T22:09:31.628+07:00  WARN 21596 --- [FLearn_SpringBoot] [  restartedMain] org.hibernate.orm.deprecation            : HHH90000033: Encountered use of deprecated annotation [interface jakarta.persistence.Temporal] at flearn.entity.Enrollment.requestedAt.
2026-06-10T22:09:31.641+07:00  WARN 21596 --- [FLearn_SpringBoot] [  restartedMain] org.hibernate.orm.deprecation            : HHH90000033: Encountered use of deprecated annotation [interface jakarta.persistence.Temporal] at flearn.entity.Lesson.createdAt.
2026-06-10T22:09:31.650+07:00  WARN 21596 --- [FLearn_SpringBoot] [  restartedMain] org.hibernate.orm.deprecation            : HHH90000033: Encountered use of deprecated annotation [interface jakarta.persistence.Temporal] at flearn.entity.Lesson.updatedAt.
2026-06-10T22:09:31.675+07:00  WARN 21596 --- [FLearn_SpringBoot] [  restartedMain] org.hibernate.orm.deprecation            : HHH90000033: Encountered use of deprecated annotation [interface jakarta.persistence.Temporal] at flearn.entity.LessonCompletion.completedAt.
2026-06-10T22:09:31.724+07:00  WARN 21596 --- [FLearn_SpringBoot] [  restartedMain] org.hibernate.orm.deprecation            : HHH90000033: Encountered use of deprecated annotation [interface jakarta.persistence.Temporal] at flearn.entity.Material.createdAt.
2026-06-10T22:09:31.742+07:00  WARN 21596 --- [FLearn_SpringBoot] [  restartedMain] org.hibernate.orm.deprecation            : HHH90000033: Encountered use of deprecated annotation [interface jakarta.persistence.Temporal] at flearn.entity.Material.updatedAt.
2026-06-10T22:09:31.754+07:00  WARN 21596 --- [FLearn_SpringBoot] [  restartedMain] org.hibernate.orm.deprecation            : HHH90000033: Encountered use of deprecated annotation [interface jakarta.persistence.Temporal] at flearn.entity.MaterialTracking.viewedAt.
2026-06-10T22:09:32.012+07:00  WARN 21596 --- [FLearn_SpringBoot] [  restartedMain] org.hibernate.orm.deprecation            : HHH90000033: Encountered use of deprecated annotation [interface jakarta.persistence.Temporal] at flearn.entity.QuizResult.completedAt.
2026-06-10T22:09:32.033+07:00  WARN 21596 --- [FLearn_SpringBoot] [  restartedMain] org.hibernate.orm.deprecation            : HHH90000033: Encountered use of deprecated annotation [interface jakarta.persistence.Temporal] at flearn.entity.Roadmap.createdAt.
2026-06-10T22:09:32.034+07:00  WARN 21596 --- [FLearn_SpringBoot] [  restartedMain] org.hibernate.orm.deprecation            : HHH90000033: Encountered use of deprecated annotation [interface jakarta.persistence.Temporal] at flearn.entity.Roadmap.updatedAt.
2026-06-10T22:09:32.083+07:00  WARN 21596 --- [FLearn_SpringBoot] [  restartedMain] org.hibernate.orm.deprecation            : HHH90000033: Encountered use of deprecated annotation [interface jakarta.persistence.Temporal] at flearn.entity.User.createdAt.
2026-06-10T22:09:32.100+07:00  WARN 21596 --- [FLearn_SpringBoot] [  restartedMain] org.hibernate.orm.deprecation            : HHH90000033: Encountered use of deprecated annotation [interface jakarta.persistence.Temporal] at flearn.entity.User.resetTokenExpiry.
2026-06-10T22:09:32.109+07:00  WARN 21596 --- [FLearn_SpringBoot] [  restartedMain] org.hibernate.orm.deprecation            : HHH90000033: Encountered use of deprecated annotation [interface jakarta.persistence.Temporal] at flearn.entity.User.updatedAt.
2026-06-10T22:09:33.611+07:00  INFO 21596 --- [FLearn_SpringBoot] [  restartedMain] org.hibernate.orm.core                   : HHH000489: No JTA platform available (set 'hibernate.transaction.jta.platform' to enable JTA platform integration)
2026-06-10T22:09:34.953+07:00 DEBUG 21596 --- [FLearn_SpringBoot] [  restartedMain] org.hibernate.SQL                        : 
    alter table [Lessons] 
       alter column [Content] NVARCHAR(MAX)
Hibernate: 
    alter table [Lessons] 
       alter column [Content] NVARCHAR(MAX)
2026-06-10T22:09:34.992+07:00 DEBUG 21596 --- [FLearn_SpringBoot] [  restartedMain] org.hibernate.SQL                        : 
    alter table [Questions] 
       alter column [OptionA] NVARCHAR(500)
Hibernate: 
    alter table [Questions] 
       alter column [OptionA] NVARCHAR(500)
2026-06-10T22:09:34.996+07:00 DEBUG 21596 --- [FLearn_SpringBoot] [  restartedMain] org.hibernate.SQL                        : 
    alter table [Questions] 
       alter column [OptionB] NVARCHAR(500)
Hibernate: 
    alter table [Questions] 
       alter column [OptionB] NVARCHAR(500)
2026-06-10T22:09:35.000+07:00 DEBUG 21596 --- [FLearn_SpringBoot] [  restartedMain] org.hibernate.SQL                        : 
    alter table [Questions] 
       alter column [OptionC] NVARCHAR(500)
Hibernate: 
    alter table [Questions] 
       alter column [OptionC] NVARCHAR(500)
2026-06-10T22:09:35.003+07:00 DEBUG 21596 --- [FLearn_SpringBoot] [  restartedMain] org.hibernate.SQL                        : 
    alter table [Questions] 
       alter column [OptionD] NVARCHAR(500)
Hibernate: 
    alter table [Questions] 
       alter column [OptionD] NVARCHAR(500)
2026-06-10T22:09:35.006+07:00 DEBUG 21596 --- [FLearn_SpringBoot] [  restartedMain] org.hibernate.SQL                        : 
    alter table [Questions] 
       alter column [QuestionText] NVARCHAR(MAX)
Hibernate: 
    alter table [Questions] 
       alter column [QuestionText] NVARCHAR(MAX)
2026-06-10T22:09:35.027+07:00 DEBUG 21596 --- [FLearn_SpringBoot] [  restartedMain] org.hibernate.SQL                        : 
    alter table [Quizzes] 
       alter column [Title] NVARCHAR(200)
Hibernate: 
    alter table [Quizzes] 
       alter column [Title] NVARCHAR(200)
2026-06-10T22:09:37.262+07:00  INFO 21596 --- [FLearn_SpringBoot] [  restartedMain] j.LocalContainerEntityManagerFactoryBean : Initialized JPA EntityManagerFactory for persistence unit 'default'
2026-06-10T22:09:38.887+07:00  WARN 21596 --- [FLearn_SpringBoot] [  restartedMain] JpaBaseConfiguration$JpaWebConfiguration : spring.jpa.open-in-view is enabled by default. Therefore, database queries may be performed during view rendering. Explicitly configure spring.jpa.open-in-view to disable this warning
2026-06-10T22:09:39.003+07:00  INFO 21596 --- [FLearn_SpringBoot] [  restartedMain] r$InitializeUserDetailsManagerConfigurer : Global AuthenticationManager configured with UserDetailsService bean with name customUserDetailsService
2026-06-10T22:09:39.811+07:00  INFO 21596 --- [FLearn_SpringBoot] [  restartedMain] o.s.boot.tomcat.TomcatWebServer          : Tomcat started on port 8081 (http) with context path '/'
2026-06-10T22:09:39.830+07:00  INFO 21596 --- [FLearn_SpringBoot] [  restartedMain] flearn.FLearnSpringBootApplication       : Started FLearnSpringBootApplication in 11.155 seconds (process running for 4842.673)
2026-06-10T22:09:40.097+07:00 DEBUG 21596 --- [FLearn_SpringBoot] [  restartedMain] org.hibernate.SQL                        : 
    select
        u1_0.[UserID],
        u1_0.[CreatedAt],
        u1_0.[Department],
        u1_0.[Email],
        u1_0.[FullName],
        u1_0.[IsActive],
        u1_0.[PasswordHash],
        u1_0.[Phone],
        u1_0.[ResetToken],
        u1_0.[ResetTokenExpiry],
        u1_0.[Role],
        u1_0.[Status],
        u1_0.[UpdatedAt],
        u1_0.[Username] 
    from
        [Users] u1_0 
    where
        u1_0.[Username]=?
Hibernate: 
    select
        u1_0.[UserID],
        u1_0.[CreatedAt],
        u1_0.[Department],
        u1_0.[Email],
        u1_0.[FullName],
        u1_0.[IsActive],
        u1_0.[PasswordHash],
        u1_0.[Phone],
        u1_0.[ResetToken],
        u1_0.[ResetTokenExpiry],
        u1_0.[Role],
        u1_0.[Status],
        u1_0.[UpdatedAt],
        u1_0.[Username] 
    from
        [Users] u1_0 
    where
        u1_0.[Username]=?
2026-06-10T22:09:40.098+07:00 TRACE 21596 --- [FLearn_SpringBoot] [  restartedMain] org.hibernate.orm.jdbc.bind              : binding parameter (1:VARCHAR) <- [admin]
2026-06-10T22:09:40.317+07:00 DEBUG 21596 --- [FLearn_SpringBoot] [  restartedMain] org.hibernate.SQL                        : 
    select
        u1_0.[UserID],
        u1_0.[CreatedAt],
        u1_0.[Department],
        u1_0.[Email],
        u1_0.[FullName],
        u1_0.[IsActive],
        u1_0.[PasswordHash],
        u1_0.[Phone],
        u1_0.[ResetToken],
        u1_0.[ResetTokenExpiry],
        u1_0.[Role],
        u1_0.[Status],
        u1_0.[UpdatedAt],
        u1_0.[Username] 
    from
        [Users] u1_0 
    where
        u1_0.[UserID]=?
Hibernate: 
    select
        u1_0.[UserID],
        u1_0.[CreatedAt],
        u1_0.[Department],
        u1_0.[Email],
        u1_0.[FullName],
        u1_0.[IsActive],
        u1_0.[PasswordHash],
        u1_0.[Phone],
        u1_0.[ResetToken],
        u1_0.[ResetTokenExpiry],
        u1_0.[Role],
        u1_0.[Status],
        u1_0.[UpdatedAt],
        u1_0.[Username] 
    from
        [Users] u1_0 
    where
        u1_0.[UserID]=?
2026-06-10T22:09:40.317+07:00 TRACE 21596 --- [FLearn_SpringBoot] [  restartedMain] org.hibernate.orm.jdbc.bind              : binding parameter (1:INTEGER) <- [4]
2026-06-10T22:09:40.325+07:00 DEBUG 21596 --- [FLearn_SpringBoot] [  restartedMain] org.hibernate.SQL                        : 
    update
        [Users] 
    set
        [Department]=?,
        [Email]=?,
        [FullName]=?,
        [IsActive]=?,
        [PasswordHash]=?,
        [Phone]=?,
        [ResetToken]=?,
        [ResetTokenExpiry]=?,
        [Role]=?,
        [Status]=?,
        [UpdatedAt]=?,
        [Username]=? 
    where
        [UserID]=?
Hibernate: 
    update
        [Users] 
    set
        [Department]=?,
        [Email]=?,
        [FullName]=?,
        [IsActive]=?,
        [PasswordHash]=?,
        [Phone]=?,
        [ResetToken]=?,
        [ResetTokenExpiry]=?,
        [Role]=?,
        [Status]=?,
        [UpdatedAt]=?,
        [Username]=? 
    where
        [UserID]=?
2026-06-10T22:09:40.326+07:00 TRACE 21596 --- [FLearn_SpringBoot] [  restartedMain] org.hibernate.orm.jdbc.bind              : binding parameter (1:VARCHAR) <- [null]
2026-06-10T22:09:40.326+07:00 TRACE 21596 --- [FLearn_SpringBoot] [  restartedMain] org.hibernate.orm.jdbc.bind              : binding parameter (2:VARCHAR) <- [admin@flearn.local]
2026-06-10T22:09:40.326+07:00 TRACE 21596 --- [FLearn_SpringBoot] [  restartedMain] org.hibernate.orm.jdbc.bind              : binding parameter (3:VARCHAR) <- [FLearn Administrator]
2026-06-10T22:09:40.326+07:00 TRACE 21596 --- [FLearn_SpringBoot] [  restartedMain] org.hibernate.orm.jdbc.bind              : binding parameter (4:BOOLEAN) <- [true]
2026-06-10T22:09:40.326+07:00 TRACE 21596 --- [FLearn_SpringBoot] [  restartedMain] org.hibernate.orm.jdbc.bind              : binding parameter (5:VARCHAR) <- [$2a$10$G6R2BwFdqrq0Q5oC6rHdo.Jr6tfkstcBUCRIPrpeB5YPPgrjLgP/S]
2026-06-10T22:09:40.326+07:00 TRACE 21596 --- [FLearn_SpringBoot] [  restartedMain] org.hibernate.orm.jdbc.bind              : binding parameter (6:VARCHAR) <- [null]
2026-06-10T22:09:40.326+07:00 TRACE 21596 --- [FLearn_SpringBoot] [  restartedMain] org.hibernate.orm.jdbc.bind              : binding parameter (7:VARCHAR) <- [null]
2026-06-10T22:09:40.326+07:00 TRACE 21596 --- [FLearn_SpringBoot] [  restartedMain] org.hibernate.orm.jdbc.bind              : binding parameter (8:TIMESTAMP) <- [null]
2026-06-10T22:09:40.326+07:00 TRACE 21596 --- [FLearn_SpringBoot] [  restartedMain] org.hibernate.orm.jdbc.bind              : binding parameter (9:INTEGER) <- [0]
2026-06-10T22:09:40.326+07:00 TRACE 21596 --- [FLearn_SpringBoot] [  restartedMain] org.hibernate.orm.jdbc.bind              : binding parameter (10:VARCHAR) <- [ACTIVE]
2026-06-10T22:09:40.326+07:00 TRACE 21596 --- [FLearn_SpringBoot] [  restartedMain] org.hibernate.orm.jdbc.bind              : binding parameter (11:TIMESTAMP) <- [Wed Jun 10 22:09:40 ICT 2026]
2026-06-10T22:09:40.333+07:00 TRACE 21596 --- [FLearn_SpringBoot] [  restartedMain] org.hibernate.orm.jdbc.bind              : binding parameter (12:VARCHAR) <- [admin]
2026-06-10T22:09:40.333+07:00 TRACE 21596 --- [FLearn_SpringBoot] [  restartedMain] org.hibernate.orm.jdbc.bind              : binding parameter (13:INTEGER) <- [4]
2026-06-10T22:09:40.381+07:00  WARN 21596 --- [FLearn_SpringBoot] [  restartedMain] f.configuration.ApplicationInitConfig    : Admin user refreshed with username 'admin' and password 'admin'. Please change the password immediately after logging in.
2026-06-10T22:09:40.383+07:00  INFO 21596 --- [FLearn_SpringBoot] [  restartedMain] .ConditionEvaluationDeltaLoggingListener : Condition evaluation unchanged
2026-06-10T22:09:41.232+07:00  INFO 21596 --- [FLearn_SpringBoot] [   File Watcher] rtingClassPathChangeChangedEventListener : Restarting due to 2 class path changes (0 additions, 0 deletions, 2 modifications)
2026-06-10T22:09:41.238+07:00  INFO 21596 --- [FLearn_SpringBoot] [      Thread-66] o.s.boot.tomcat.GracefulShutdown         : Commencing graceful shutdown. Waiting for active requests to complete
2026-06-10T22:09:41.264+07:00  INFO 21596 --- [FLearn_SpringBoot] [tomcat-shutdown] o.s.boot.tomcat.GracefulShutdown         : Graceful shutdown complete
2026-06-10T22:09:41.268+07:00  INFO 21596 --- [FLearn_SpringBoot] [      Thread-66] j.LocalContainerEntityManagerFactoryBean : Closing JPA EntityManagerFactory for persistence unit 'default'
2026-06-10T22:09:41.268+07:00  INFO 21596 --- [FLearn_SpringBoot] [      Thread-66] com.zaxxer.hikari.HikariDataSource       : HikariPool-9 - Shutdown initiated...
2026-06-10T22:09:41.272+07:00  INFO 21596 --- [FLearn_SpringBoot] [      Thread-66] com.zaxxer.hikari.HikariDataSource       : HikariPool-9 - Shutdown completed.

  .   ____          _            __ _ _
 /\\ / ___'_ __ _ _(_)_ __  __ _ \ \ \ \
( ( )\___ | '_ | '_| | '_ \/ _` | \ \ \ \
 \\/  ___)| |_)| | | | | || (_| |  ) ) ) )
  '  |____| .__|_| |_|_| |_\__, | / / / /
 =========|_|==============|___/=/_/_/_/

 :: Spring Boot ::                (v4.0.6)

2026-06-10T22:09:41.497+07:00  INFO 21596 --- [FLearn_SpringBoot] [  restartedMain] flearn.FLearnSpringBootApplication       : Starting FLearnSpringBootApplication using Java 21.0.11 with PID 21596 (D:\SWP391\FLearn_\target\classes started by quynh anh in D:\SWP391\FLearn_)
2026-06-10T22:09:41.498+07:00  INFO 21596 --- [FLearn_SpringBoot] [  restartedMain] flearn.FLearnSpringBootApplication       : No active profile set, falling back to 1 default profile: "default"
2026-06-10T22:09:42.059+07:00  INFO 21596 --- [FLearn_SpringBoot] [  restartedMain] .s.d.r.c.RepositoryConfigurationDelegate : Bootstrapping Spring Data JPA repositories in DEFAULT mode.
2026-06-10T22:09:42.651+07:00  INFO 21596 --- [FLearn_SpringBoot] [  restartedMain] .s.d.r.c.RepositoryConfigurationDelegate : Finished Spring Data repository scanning in 583 ms. Found 13 JPA repository interfaces.
2026-06-10T22:09:43.423+07:00  INFO 21596 --- [FLearn_SpringBoot] [  restartedMain] o.s.boot.tomcat.TomcatWebServer          : Tomcat initialized with port 8081 (http)
2026-06-10T22:09:43.425+07:00  INFO 21596 --- [FLearn_SpringBoot] [  restartedMain] o.apache.catalina.core.StandardService   : Starting service [Tomcat]
2026-06-10T22:09:43.425+07:00  INFO 21596 --- [FLearn_SpringBoot] [  restartedMain] o.apache.catalina.core.StandardEngine    : Starting Servlet engine: [Apache Tomcat/11.0.21]
2026-06-10T22:09:43.597+07:00  INFO 21596 --- [FLearn_SpringBoot] [  restartedMain] b.w.c.s.WebApplicationContextInitializer : Root WebApplicationContext: initialization completed in 2095 ms
2026-06-10T22:09:43.773+07:00  INFO 21596 --- [FLearn_SpringBoot] [  restartedMain] org.hibernate.orm.jpa                    : HHH008540: Processing PersistenceUnitInfo [name: default]
2026-06-10T22:09:43.896+07:00  INFO 21596 --- [FLearn_SpringBoot] [  restartedMain] o.s.o.j.p.SpringPersistenceUnitInfo      : No LoadTimeWeaver setup: ignoring JPA class transformer
2026-06-10T22:09:43.899+07:00  INFO 21596 --- [FLearn_SpringBoot] [  restartedMain] com.zaxxer.hikari.HikariDataSource       : HikariPool-10 - Starting...
2026-06-10T22:09:43.942+07:00  INFO 21596 --- [FLearn_SpringBoot] [  restartedMain] com.zaxxer.hikari.pool.HikariPool        : HikariPool-10 - Added connection ConnectionID:96 ClientConnectionId: d3380909-040b-4a6f-850d-dd0514d8b277
2026-06-10T22:09:43.943+07:00  INFO 21596 --- [FLearn_SpringBoot] [  restartedMain] com.zaxxer.hikari.HikariDataSource       : HikariPool-10 - Start completed.
2026-06-10T22:09:44.028+07:00  WARN 21596 --- [FLearn_SpringBoot] [  restartedMain] org.hibernate.orm.deprecation            : HHH90000025: SQLServerDialect does not need to be specified explicitly using 'hibernate.dialect' (remove the property setting and it will be selected by default)
2026-06-10T22:09:44.036+07:00  INFO 21596 --- [FLearn_SpringBoot] [  restartedMain] org.hibernate.orm.connections.pooling    : HHH10001005: Database info:
	Database JDBC URL [jdbc:sqlserver://localhost:1433;concatNullYieldsNull=ON;quotedIdentifier=ON;connectRetryInterval=10;connectRetryCount=1;maxResultBuffer=-1;sendTemporalDataTypesAsStringForBulkCopy=true;delayLoadingLobs=true;useFmtOnly=false;vectorTypeSupport=v1;cacheBulkCopyMetadata=false;bulkCopyForBatchInsertAllowEncryptedValueModifications=false;bulkCopyForBatchInsertTableLock=false;bulkCopyForBatchInsertKeepNulls=false;bulkCopyForBatchInsertKeepIdentity=false;bulkCopyForBatchInsertFireTriggers=false;bulkCopyForBatchInsertCheckConstraints=false;bulkCopyForBatchInsertBatchSize=0;useBulkCopyForBatchInsert=false;cancelQueryTimeout=-1;sslProtocol=TLS;calcBigDecimalPrecision=false;useDefaultJaasConfig=false;jaasConfigurationName=SQLJDBCDriver;statementPoolingCacheSize=0;serverPreparedStatementDiscardThreshold=10;enablePrepareOnFirstPreparedStatementCall=false;fips=false;socketTimeout=0;authentication=NotSpecified;authenticationScheme=nativeAuthentication;xopenStates=false;datetimeParameterType=datetime2;sendTimeAsDatetime=true;replication=false;trustStoreType=JKS;trustServerCertificate=true;TransparentNetworkIPResolution=true;iPAddressPreference=IPv4First;serverNameAsACE=false;sendStringParametersAsUnicode=true;selectMethod=direct;responseBuffering=adaptive;queryTimeout=-1;packetSize=8000;multiSubnetFailover=false;loginTimeout=30;lockTimeout=-1;lastUpdateCount=true;useDefaultGSSCredential=false;prepareMethod=prepexec;encrypt=true;disableStatementPooling=true;databaseName=FLearnDB;columnEncryptionSetting=Disabled;applicationName=Microsoft JDBC Driver for SQL Server;applicationIntent=readwrite;]
	Database driver: Microsoft JDBC Driver 13.2 for SQL Server
	Database dialect: SQLServerDialect
	Database version: 16.0
	Default catalog/schema: FLearnDB/dbo
	Autocommit mode: undefined/unknown
	Isolation level: READ_COMMITTED [default READ_COMMITTED]
	JDBC fetch size: 128
	Pool: DataSourceConnectionProvider
	Minimum pool size: undefined/unknown
	Maximum pool size: undefined/unknown
2026-06-10T22:09:44.050+07:00  WARN 21596 --- [FLearn_SpringBoot] [  restartedMain] org.hibernate.orm.deprecation            : HHH90000033: Encountered use of deprecated annotation [interface jakarta.persistence.Temporal] at flearn.entity.ClassMember.joinedAt.
2026-06-10T22:09:44.071+07:00  WARN 21596 --- [FLearn_SpringBoot] [  restartedMain] org.hibernate.orm.deprecation            : HHH90000033: Encountered use of deprecated annotation [interface jakarta.persistence.Temporal] at flearn.entity.Classroom.createdAt.
2026-06-10T22:09:44.076+07:00  WARN 21596 --- [FLearn_SpringBoot] [  restartedMain] org.hibernate.orm.deprecation            : HHH90000033: Encountered use of deprecated annotation [interface jakarta.persistence.Temporal] at flearn.entity.Classroom.updatedAt.
2026-06-10T22:09:44.086+07:00  WARN 21596 --- [FLearn_SpringBoot] [  restartedMain] org.hibernate.orm.deprecation            : HHH90000033: Encountered use of deprecated annotation [interface jakarta.persistence.Temporal] at flearn.entity.Enrollment.approvedAt.
2026-06-10T22:09:44.087+07:00  WARN 21596 --- [FLearn_SpringBoot] [  restartedMain] org.hibernate.orm.deprecation            : HHH90000033: Encountered use of deprecated annotation [interface jakarta.persistence.Temporal] at flearn.entity.Enrollment.rejectedAt.
2026-06-10T22:09:44.089+07:00  WARN 21596 --- [FLearn_SpringBoot] [  restartedMain] org.hibernate.orm.deprecation            : HHH90000033: Encountered use of deprecated annotation [interface jakarta.persistence.Temporal] at flearn.entity.Enrollment.removedAt.
2026-06-10T22:09:44.089+07:00  WARN 21596 --- [FLearn_SpringBoot] [  restartedMain] org.hibernate.orm.deprecation            : HHH90000033: Encountered use of deprecated annotation [interface jakarta.persistence.Temporal] at flearn.entity.Enrollment.requestedAt.
2026-06-10T22:09:44.103+07:00  WARN 21596 --- [FLearn_SpringBoot] [  restartedMain] org.hibernate.orm.deprecation            : HHH90000033: Encountered use of deprecated annotation [interface jakarta.persistence.Temporal] at flearn.entity.Lesson.createdAt.
2026-06-10T22:09:44.113+07:00  WARN 21596 --- [FLearn_SpringBoot] [  restartedMain] org.hibernate.orm.deprecation            : HHH90000033: Encountered use of deprecated annotation [interface jakarta.persistence.Temporal] at flearn.entity.Lesson.updatedAt.
2026-06-10T22:09:44.119+07:00  WARN 21596 --- [FLearn_SpringBoot] [  restartedMain] org.hibernate.orm.deprecation            : HHH90000033: Encountered use of deprecated annotation [interface jakarta.persistence.Temporal] at flearn.entity.LessonCompletion.completedAt.
2026-06-10T22:09:44.127+07:00  WARN 21596 --- [FLearn_SpringBoot] [  restartedMain] org.hibernate.orm.deprecation            : HHH90000033: Encountered use of deprecated annotation [interface jakarta.persistence.Temporal] at flearn.entity.Material.createdAt.
2026-06-10T22:09:44.128+07:00  WARN 21596 --- [FLearn_SpringBoot] [  restartedMain] org.hibernate.orm.deprecation            : HHH90000033: Encountered use of deprecated annotation [interface jakarta.persistence.Temporal] at flearn.entity.Material.updatedAt.
2026-06-10T22:09:44.133+07:00  WARN 21596 --- [FLearn_SpringBoot] [  restartedMain] org.hibernate.orm.deprecation            : HHH90000033: Encountered use of deprecated annotation [interface jakarta.persistence.Temporal] at flearn.entity.MaterialTracking.viewedAt.
2026-06-10T22:09:44.147+07:00  WARN 21596 --- [FLearn_SpringBoot] [  restartedMain] org.hibernate.orm.deprecation            : HHH90000033: Encountered use of deprecated annotation [interface jakarta.persistence.Temporal] at flearn.entity.QuizResult.completedAt.
2026-06-10T22:09:44.150+07:00  WARN 21596 --- [FLearn_SpringBoot] [  restartedMain] org.hibernate.orm.deprecation            : HHH90000033: Encountered use of deprecated annotation [interface jakarta.persistence.Temporal] at flearn.entity.Roadmap.createdAt.
2026-06-10T22:09:44.151+07:00  WARN 21596 --- [FLearn_SpringBoot] [  restartedMain] org.hibernate.orm.deprecation            : HHH90000033: Encountered use of deprecated annotation [interface jakarta.persistence.Temporal] at flearn.entity.Roadmap.updatedAt.
2026-06-10T22:09:44.155+07:00  WARN 21596 --- [FLearn_SpringBoot] [  restartedMain] org.hibernate.orm.deprecation            : HHH90000033: Encountered use of deprecated annotation [interface jakarta.persistence.Temporal] at flearn.entity.User.createdAt.
2026-06-10T22:09:44.156+07:00  WARN 21596 --- [FLearn_SpringBoot] [  restartedMain] org.hibernate.orm.deprecation            : HHH90000033: Encountered use of deprecated annotation [interface jakarta.persistence.Temporal] at flearn.entity.User.resetTokenExpiry.
2026-06-10T22:09:44.156+07:00  WARN 21596 --- [FLearn_SpringBoot] [  restartedMain] org.hibernate.orm.deprecation            : HHH90000033: Encountered use of deprecated annotation [interface jakarta.persistence.Temporal] at flearn.entity.User.updatedAt.
2026-06-10T22:09:44.949+07:00  INFO 21596 --- [FLearn_SpringBoot] [  restartedMain] org.hibernate.orm.core                   : HHH000489: No JTA platform available (set 'hibernate.transaction.jta.platform' to enable JTA platform integration)
2026-06-10T22:09:45.997+07:00 DEBUG 21596 --- [FLearn_SpringBoot] [  restartedMain] org.hibernate.SQL                        : 
    alter table [Lessons] 
       alter column [Content] NVARCHAR(MAX)
Hibernate: 
    alter table [Lessons] 
       alter column [Content] NVARCHAR(MAX)
2026-06-10T22:09:46.002+07:00 DEBUG 21596 --- [FLearn_SpringBoot] [  restartedMain] org.hibernate.SQL                        : 
    alter table [Questions] 
       alter column [OptionA] NVARCHAR(500)
Hibernate: 
    alter table [Questions] 
       alter column [OptionA] NVARCHAR(500)
2026-06-10T22:09:46.004+07:00 DEBUG 21596 --- [FLearn_SpringBoot] [  restartedMain] org.hibernate.SQL                        : 
    alter table [Questions] 
       alter column [OptionB] NVARCHAR(500)
Hibernate: 
    alter table [Questions] 
       alter column [OptionB] NVARCHAR(500)
2026-06-10T22:09:46.006+07:00 DEBUG 21596 --- [FLearn_SpringBoot] [  restartedMain] org.hibernate.SQL                        : 
    alter table [Questions] 
       alter column [OptionC] NVARCHAR(500)
Hibernate: 
    alter table [Questions] 
       alter column [OptionC] NVARCHAR(500)
2026-06-10T22:09:46.008+07:00 DEBUG 21596 --- [FLearn_SpringBoot] [  restartedMain] org.hibernate.SQL                        : 
    alter table [Questions] 
       alter column [OptionD] NVARCHAR(500)
Hibernate: 
    alter table [Questions] 
       alter column [OptionD] NVARCHAR(500)
2026-06-10T22:09:46.012+07:00 DEBUG 21596 --- [FLearn_SpringBoot] [  restartedMain] org.hibernate.SQL                        : 
    alter table [Questions] 
       alter column [QuestionText] NVARCHAR(MAX)
Hibernate: 
    alter table [Questions] 
       alter column [QuestionText] NVARCHAR(MAX)
2026-06-10T22:09:46.014+07:00 DEBUG 21596 --- [FLearn_SpringBoot] [  restartedMain] org.hibernate.SQL                        : 
    alter table [Quizzes] 
       alter column [Title] NVARCHAR(200)
Hibernate: 
    alter table [Quizzes] 
       alter column [Title] NVARCHAR(200)
2026-06-10T22:09:47.983+07:00  INFO 21596 --- [FLearn_SpringBoot] [  restartedMain] j.LocalContainerEntityManagerFactoryBean : Initialized JPA EntityManagerFactory for persistence unit 'default'
2026-06-10T22:09:48.885+07:00  WARN 21596 --- [FLearn_SpringBoot] [  restartedMain] JpaBaseConfiguration$JpaWebConfiguration : spring.jpa.open-in-view is enabled by default. Therefore, database queries may be performed during view rendering. Explicitly configure spring.jpa.open-in-view to disable this warning
2026-06-10T22:09:48.975+07:00  INFO 21596 --- [FLearn_SpringBoot] [  restartedMain] r$InitializeUserDetailsManagerConfigurer : Global AuthenticationManager configured with UserDetailsService bean with name customUserDetailsService
2026-06-10T22:09:49.324+07:00  WARN 21596 --- [FLearn_SpringBoot] [  restartedMain] o.s.w.s.resource.ResourceHandlerUtils    : Appended trailing slash to static resource location: file:///D:/SWP391/FLearn_/uploads/
2026-06-10T22:09:49.534+07:00  INFO 21596 --- [FLearn_SpringBoot] [  restartedMain] o.s.boot.tomcat.TomcatWebServer          : Tomcat started on port 8081 (http) with context path '/'
2026-06-10T22:09:49.548+07:00  INFO 21596 --- [FLearn_SpringBoot] [  restartedMain] flearn.FLearnSpringBootApplication       : Started FLearnSpringBootApplication in 8.148 seconds (process running for 4852.391)
2026-06-10T22:09:49.681+07:00 DEBUG 21596 --- [FLearn_SpringBoot] [  restartedMain] org.hibernate.SQL                        : 
    select
        u1_0.[UserID],
        u1_0.[CreatedAt],
        u1_0.[Department],
        u1_0.[Email],
        u1_0.[FullName],
        u1_0.[IsActive],
        u1_0.[PasswordHash],
        u1_0.[Phone],
        u1_0.[ResetToken],
        u1_0.[ResetTokenExpiry],
        u1_0.[Role],
        u1_0.[Status],
        u1_0.[UpdatedAt],
        u1_0.[Username] 
    from
        [Users] u1_0 
    where
        u1_0.[Username]=?
Hibernate: 
    select
        u1_0.[UserID],
        u1_0.[CreatedAt],
        u1_0.[Department],
        u1_0.[Email],
        u1_0.[FullName],
        u1_0.[IsActive],
        u1_0.[PasswordHash],
        u1_0.[Phone],
        u1_0.[ResetToken],
        u1_0.[ResetTokenExpiry],
        u1_0.[Role],
        u1_0.[Status],
        u1_0.[UpdatedAt],
        u1_0.[Username] 
    from
        [Users] u1_0 
    where
        u1_0.[Username]=?
2026-06-10T22:09:49.681+07:00 TRACE 21596 --- [FLearn_SpringBoot] [  restartedMain] org.hibernate.orm.jdbc.bind              : binding parameter (1:VARCHAR) <- [admin]
2026-06-10T22:09:49.902+07:00 DEBUG 21596 --- [FLearn_SpringBoot] [  restartedMain] org.hibernate.SQL                        : 
    select
        u1_0.[UserID],
        u1_0.[CreatedAt],
        u1_0.[Department],
        u1_0.[Email],
        u1_0.[FullName],
        u1_0.[IsActive],
        u1_0.[PasswordHash],
        u1_0.[Phone],
        u1_0.[ResetToken],
        u1_0.[ResetTokenExpiry],
        u1_0.[Role],
        u1_0.[Status],
        u1_0.[UpdatedAt],
        u1_0.[Username] 
    from
        [Users] u1_0 
    where
        u1_0.[UserID]=?
Hibernate: 
    select
        u1_0.[UserID],
        u1_0.[CreatedAt],
        u1_0.[Department],
        u1_0.[Email],
        u1_0.[FullName],
        u1_0.[IsActive],
        u1_0.[PasswordHash],
        u1_0.[Phone],
        u1_0.[ResetToken],
        u1_0.[ResetTokenExpiry],
        u1_0.[Role],
        u1_0.[Status],
        u1_0.[UpdatedAt],
        u1_0.[Username] 
    from
        [Users] u1_0 
    where
        u1_0.[UserID]=?
2026-06-10T22:09:49.902+07:00 TRACE 21596 --- [FLearn_SpringBoot] [  restartedMain] org.hibernate.orm.jdbc.bind              : binding parameter (1:INTEGER) <- [4]
2026-06-10T22:09:49.912+07:00 DEBUG 21596 --- [FLearn_SpringBoot] [  restartedMain] org.hibernate.SQL                        : 
    update
        [Users] 
    set
        [Department]=?,
        [Email]=?,
        [FullName]=?,
        [IsActive]=?,
        [PasswordHash]=?,
        [Phone]=?,
        [ResetToken]=?,
        [ResetTokenExpiry]=?,
        [Role]=?,
        [Status]=?,
        [UpdatedAt]=?,
        [Username]=? 
    where
        [UserID]=?
Hibernate: 
    update
        [Users] 
    set
        [Department]=?,
        [Email]=?,
        [FullName]=?,
        [IsActive]=?,
        [PasswordHash]=?,
        [Phone]=?,
        [ResetToken]=?,
        [ResetTokenExpiry]=?,
        [Role]=?,
        [Status]=?,
        [UpdatedAt]=?,
        [Username]=? 
    where
        [UserID]=?
2026-06-10T22:09:49.912+07:00 TRACE 21596 --- [FLearn_SpringBoot] [  restartedMain] org.hibernate.orm.jdbc.bind              : binding parameter (1:VARCHAR) <- [null]
2026-06-10T22:09:49.912+07:00 TRACE 21596 --- [FLearn_SpringBoot] [  restartedMain] org.hibernate.orm.jdbc.bind              : binding parameter (2:VARCHAR) <- [admin@flearn.local]
2026-06-10T22:09:49.912+07:00 TRACE 21596 --- [FLearn_SpringBoot] [  restartedMain] org.hibernate.orm.jdbc.bind              : binding parameter (3:VARCHAR) <- [FLearn Administrator]
2026-06-10T22:09:49.912+07:00 TRACE 21596 --- [FLearn_SpringBoot] [  restartedMain] org.hibernate.orm.jdbc.bind              : binding parameter (4:BOOLEAN) <- [true]
2026-06-10T22:09:49.912+07:00 TRACE 21596 --- [FLearn_SpringBoot] [  restartedMain] org.hibernate.orm.jdbc.bind              : binding parameter (5:VARCHAR) <- [$2a$10$8CAGEN8t5h2/ePsLUiV36.dzIs1SKsIPyj/glY1k51aj6m3cRQixq]
2026-06-10T22:09:49.912+07:00 TRACE 21596 --- [FLearn_SpringBoot] [  restartedMain] org.hibernate.orm.jdbc.bind              : binding parameter (6:VARCHAR) <- [null]
2026-06-10T22:09:49.912+07:00 TRACE 21596 --- [FLearn_SpringBoot] [  restartedMain] org.hibernate.orm.jdbc.bind              : binding parameter (7:VARCHAR) <- [null]
2026-06-10T22:09:49.912+07:00 TRACE 21596 --- [FLearn_SpringBoot] [  restartedMain] org.hibernate.orm.jdbc.bind              : binding parameter (8:TIMESTAMP) <- [null]
2026-06-10T22:09:49.912+07:00 TRACE 21596 --- [FLearn_SpringBoot] [  restartedMain] org.hibernate.orm.jdbc.bind              : binding parameter (9:INTEGER) <- [0]
2026-06-10T22:09:49.912+07:00 TRACE 21596 --- [FLearn_SpringBoot] [  restartedMain] org.hibernate.orm.jdbc.bind              : binding parameter (10:VARCHAR) <- [ACTIVE]
2026-06-10T22:09:49.913+07:00 TRACE 21596 --- [FLearn_SpringBoot] [  restartedMain] org.hibernate.orm.jdbc.bind              : binding parameter (11:TIMESTAMP) <- [Wed Jun 10 22:09:49 ICT 2026]
2026-06-10T22:09:49.913+07:00 TRACE 21596 --- [FLearn_SpringBoot] [  restartedMain] org.hibernate.orm.jdbc.bind              : binding parameter (12:VARCHAR) <- [admin]
2026-06-10T22:09:49.913+07:00 TRACE 21596 --- [FLearn_SpringBoot] [  restartedMain] org.hibernate.orm.jdbc.bind              : binding parameter (13:INTEGER) <- [4]
2026-06-10T22:09:49.937+07:00  WARN 21596 --- [FLearn_SpringBoot] [  restartedMain] f.configuration.ApplicationInitConfig    : Admin user refreshed with username 'admin' and password 'admin'. Please change the password immediately after logging in.
2026-06-10T22:09:49.938+07:00  INFO 21596 --- [FLearn_SpringBoot] [  restartedMain] .ConditionEvaluationDeltaLoggingListener : Condition evaluation unchanged
2026-06-10T22:14:46.115+07:00  INFO 21596 --- [FLearn_SpringBoot] [nio-8081-exec-1] o.a.c.c.C.[Tomcat-2].[localhost].[/]     : Initializing Spring DispatcherServlet 'dispatcherServlet'
2026-06-10T22:14:46.137+07:00  INFO 21596 --- [FLearn_SpringBoot] [nio-8081-exec-1] o.s.web.servlet.DispatcherServlet        : Initializing Servlet 'dispatcherServlet'
2026-06-10T22:14:46.314+07:00  INFO 21596 --- [FLearn_SpringBoot] [nio-8081-exec-1] o.s.web.servlet.DispatcherServlet        : Completed initialization in 175 ms
2026-06-10T22:14:46.633+07:00 DEBUG 21596 --- [FLearn_SpringBoot] [nio-8081-exec-1] org.hibernate.SQL                        : 
    select
        ss1_0.[SettingID],
        ss1_0.[SettingKey],
        ss1_0.[SettingValue] 
    from
        [SystemSettings] ss1_0 
    where
        ss1_0.[SettingKey]=?
Hibernate: 
    select
        ss1_0.[SettingID],
        ss1_0.[SettingKey],
        ss1_0.[SettingValue] 
    from
        [SystemSettings] ss1_0 
    where
        ss1_0.[SettingKey]=?
2026-06-10T22:14:46.636+07:00 TRACE 21596 --- [FLearn_SpringBoot] [nio-8081-exec-1] org.hibernate.orm.jdbc.bind              : binding parameter (1:VARCHAR) <- [MAINTENANCE_MODE]
2026-06-10T22:14:47.411+07:00 DEBUG 21596 --- [FLearn_SpringBoot] [nio-8081-exec-2] org.hibernate.SQL                        : 
    select
        ss1_0.[SettingID],
        ss1_0.[SettingKey],
        ss1_0.[SettingValue] 
    from
        [SystemSettings] ss1_0 
    where
        ss1_0.[SettingKey]=?
Hibernate: 
    select
        ss1_0.[SettingID],
        ss1_0.[SettingKey],
        ss1_0.[SettingValue] 
    from
        [SystemSettings] ss1_0 
    where
        ss1_0.[SettingKey]=?
2026-06-10T22:14:47.412+07:00 TRACE 21596 --- [FLearn_SpringBoot] [nio-8081-exec-2] org.hibernate.orm.jdbc.bind              : binding parameter (1:VARCHAR) <- [MAINTENANCE_MODE]
2026-06-10T22:15:00.605+07:00 DEBUG 21596 --- [FLearn_SpringBoot] [nio-8081-exec-3] org.hibernate.SQL                        : 
    select
        u1_0.[UserID],
        u1_0.[CreatedAt],
        u1_0.[Department],
        u1_0.[Email],
        u1_0.[FullName],
        u1_0.[IsActive],
        u1_0.[PasswordHash],
        u1_0.[Phone],
        u1_0.[ResetToken],
        u1_0.[ResetTokenExpiry],
        u1_0.[Role],
        u1_0.[Status],
        u1_0.[UpdatedAt],
        u1_0.[Username] 
    from
        [Users] u1_0 
    where
        u1_0.[Username]=?
Hibernate: 
    select
        u1_0.[UserID],
        u1_0.[CreatedAt],
        u1_0.[Department],
        u1_0.[Email],
        u1_0.[FullName],
        u1_0.[IsActive],
        u1_0.[PasswordHash],
        u1_0.[Phone],
        u1_0.[ResetToken],
        u1_0.[ResetTokenExpiry],
        u1_0.[Role],
        u1_0.[Status],
        u1_0.[UpdatedAt],
        u1_0.[Username] 
    from
        [Users] u1_0 
    where
        u1_0.[Username]=?
2026-06-10T22:15:00.606+07:00 TRACE 21596 --- [FLearn_SpringBoot] [nio-8081-exec-3] org.hibernate.orm.jdbc.bind              : binding parameter (1:VARCHAR) <- [teacher_test1]
2026-06-10T22:15:00.876+07:00 DEBUG 21596 --- [FLearn_SpringBoot] [nio-8081-exec-4] org.hibernate.SQL                        : 
    select
        ss1_0.[SettingID],
        ss1_0.[SettingKey],
        ss1_0.[SettingValue] 
    from
        [SystemSettings] ss1_0 
    where
        ss1_0.[SettingKey]=?
Hibernate: 
    select
        ss1_0.[SettingID],
        ss1_0.[SettingKey],
        ss1_0.[SettingValue] 
    from
        [SystemSettings] ss1_0 
    where
        ss1_0.[SettingKey]=?
2026-06-10T22:15:00.876+07:00 TRACE 21596 --- [FLearn_SpringBoot] [nio-8081-exec-4] org.hibernate.orm.jdbc.bind              : binding parameter (1:VARCHAR) <- [MAINTENANCE_MODE]
2026-06-10T22:15:01.062+07:00 DEBUG 21596 --- [FLearn_SpringBoot] [nio-8081-exec-5] org.hibernate.SQL                        : 
    select
        ss1_0.[SettingID],
        ss1_0.[SettingKey],
        ss1_0.[SettingValue] 
    from
        [SystemSettings] ss1_0 
    where
        ss1_0.[SettingKey]=?
Hibernate: 
    select
        ss1_0.[SettingID],
        ss1_0.[SettingKey],
        ss1_0.[SettingValue] 
    from
        [SystemSettings] ss1_0 
    where
        ss1_0.[SettingKey]=?
2026-06-10T22:15:01.064+07:00 TRACE 21596 --- [FLearn_SpringBoot] [nio-8081-exec-5] org.hibernate.orm.jdbc.bind              : binding parameter (1:VARCHAR) <- [MAINTENANCE_MODE]
2026-06-10T22:15:01.171+07:00 DEBUG 21596 --- [FLearn_SpringBoot] [nio-8081-exec-6] org.hibernate.SQL                        : 
    select
        ss1_0.[SettingID],
        ss1_0.[SettingKey],
        ss1_0.[SettingValue] 
    from
        [SystemSettings] ss1_0 
    where
        ss1_0.[SettingKey]=?
Hibernate: 
    select
        ss1_0.[SettingID],
        ss1_0.[SettingKey],
        ss1_0.[SettingValue] 
    from
        [SystemSettings] ss1_0 
    where
        ss1_0.[SettingKey]=?
2026-06-10T22:15:01.172+07:00 TRACE 21596 --- [FLearn_SpringBoot] [nio-8081-exec-6] org.hibernate.orm.jdbc.bind              : binding parameter (1:VARCHAR) <- [MAINTENANCE_MODE]
2026-06-10T22:15:01.294+07:00 DEBUG 21596 --- [FLearn_SpringBoot] [nio-8081-exec-6] org.hibernate.SQL                        : 
    select
        c1_0.[ClassID],
        c1_0.[ClassName],
        c1_0.[CreatedAt],
        c1_0.[Description],
        c1_0.[EndDate],
        c1_0.[InviteCode],
        c1_0.[IsActive],
        c1_0.[StartDate],
        c1_0.[Status],
        c1_0.[TeacherID],
        c1_0.[UpdatedAt] 
    from
        [Classes] c1_0 
    where
        c1_0.[TeacherID]=? 
        and c1_0.[Status]<>?
Hibernate: 
    select
        c1_0.[ClassID],
        c1_0.[ClassName],
        c1_0.[CreatedAt],
        c1_0.[Description],
        c1_0.[EndDate],
        c1_0.[InviteCode],
        c1_0.[IsActive],
        c1_0.[StartDate],
        c1_0.[Status],
        c1_0.[TeacherID],
        c1_0.[UpdatedAt] 
    from
        [Classes] c1_0 
    where
        c1_0.[TeacherID]=? 
        and c1_0.[Status]<>?
2026-06-10T22:15:01.295+07:00 TRACE 21596 --- [FLearn_SpringBoot] [nio-8081-exec-6] org.hibernate.orm.jdbc.bind              : binding parameter (1:INTEGER) <- [8]
2026-06-10T22:15:01.295+07:00 TRACE 21596 --- [FLearn_SpringBoot] [nio-8081-exec-6] org.hibernate.orm.jdbc.bind              : binding parameter (2:VARCHAR) <- [CLOSED]
2026-06-10T22:15:01.325+07:00 DEBUG 21596 --- [FLearn_SpringBoot] [nio-8081-exec-6] org.hibernate.SQL                        : 
    select
        u1_0.[UserID],
        u1_0.[CreatedAt],
        u1_0.[Department],
        u1_0.[Email],
        u1_0.[FullName],
        u1_0.[IsActive],
        u1_0.[PasswordHash],
        u1_0.[Phone],
        u1_0.[ResetToken],
        u1_0.[ResetTokenExpiry],
        u1_0.[Role],
        u1_0.[Status],
        u1_0.[UpdatedAt],
        u1_0.[Username] 
    from
        [Users] u1_0 
    where
        u1_0.[UserID]=?
Hibernate: 
    select
        u1_0.[UserID],
        u1_0.[CreatedAt],
        u1_0.[Department],
        u1_0.[Email],
        u1_0.[FullName],
        u1_0.[IsActive],
        u1_0.[PasswordHash],
        u1_0.[Phone],
        u1_0.[ResetToken],
        u1_0.[ResetTokenExpiry],
        u1_0.[Role],
        u1_0.[Status],
        u1_0.[UpdatedAt],
        u1_0.[Username] 
    from
        [Users] u1_0 
    where
        u1_0.[UserID]=?
2026-06-10T22:15:01.326+07:00 TRACE 21596 --- [FLearn_SpringBoot] [nio-8081-exec-6] org.hibernate.orm.jdbc.bind              : binding parameter (1:INTEGER) <- [8]
2026-06-10T22:15:01.507+07:00 DEBUG 21596 --- [FLearn_SpringBoot] [nio-8081-exec-7] org.hibernate.SQL                        : 
    select
        ss1_0.[SettingID],
        ss1_0.[SettingKey],
        ss1_0.[SettingValue] 
    from
        [SystemSettings] ss1_0 
    where
        ss1_0.[SettingKey]=?
Hibernate: 
    select
        ss1_0.[SettingID],
        ss1_0.[SettingKey],
        ss1_0.[SettingValue] 
    from
        [SystemSettings] ss1_0 
    where
        ss1_0.[SettingKey]=?
2026-06-10T22:15:01.508+07:00 TRACE 21596 --- [FLearn_SpringBoot] [nio-8081-exec-7] org.hibernate.orm.jdbc.bind              : binding parameter (1:VARCHAR) <- [MAINTENANCE_MODE]
2026-06-10T22:15:05.344+07:00 DEBUG 21596 --- [FLearn_SpringBoot] [nio-8081-exec-8] org.hibernate.SQL                        : 
    select
        ss1_0.[SettingID],
        ss1_0.[SettingKey],
        ss1_0.[SettingValue] 
    from
        [SystemSettings] ss1_0 
    where
        ss1_0.[SettingKey]=?
Hibernate: 
    select
        ss1_0.[SettingID],
        ss1_0.[SettingKey],
        ss1_0.[SettingValue] 
    from
        [SystemSettings] ss1_0 
    where
        ss1_0.[SettingKey]=?
2026-06-10T22:15:05.345+07:00 TRACE 21596 --- [FLearn_SpringBoot] [nio-8081-exec-8] org.hibernate.orm.jdbc.bind              : binding parameter (1:VARCHAR) <- [MAINTENANCE_MODE]
2026-06-10T22:15:05.368+07:00 DEBUG 21596 --- [FLearn_SpringBoot] [nio-8081-exec-8] org.hibernate.SQL                        : 
    select
        c1_0.[ClassID],
        c1_0.[ClassName],
        c1_0.[CreatedAt],
        c1_0.[Description],
        c1_0.[EndDate],
        c1_0.[InviteCode],
        c1_0.[IsActive],
        c1_0.[StartDate],
        c1_0.[Status],
        c1_0.[TeacherID],
        c1_0.[UpdatedAt] 
    from
        [Classes] c1_0 
    where
        c1_0.[TeacherID]=? 
        and c1_0.[Status]<>?
Hibernate: 
    select
        c1_0.[ClassID],
        c1_0.[ClassName],
        c1_0.[CreatedAt],
        c1_0.[Description],
        c1_0.[EndDate],
        c1_0.[InviteCode],
        c1_0.[IsActive],
        c1_0.[StartDate],
        c1_0.[Status],
        c1_0.[TeacherID],
        c1_0.[UpdatedAt] 
    from
        [Classes] c1_0 
    where
        c1_0.[TeacherID]=? 
        and c1_0.[Status]<>?
2026-06-10T22:15:05.369+07:00 TRACE 21596 --- [FLearn_SpringBoot] [nio-8081-exec-8] org.hibernate.orm.jdbc.bind              : binding parameter (1:INTEGER) <- [8]
2026-06-10T22:15:05.369+07:00 TRACE 21596 --- [FLearn_SpringBoot] [nio-8081-exec-8] org.hibernate.orm.jdbc.bind              : binding parameter (2:VARCHAR) <- [CLOSED]
2026-06-10T22:15:05.386+07:00 DEBUG 21596 --- [FLearn_SpringBoot] [nio-8081-exec-8] org.hibernate.SQL                        : 
    select
        u1_0.[UserID],
        u1_0.[CreatedAt],
        u1_0.[Department],
        u1_0.[Email],
        u1_0.[FullName],
        u1_0.[IsActive],
        u1_0.[PasswordHash],
        u1_0.[Phone],
        u1_0.[ResetToken],
        u1_0.[ResetTokenExpiry],
        u1_0.[Role],
        u1_0.[Status],
        u1_0.[UpdatedAt],
        u1_0.[Username] 
    from
        [Users] u1_0 
    where
        u1_0.[UserID]=?
Hibernate: 
    select
        u1_0.[UserID],
        u1_0.[CreatedAt],
        u1_0.[Department],
        u1_0.[Email],
        u1_0.[FullName],
        u1_0.[IsActive],
        u1_0.[PasswordHash],
        u1_0.[Phone],
        u1_0.[ResetToken],
        u1_0.[ResetTokenExpiry],
        u1_0.[Role],
        u1_0.[Status],
        u1_0.[UpdatedAt],
        u1_0.[Username] 
    from
        [Users] u1_0 
    where
        u1_0.[UserID]=?
2026-06-10T22:15:05.387+07:00 TRACE 21596 --- [FLearn_SpringBoot] [nio-8081-exec-8] org.hibernate.orm.jdbc.bind              : binding parameter (1:INTEGER) <- [8]
2026-06-10T22:15:05.593+07:00 DEBUG 21596 --- [FLearn_SpringBoot] [nio-8081-exec-9] org.hibernate.SQL                        : 
    select
        ss1_0.[SettingID],
        ss1_0.[SettingKey],
        ss1_0.[SettingValue] 
    from
        [SystemSettings] ss1_0 
    where
        ss1_0.[SettingKey]=?
Hibernate: 
    select
        ss1_0.[SettingID],
        ss1_0.[SettingKey],
        ss1_0.[SettingValue] 
    from
        [SystemSettings] ss1_0 
    where
        ss1_0.[SettingKey]=?
2026-06-10T22:15:05.594+07:00 TRACE 21596 --- [FLearn_SpringBoot] [nio-8081-exec-9] org.hibernate.orm.jdbc.bind              : binding parameter (1:VARCHAR) <- [MAINTENANCE_MODE]
2026-06-10T22:15:09.341+07:00 DEBUG 21596 --- [FLearn_SpringBoot] [io-8081-exec-10] org.hibernate.SQL                        : 
    select
        ss1_0.[SettingID],
        ss1_0.[SettingKey],
        ss1_0.[SettingValue] 
    from
        [SystemSettings] ss1_0 
    where
        ss1_0.[SettingKey]=?
Hibernate: 
    select
        ss1_0.[SettingID],
        ss1_0.[SettingKey],
        ss1_0.[SettingValue] 
    from
        [SystemSettings] ss1_0 
    where
        ss1_0.[SettingKey]=?
2026-06-10T22:15:09.342+07:00 TRACE 21596 --- [FLearn_SpringBoot] [io-8081-exec-10] org.hibernate.orm.jdbc.bind              : binding parameter (1:VARCHAR) <- [MAINTENANCE_MODE]
2026-06-10T22:15:09.399+07:00 DEBUG 21596 --- [FLearn_SpringBoot] [io-8081-exec-10] org.hibernate.SQL                        : 
    select
        c1_0.[ClassID],
        c1_0.[ClassName],
        c1_0.[CreatedAt],
        c1_0.[Description],
        c1_0.[EndDate],
        c1_0.[InviteCode],
        c1_0.[IsActive],
        c1_0.[StartDate],
        c1_0.[Status],
        c1_0.[TeacherID],
        c1_0.[UpdatedAt] 
    from
        [Classes] c1_0 
    where
        c1_0.[ClassID]=?
Hibernate: 
    select
        c1_0.[ClassID],
        c1_0.[ClassName],
        c1_0.[CreatedAt],
        c1_0.[Description],
        c1_0.[EndDate],
        c1_0.[InviteCode],
        c1_0.[IsActive],
        c1_0.[StartDate],
        c1_0.[Status],
        c1_0.[TeacherID],
        c1_0.[UpdatedAt] 
    from
        [Classes] c1_0 
    where
        c1_0.[ClassID]=?
2026-06-10T22:15:09.400+07:00 TRACE 21596 --- [FLearn_SpringBoot] [io-8081-exec-10] org.hibernate.orm.jdbc.bind              : binding parameter (1:INTEGER) <- [2]
2026-06-10T22:15:09.429+07:00 DEBUG 21596 --- [FLearn_SpringBoot] [io-8081-exec-10] org.hibernate.SQL                        : 
    select
        u1_0.[UserID],
        u1_0.[CreatedAt],
        u1_0.[Department],
        u1_0.[Email],
        u1_0.[FullName],
        u1_0.[IsActive],
        u1_0.[PasswordHash],
        u1_0.[Phone],
        u1_0.[ResetToken],
        u1_0.[ResetTokenExpiry],
        u1_0.[Role],
        u1_0.[Status],
        u1_0.[UpdatedAt],
        u1_0.[Username] 
    from
        [Users] u1_0 
    where
        u1_0.[UserID]=?
Hibernate: 
    select
        u1_0.[UserID],
        u1_0.[CreatedAt],
        u1_0.[Department],
        u1_0.[Email],
        u1_0.[FullName],
        u1_0.[IsActive],
        u1_0.[PasswordHash],
        u1_0.[Phone],
        u1_0.[ResetToken],
        u1_0.[ResetTokenExpiry],
        u1_0.[Role],
        u1_0.[Status],
        u1_0.[UpdatedAt],
        u1_0.[Username] 
    from
        [Users] u1_0 
    where
        u1_0.[UserID]=?
2026-06-10T22:15:09.432+07:00 TRACE 21596 --- [FLearn_SpringBoot] [io-8081-exec-10] org.hibernate.orm.jdbc.bind              : binding parameter (1:INTEGER) <- [8]
2026-06-10T22:15:09.702+07:00 DEBUG 21596 --- [FLearn_SpringBoot] [io-8081-exec-10] org.hibernate.SQL                        : 
    select
        r1_0.[RoadmapID],
        r1_0.[ClassID],
        r1_0.[CreatedAt],
        r1_0.[Description],
        r1_0.[Published],
        r1_0.[Title],
        r1_0.[UpdatedAt] 
    from
        [Roadmaps] r1_0 
    where
        r1_0.[ClassID]=? 
    order by
        r1_0.[CreatedAt] desc
Hibernate: 
    select
        r1_0.[RoadmapID],
        r1_0.[ClassID],
        r1_0.[CreatedAt],
        r1_0.[Description],
        r1_0.[Published],
        r1_0.[Title],
        r1_0.[UpdatedAt] 
    from
        [Roadmaps] r1_0 
    where
        r1_0.[ClassID]=? 
    order by
        r1_0.[CreatedAt] desc
2026-06-10T22:15:09.702+07:00 TRACE 21596 --- [FLearn_SpringBoot] [io-8081-exec-10] org.hibernate.orm.jdbc.bind              : binding parameter (1:INTEGER) <- [2]
2026-06-10T22:15:09.869+07:00 DEBUG 21596 --- [FLearn_SpringBoot] [nio-8081-exec-1] org.hibernate.SQL                        : 
    select
        ss1_0.[SettingID],
        ss1_0.[SettingKey],
        ss1_0.[SettingValue] 
    from
        [SystemSettings] ss1_0 
    where
        ss1_0.[SettingKey]=?
Hibernate: 
    select
        ss1_0.[SettingID],
        ss1_0.[SettingKey],
        ss1_0.[SettingValue] 
    from
        [SystemSettings] ss1_0 
    where
        ss1_0.[SettingKey]=?
2026-06-10T22:15:09.870+07:00 TRACE 21596 --- [FLearn_SpringBoot] [nio-8081-exec-1] org.hibernate.orm.jdbc.bind              : binding parameter (1:VARCHAR) <- [MAINTENANCE_MODE]
2026-06-10T22:15:14.609+07:00 DEBUG 21596 --- [FLearn_SpringBoot] [nio-8081-exec-2] org.hibernate.SQL                        : 
    select
        ss1_0.[SettingID],
        ss1_0.[SettingKey],
        ss1_0.[SettingValue] 
    from
        [SystemSettings] ss1_0 
    where
        ss1_0.[SettingKey]=?
Hibernate: 
    select
        ss1_0.[SettingID],
        ss1_0.[SettingKey],
        ss1_0.[SettingValue] 
    from
        [SystemSettings] ss1_0 
    where
        ss1_0.[SettingKey]=?
2026-06-10T22:15:14.609+07:00 TRACE 21596 --- [FLearn_SpringBoot] [nio-8081-exec-2] org.hibernate.orm.jdbc.bind              : binding parameter (1:VARCHAR) <- [MAINTENANCE_MODE]
2026-06-10T22:15:14.626+07:00 DEBUG 21596 --- [FLearn_SpringBoot] [nio-8081-exec-2] org.hibernate.SQL                        : 
    select
        r1_0.[RoadmapID],
        r1_0.[ClassID],
        r1_0.[CreatedAt],
        r1_0.[Description],
        r1_0.[Published],
        r1_0.[Title],
        r1_0.[UpdatedAt] 
    from
        [Roadmaps] r1_0 
    where
        r1_0.[RoadmapID]=?
Hibernate: 
    select
        r1_0.[RoadmapID],
        r1_0.[ClassID],
        r1_0.[CreatedAt],
        r1_0.[Description],
        r1_0.[Published],
        r1_0.[Title],
        r1_0.[UpdatedAt] 
    from
        [Roadmaps] r1_0 
    where
        r1_0.[RoadmapID]=?
2026-06-10T22:15:14.627+07:00 TRACE 21596 --- [FLearn_SpringBoot] [nio-8081-exec-2] org.hibernate.orm.jdbc.bind              : binding parameter (1:INTEGER) <- [1]
2026-06-10T22:15:14.634+07:00 DEBUG 21596 --- [FLearn_SpringBoot] [nio-8081-exec-2] org.hibernate.SQL                        : 
    select
        c1_0.[ClassID],
        c1_0.[ClassName],
        c1_0.[CreatedAt],
        c1_0.[Description],
        c1_0.[EndDate],
        c1_0.[InviteCode],
        c1_0.[IsActive],
        c1_0.[StartDate],
        c1_0.[Status],
        c1_0.[TeacherID],
        c1_0.[UpdatedAt] 
    from
        [Classes] c1_0 
    where
        c1_0.[ClassID]=?
Hibernate: 
    select
        c1_0.[ClassID],
        c1_0.[ClassName],
        c1_0.[CreatedAt],
        c1_0.[Description],
        c1_0.[EndDate],
        c1_0.[InviteCode],
        c1_0.[IsActive],
        c1_0.[StartDate],
        c1_0.[Status],
        c1_0.[TeacherID],
        c1_0.[UpdatedAt] 
    from
        [Classes] c1_0 
    where
        c1_0.[ClassID]=?
2026-06-10T22:15:14.634+07:00 TRACE 21596 --- [FLearn_SpringBoot] [nio-8081-exec-2] org.hibernate.orm.jdbc.bind              : binding parameter (1:INTEGER) <- [2]
2026-06-10T22:15:14.642+07:00 DEBUG 21596 --- [FLearn_SpringBoot] [nio-8081-exec-2] org.hibernate.SQL                        : 
    select
        u1_0.[UserID],
        u1_0.[CreatedAt],
        u1_0.[Department],
        u1_0.[Email],
        u1_0.[FullName],
        u1_0.[IsActive],
        u1_0.[PasswordHash],
        u1_0.[Phone],
        u1_0.[ResetToken],
        u1_0.[ResetTokenExpiry],
        u1_0.[Role],
        u1_0.[Status],
        u1_0.[UpdatedAt],
        u1_0.[Username] 
    from
        [Users] u1_0 
    where
        u1_0.[UserID]=?
Hibernate: 
    select
        u1_0.[UserID],
        u1_0.[CreatedAt],
        u1_0.[Department],
        u1_0.[Email],
        u1_0.[FullName],
        u1_0.[IsActive],
        u1_0.[PasswordHash],
        u1_0.[Phone],
        u1_0.[ResetToken],
        u1_0.[ResetTokenExpiry],
        u1_0.[Role],
        u1_0.[Status],
        u1_0.[UpdatedAt],
        u1_0.[Username] 
    from
        [Users] u1_0 
    where
        u1_0.[UserID]=?
2026-06-10T22:15:14.643+07:00 TRACE 21596 --- [FLearn_SpringBoot] [nio-8081-exec-2] org.hibernate.orm.jdbc.bind              : binding parameter (1:INTEGER) <- [8]
2026-06-10T22:15:14.661+07:00 DEBUG 21596 --- [FLearn_SpringBoot] [nio-8081-exec-2] org.hibernate.SQL                        : 
    select
        l1_0.[LessonID],
        l1_0.[ClassID],
        l1_0.[Content],
        l1_0.[CreatedAt],
        l1_0.[OrderIndex],
        l1_0.[RoadmapID],
        l1_0.[Title],
        l1_0.[UpdatedAt],
        l1_0.[VideoUrl],
        l1_0.[Visible] 
    from
        [Lessons] l1_0 
    where
        l1_0.[RoadmapID]=? 
    order by
        l1_0.[OrderIndex],
        l1_0.[CreatedAt]
Hibernate: 
    select
        l1_0.[LessonID],
        l1_0.[ClassID],
        l1_0.[Content],
        l1_0.[CreatedAt],
        l1_0.[OrderIndex],
        l1_0.[RoadmapID],
        l1_0.[Title],
        l1_0.[UpdatedAt],
        l1_0.[VideoUrl],
        l1_0.[Visible] 
    from
        [Lessons] l1_0 
    where
        l1_0.[RoadmapID]=? 
    order by
        l1_0.[OrderIndex],
        l1_0.[CreatedAt]
2026-06-10T22:15:14.663+07:00 TRACE 21596 --- [FLearn_SpringBoot] [nio-8081-exec-2] org.hibernate.orm.jdbc.bind              : binding parameter (1:INTEGER) <- [1]
2026-06-10T22:15:14.750+07:00 DEBUG 21596 --- [FLearn_SpringBoot] [nio-8081-exec-3] org.hibernate.SQL                        : 
    select
        ss1_0.[SettingID],
        ss1_0.[SettingKey],
        ss1_0.[SettingValue] 
    from
        [SystemSettings] ss1_0 
    where
        ss1_0.[SettingKey]=?
Hibernate: 
    select
        ss1_0.[SettingID],
        ss1_0.[SettingKey],
        ss1_0.[SettingValue] 
    from
        [SystemSettings] ss1_0 
    where
        ss1_0.[SettingKey]=?
2026-06-10T22:15:14.751+07:00 TRACE 21596 --- [FLearn_SpringBoot] [nio-8081-exec-3] org.hibernate.orm.jdbc.bind              : binding parameter (1:VARCHAR) <- [MAINTENANCE_MODE]
2026-06-10T22:15:17.087+07:00 DEBUG 21596 --- [FLearn_SpringBoot] [nio-8081-exec-4] org.hibernate.SQL                        : 
    select
        ss1_0.[SettingID],
        ss1_0.[SettingKey],
        ss1_0.[SettingValue] 
    from
        [SystemSettings] ss1_0 
    where
        ss1_0.[SettingKey]=?
Hibernate: 
    select
        ss1_0.[SettingID],
        ss1_0.[SettingKey],
        ss1_0.[SettingValue] 
    from
        [SystemSettings] ss1_0 
    where
        ss1_0.[SettingKey]=?
2026-06-10T22:15:17.088+07:00 TRACE 21596 --- [FLearn_SpringBoot] [nio-8081-exec-4] org.hibernate.orm.jdbc.bind              : binding parameter (1:VARCHAR) <- [MAINTENANCE_MODE]
2026-06-10T22:15:17.096+07:00 DEBUG 21596 --- [FLearn_SpringBoot] [nio-8081-exec-4] org.hibernate.SQL                        : 
    select
        c1_0.[ClassID],
        c1_0.[ClassName],
        c1_0.[CreatedAt],
        c1_0.[Description],
        c1_0.[EndDate],
        c1_0.[InviteCode],
        c1_0.[IsActive],
        c1_0.[StartDate],
        c1_0.[Status],
        c1_0.[TeacherID],
        c1_0.[UpdatedAt] 
    from
        [Classes] c1_0 
    where
        c1_0.[ClassID]=?
Hibernate: 
    select
        c1_0.[ClassID],
        c1_0.[ClassName],
        c1_0.[CreatedAt],
        c1_0.[Description],
        c1_0.[EndDate],
        c1_0.[InviteCode],
        c1_0.[IsActive],
        c1_0.[StartDate],
        c1_0.[Status],
        c1_0.[TeacherID],
        c1_0.[UpdatedAt] 
    from
        [Classes] c1_0 
    where
        c1_0.[ClassID]=?
2026-06-10T22:15:17.096+07:00 TRACE 21596 --- [FLearn_SpringBoot] [nio-8081-exec-4] org.hibernate.orm.jdbc.bind              : binding parameter (1:INTEGER) <- [2]
2026-06-10T22:15:17.105+07:00 DEBUG 21596 --- [FLearn_SpringBoot] [nio-8081-exec-4] org.hibernate.SQL                        : 
    select
        u1_0.[UserID],
        u1_0.[CreatedAt],
        u1_0.[Department],
        u1_0.[Email],
        u1_0.[FullName],
        u1_0.[IsActive],
        u1_0.[PasswordHash],
        u1_0.[Phone],
        u1_0.[ResetToken],
        u1_0.[ResetTokenExpiry],
        u1_0.[Role],
        u1_0.[Status],
        u1_0.[UpdatedAt],
        u1_0.[Username] 
    from
        [Users] u1_0 
    where
        u1_0.[UserID]=?
Hibernate: 
    select
        u1_0.[UserID],
        u1_0.[CreatedAt],
        u1_0.[Department],
        u1_0.[Email],
        u1_0.[FullName],
        u1_0.[IsActive],
        u1_0.[PasswordHash],
        u1_0.[Phone],
        u1_0.[ResetToken],
        u1_0.[ResetTokenExpiry],
        u1_0.[Role],
        u1_0.[Status],
        u1_0.[UpdatedAt],
        u1_0.[Username] 
    from
        [Users] u1_0 
    where
        u1_0.[UserID]=?
2026-06-10T22:15:17.105+07:00 TRACE 21596 --- [FLearn_SpringBoot] [nio-8081-exec-4] org.hibernate.orm.jdbc.bind              : binding parameter (1:INTEGER) <- [8]
2026-06-10T22:15:17.126+07:00 DEBUG 21596 --- [FLearn_SpringBoot] [nio-8081-exec-4] org.hibernate.SQL                        : 
    select
        r1_0.[RoadmapID],
        r1_0.[ClassID],
        r1_0.[CreatedAt],
        r1_0.[Description],
        r1_0.[Published],
        r1_0.[Title],
        r1_0.[UpdatedAt] 
    from
        [Roadmaps] r1_0 
    where
        r1_0.[ClassID]=? 
    order by
        r1_0.[CreatedAt] desc
Hibernate: 
    select
        r1_0.[RoadmapID],
        r1_0.[ClassID],
        r1_0.[CreatedAt],
        r1_0.[Description],
        r1_0.[Published],
        r1_0.[Title],
        r1_0.[UpdatedAt] 
    from
        [Roadmaps] r1_0 
    where
        r1_0.[ClassID]=? 
    order by
        r1_0.[CreatedAt] desc
2026-06-10T22:15:17.126+07:00 TRACE 21596 --- [FLearn_SpringBoot] [nio-8081-exec-4] org.hibernate.orm.jdbc.bind              : binding parameter (1:INTEGER) <- [2]
2026-06-10T22:15:17.216+07:00 DEBUG 21596 --- [FLearn_SpringBoot] [nio-8081-exec-5] org.hibernate.SQL                        : 
    select
        ss1_0.[SettingID],
        ss1_0.[SettingKey],
        ss1_0.[SettingValue] 
    from
        [SystemSettings] ss1_0 
    where
        ss1_0.[SettingKey]=?
Hibernate: 
    select
        ss1_0.[SettingID],
        ss1_0.[SettingKey],
        ss1_0.[SettingValue] 
    from
        [SystemSettings] ss1_0 
    where
        ss1_0.[SettingKey]=?
2026-06-10T22:15:17.217+07:00 TRACE 21596 --- [FLearn_SpringBoot] [nio-8081-exec-5] org.hibernate.orm.jdbc.bind              : binding parameter (1:VARCHAR) <- [MAINTENANCE_MODE]
2026-06-10T22:26:52.294+07:00  INFO 21596 --- [FLearn_SpringBoot] [   File Watcher] rtingClassPathChangeChangedEventListener : Restarting due to 63 class path changes (0 additions, 63 deletions, 0 modifications)
2026-06-10T22:26:52.458+07:00  INFO 21596 --- [FLearn_SpringBoot] [      Thread-80] o.s.boot.tomcat.GracefulShutdown         : Commencing graceful shutdown. Waiting for active requests to complete
2026-06-10T22:26:57.135+07:00  INFO 21596 --- [FLearn_SpringBoot] [tomcat-shutdown] o.s.boot.tomcat.GracefulShutdown         : Graceful shutdown complete
2026-06-10T22:26:57.228+07:00  INFO 21596 --- [FLearn_SpringBoot] [      Thread-80] j.LocalContainerEntityManagerFactoryBean : Closing JPA EntityManagerFactory for persistence unit 'default'
2026-06-10T22:26:57.399+07:00  INFO 21596 --- [FLearn_SpringBoot] [      Thread-80] com.zaxxer.hikari.HikariDataSource       : HikariPool-10 - Shutdown initiated...
2026-06-10T22:26:57.617+07:00  INFO 21596 --- [FLearn_SpringBoot] [      Thread-80] com.zaxxer.hikari.HikariDataSource       : HikariPool-10 - Shutdown completed.

  .   ____          _            __ _ _
 /\\ / ___'_ __ _ _(_)_ __  __ _ \ \ \ \
( ( )\___ | '_ | '_| | '_ \/ _` | \ \ \ \
 \\/  ___)| |_)| | | | | || (_| |  ) ) ) )
  '  |____| .__|_| |_|_| |_\__, | / / / /
 =========|_|==============|___/=/_/_/_/

 :: Spring Boot ::                (v4.0.6)

2026-06-10T22:27:01.381+07:00  INFO 21596 --- [FLearn_SpringBoot] [  restartedMain] flearn.FLearnSpringBootApplication       : Starting FLearnSpringBootApplication using Java 21.0.11 with PID 21596 (D:\SWP391\FLearn_\target\classes started by quynh anh in D:\SWP391\FLearn_)
2026-06-10T22:27:01.383+07:00  INFO 21596 --- [FLearn_SpringBoot] [  restartedMain] flearn.FLearnSpringBootApplication       : No active profile set, falling back to 1 default profile: "default"
2026-06-10T22:27:05.291+07:00  INFO 21596 --- [FLearn_SpringBoot] [  restartedMain] .s.d.r.c.RepositoryConfigurationDelegate : Bootstrapping Spring Data JPA repositories in DEFAULT mode.
2026-06-10T22:27:05.321+07:00  WARN 21596 --- [FLearn_SpringBoot] [  restartedMain] ConfigServletWebServerApplicationContext : Exception encountered during context initialization - cancelling refresh attempt: java.lang.NoClassDefFoundError: flearn/entity/ClassStatus
2026-06-10T22:27:05.347+07:00  INFO 21596 --- [FLearn_SpringBoot] [  restartedMain] .s.b.a.l.ConditionEvaluationReportLogger : 

Error starting ApplicationContext. To display the condition evaluation report re-run your application with 'debug' enabled.
2026-06-10T22:27:05.352+07:00 ERROR 21596 --- [FLearn_SpringBoot] [  restartedMain] o.s.boot.SpringApplication               : Application run failed

java.lang.NoClassDefFoundError: flearn/entity/ClassStatus
	at java.base/java.lang.Class.getDeclaredMethods0(Native Method) ~[na:na]
	at java.base/java.lang.Class.privateGetDeclaredMethods(Class.java:3580) ~[na:na]
	at java.base/java.lang.Class.privateGetPublicMethods(Class.java:3605) ~[na:na]
	at java.base/java.lang.Class.getMethods(Class.java:2187) ~[na:na]
	at org.springframework.data.core.ReactiveWrappers.usesReactiveType(ReactiveWrappers.java:144) ~[spring-data-commons-4.0.5.jar:4.0.5]
	at org.springframework.data.repository.core.support.AbstractRepositoryMetadata.isReactiveRepository(AbstractRepositoryMetadata.java:140) ~[spring-data-commons-4.0.5.jar:4.0.5]
	at org.springframework.data.repository.config.RepositoryConfigurationExtensionSupport.useRepositoryConfiguration(RepositoryConfigurationExtensionSupport.java:344) ~[spring-data-commons-4.0.5.jar:4.0.5]
	at org.springframework.data.repository.config.RepositoryConfigurationExtensionSupport.getRepositoryConfigurations(RepositoryConfigurationExtensionSupport.java:98) ~[spring-data-commons-4.0.5.jar:4.0.5]
	at org.springframework.data.repository.config.RepositoryConfigurationDelegate.registerRepositoriesIn(RepositoryConfigurationDelegate.java:170) ~[spring-data-commons-4.0.5.jar:4.0.5]
	at org.springframework.boot.autoconfigure.data.AbstractRepositoryConfigurationSourceSupport.registerBeanDefinitions(AbstractRepositoryConfigurationSourceSupport.java:67) ~[spring-boot-autoconfigure-4.0.6.jar:4.0.6]
	at org.springframework.context.annotation.ConfigurationClassBeanDefinitionReader.lambda$loadBeanDefinitionsFromImportBeanDefinitionRegistrars$0(ConfigurationClassBeanDefinitionReader.java:422) ~[spring-context-7.0.7.jar:7.0.7]
	at java.base/java.util.LinkedHashMap.forEach(LinkedHashMap.java:986) ~[na:na]
	at org.springframework.context.annotation.ConfigurationClassBeanDefinitionReader.loadBeanDefinitionsFromImportBeanDefinitionRegistrars(ConfigurationClassBeanDefinitionReader.java:421) ~[spring-context-7.0.7.jar:7.0.7]
	at org.springframework.context.annotation.ConfigurationClassBeanDefinitionReader.loadBeanDefinitionsForConfigurationClass(ConfigurationClassBeanDefinitionReader.java:152) ~[spring-context-7.0.7.jar:7.0.7]
	at org.springframework.context.annotation.ConfigurationClassBeanDefinitionReader.loadBeanDefinitions(ConfigurationClassBeanDefinitionReader.java:124) ~[spring-context-7.0.7.jar:7.0.7]
	at org.springframework.context.annotation.ConfigurationClassPostProcessor.processConfigBeanDefinitions(ConfigurationClassPostProcessor.java:464) ~[spring-context-7.0.7.jar:7.0.7]
	at org.springframework.context.annotation.ConfigurationClassPostProcessor.postProcessBeanDefinitionRegistry(ConfigurationClassPostProcessor.java:316) ~[spring-context-7.0.7.jar:7.0.7]
	at org.springframework.context.support.PostProcessorRegistrationDelegate.invokeBeanDefinitionRegistryPostProcessors(PostProcessorRegistrationDelegate.java:349) ~[spring-context-7.0.7.jar:7.0.7]
	at org.springframework.context.support.PostProcessorRegistrationDelegate.invokeBeanFactoryPostProcessors(PostProcessorRegistrationDelegate.java:118) ~[spring-context-7.0.7.jar:7.0.7]
	at org.springframework.context.support.AbstractApplicationContext.invokeBeanFactoryPostProcessors(AbstractApplicationContext.java:795) ~[spring-context-7.0.7.jar:7.0.7]
	at org.springframework.context.support.AbstractApplicationContext.refresh(AbstractApplicationContext.java:603) ~[spring-context-7.0.7.jar:7.0.7]
	at org.springframework.boot.web.server.servlet.context.ServletWebServerApplicationContext.refresh(ServletWebServerApplicationContext.java:143) ~[spring-boot-web-server-4.0.6.jar:4.0.6]
	at org.springframework.boot.SpringApplication.refresh(SpringApplication.java:756) ~[spring-boot-4.0.6.jar:4.0.6]
	at org.springframework.boot.SpringApplication.refreshContext(SpringApplication.java:445) ~[spring-boot-4.0.6.jar:4.0.6]
	at org.springframework.boot.SpringApplication.run(SpringApplication.java:321) ~[spring-boot-4.0.6.jar:4.0.6]
	at org.springframework.boot.SpringApplication.run(SpringApplication.java:1365) ~[spring-boot-4.0.6.jar:4.0.6]
	at org.springframework.boot.SpringApplication.run(SpringApplication.java:1354) ~[spring-boot-4.0.6.jar:4.0.6]
	at flearn.FLearnSpringBootApplication.main(FLearnSpringBootApplication.java:10) ~[classes/:na]
	at java.base/jdk.internal.reflect.DirectMethodHandleAccessor.invoke(DirectMethodHandleAccessor.java:103) ~[na:na]
	at java.base/java.lang.reflect.Method.invoke(Method.java:580) ~[na:na]
	at org.springframework.boot.devtools.restart.RestartLauncher.run(RestartLauncher.java:52) ~[spring-boot-devtools-4.0.6.jar:4.0.6]
Caused by: java.lang.ClassNotFoundException: flearn.entity.ClassStatus
	at java.base/jdk.internal.loader.BuiltinClassLoader.loadClass(BuiltinClassLoader.java:641) ~[na:na]
	at java.base/jdk.internal.loader.ClassLoaders$AppClassLoader.loadClass(ClassLoaders.java:188) ~[na:na]
	at java.base/java.lang.ClassLoader.loadClass(ClassLoader.java:526) ~[na:na]
	at java.base/java.lang.Class.forName0(Native Method) ~[na:na]
	at java.base/java.lang.Class.forName(Class.java:536) ~[na:na]
	at java.base/java.lang.Class.forName(Class.java:515) ~[na:na]
	at org.springframework.boot.devtools.restart.classloader.RestartClassLoader.loadClass(RestartClassLoader.java:123) ~[spring-boot-devtools-4.0.6.jar:4.0.6]
	at java.base/java.lang.ClassLoader.loadClass(ClassLoader.java:526) ~[na:na]
	... 31 common frames omitted

Exception in thread "restartedMain" java.lang.reflect.InvocationTargetException
	at java.base/jdk.internal.reflect.DirectMethodHandleAccessor.invoke(DirectMethodHandleAccessor.java:118)
	at java.base/java.lang.reflect.Method.invoke(Method.java:580)
	at org.springframework.boot.devtools.restart.RestartLauncher.run(RestartLauncher.java:52)
Caused by: java.lang.IllegalStateException: java.lang.NoClassDefFoundError: flearn/entity/ClassStatus
	at org.springframework.boot.SpringApplication.handleRunFailure(SpringApplication.java:827)
	at org.springframework.boot.SpringApplication.run(SpringApplication.java:331)
	at org.springframework.boot.SpringApplication.run(SpringApplication.java:1365)
	at org.springframework.boot.SpringApplication.run(SpringApplication.java:1354)
	at flearn.FLearnSpringBootApplication.main(FLearnSpringBootApplication.java:10)
	at java.base/jdk.internal.reflect.DirectMethodHandleAccessor.invoke(DirectMethodHandleAccessor.java:103)
	... 2 more
Caused by: java.lang.NoClassDefFoundError: flearn/entity/ClassStatus
	at java.base/java.lang.Class.getDeclaredMethods0(Native Method)
	at java.base/java.lang.Class.privateGetDeclaredMethods(Class.java:3580)
	at java.base/java.lang.Class.privateGetPublicMethods(Class.java:3605)
	at java.base/java.lang.Class.getMethods(Class.java:2187)
	at org.springframework.data.core.ReactiveWrappers.usesReactiveType(ReactiveWrappers.java:144)
	at org.springframework.data.repository.core.support.AbstractRepositoryMetadata.isReactiveRepository(AbstractRepositoryMetadata.java:140)
	at org.springframework.data.repository.config.RepositoryConfigurationExtensionSupport.useRepositoryConfiguration(RepositoryConfigurationExtensionSupport.java:344)
	at org.springframework.data.repository.config.RepositoryConfigurationExtensionSupport.getRepositoryConfigurations(RepositoryConfigurationExtensionSupport.java:98)
	at org.springframework.data.repository.config.RepositoryConfigurationDelegate.registerRepositoriesIn(RepositoryConfigurationDelegate.java:170)
	at org.springframework.boot.autoconfigure.data.AbstractRepositoryConfigurationSourceSupport.registerBeanDefinitions(AbstractRepositoryConfigurationSourceSupport.java:67)
	at org.springframework.context.annotation.ConfigurationClassBeanDefinitionReader.lambda$loadBeanDefinitionsFromImportBeanDefinitionRegistrars$0(ConfigurationClassBeanDefinitionReader.java:422)
	at java.base/java.util.LinkedHashMap.forEach(LinkedHashMap.java:986)
	at org.springframework.context.annotation.ConfigurationClassBeanDefinitionReader.loadBeanDefinitionsFromImportBeanDefinitionRegistrars(ConfigurationClassBeanDefinitionReader.java:421)
	at org.springframework.context.annotation.ConfigurationClassBeanDefinitionReader.loadBeanDefinitionsForConfigurationClass(ConfigurationClassBeanDefinitionReader.java:152)
	at org.springframework.context.annotation.ConfigurationClassBeanDefinitionReader.loadBeanDefinitions(ConfigurationClassBeanDefinitionReader.java:124)
	at org.springframework.context.annotation.ConfigurationClassPostProcessor.processConfigBeanDefinitions(ConfigurationClassPostProcessor.java:464)
	at org.springframework.context.annotation.ConfigurationClassPostProcessor.postProcessBeanDefinitionRegistry(ConfigurationClassPostProcessor.java:316)
	at org.springframework.context.support.PostProcessorRegistrationDelegate.invokeBeanDefinitionRegistryPostProcessors(PostProcessorRegistrationDelegate.java:349)
	at org.springframework.context.support.PostProcessorRegistrationDelegate.invokeBeanFactoryPostProcessors(PostProcessorRegistrationDelegate.java:118)
	at org.springframework.context.support.AbstractApplicationContext.invokeBeanFactoryPostProcessors(AbstractApplicationContext.java:795)
	at org.springframework.context.support.AbstractApplicationContext.refresh(AbstractApplicationContext.java:603)
	at org.springframework.boot.web.server.servlet.context.ServletWebServerApplicationContext.refresh(ServletWebServerApplicationContext.java:143)
	at org.springframework.boot.SpringApplication.refresh(SpringApplication.java:756)
	at org.springframework.boot.SpringApplication.refreshContext(SpringApplication.java:445)
	at org.springframework.boot.SpringApplication.run(SpringApplication.java:321)
	... 6 more
Caused by: java.lang.ClassNotFoundException: flearn.entity.ClassStatus
	at java.base/jdk.internal.loader.BuiltinClassLoader.loadClass(BuiltinClassLoader.java:641)
	at java.base/jdk.internal.loader.ClassLoaders$AppClassLoader.loadClass(ClassLoaders.java:188)
	at java.base/java.lang.ClassLoader.loadClass(ClassLoader.java:526)
	at java.base/java.lang.Class.forName0(Native Method)
	at java.base/java.lang.Class.forName(Class.java:536)
	at java.base/java.lang.Class.forName(Class.java:515)
	at org.springframework.boot.devtools.restart.classloader.RestartClassLoader.loadClass(RestartClassLoader.java:123)
	at java.base/java.lang.ClassLoader.loadClass(ClassLoader.java:526)
	... 31 more

  .   ____          _            __ _ _
 /\\ / ___'_ __ _ _(_)_ __  __ _ \ \ \ \
( ( )\___ | '_ | '_| | '_ \/ _` | \ \ \ \
 \\/  ___)| |_)| | | | | || (_| |  ) ) ) )
  '  |____| .__|_| |_|_| |_\__, | / / / /
 =========|_|==============|___/=/_/_/_/

 :: Spring Boot ::                (v4.0.6)

2026-06-10T22:27:30.212+07:00  INFO 21596 --- [FLearn_SpringBoot] [  restartedMain] flearn.FLearnSpringBootApplication       : Starting FLearnSpringBootApplication using Java 21.0.11 with PID 21596 (D:\SWP391\FLearn_\target\classes started by quynh anh in D:\SWP391\FLearn_)
2026-06-10T22:27:30.212+07:00  INFO 21596 --- [FLearn_SpringBoot] [  restartedMain] flearn.FLearnSpringBootApplication       : No active profile set, falling back to 1 default profile: "default"
2026-06-10T22:27:32.722+07:00  INFO 21596 --- [FLearn_SpringBoot] [  restartedMain] .s.d.r.c.RepositoryConfigurationDelegate : Bootstrapping Spring Data JPA repositories in DEFAULT mode.
2026-06-10T22:27:32.836+07:00  WARN 21596 --- [FLearn_SpringBoot] [  restartedMain] ConfigServletWebServerApplicationContext : Exception encountered during context initialization - cancelling refresh attempt: java.lang.NoClassDefFoundError: flearn/entity/ClassStatus
2026-06-10T22:27:32.838+07:00  INFO 21596 --- [FLearn_SpringBoot] [  restartedMain] .s.b.a.l.ConditionEvaluationReportLogger : 

Error starting ApplicationContext. To display the condition evaluation report re-run your application with 'debug' enabled.
2026-06-10T22:27:32.842+07:00 ERROR 21596 --- [FLearn_SpringBoot] [  restartedMain] o.s.boot.SpringApplication               : Application run failed

java.lang.NoClassDefFoundError: flearn/entity/ClassStatus
	at java.base/java.lang.Class.getDeclaredMethods0(Native Method) ~[na:na]
	at java.base/java.lang.Class.privateGetDeclaredMethods(Class.java:3580) ~[na:na]
	at java.base/java.lang.Class.privateGetPublicMethods(Class.java:3605) ~[na:na]
	at java.base/java.lang.Class.getMethods(Class.java:2187) ~[na:na]
	at org.springframework.data.core.ReactiveWrappers.usesReactiveType(ReactiveWrappers.java:144) ~[spring-data-commons-4.0.5.jar:4.0.5]
	at org.springframework.data.repository.core.support.AbstractRepositoryMetadata.isReactiveRepository(AbstractRepositoryMetadata.java:140) ~[spring-data-commons-4.0.5.jar:4.0.5]
	at org.springframework.data.repository.config.RepositoryConfigurationExtensionSupport.useRepositoryConfiguration(RepositoryConfigurationExtensionSupport.java:344) ~[spring-data-commons-4.0.5.jar:4.0.5]
	at org.springframework.data.repository.config.RepositoryConfigurationExtensionSupport.getRepositoryConfigurations(RepositoryConfigurationExtensionSupport.java:98) ~[spring-data-commons-4.0.5.jar:4.0.5]
	at org.springframework.data.repository.config.RepositoryConfigurationDelegate.registerRepositoriesIn(RepositoryConfigurationDelegate.java:170) ~[spring-data-commons-4.0.5.jar:4.0.5]
	at org.springframework.boot.autoconfigure.data.AbstractRepositoryConfigurationSourceSupport.registerBeanDefinitions(AbstractRepositoryConfigurationSourceSupport.java:67) ~[spring-boot-autoconfigure-4.0.6.jar:4.0.6]
	at org.springframework.context.annotation.ConfigurationClassBeanDefinitionReader.lambda$loadBeanDefinitionsFromImportBeanDefinitionRegistrars$0(ConfigurationClassBeanDefinitionReader.java:422) ~[spring-context-7.0.7.jar:7.0.7]
	at java.base/java.util.LinkedHashMap.forEach(LinkedHashMap.java:986) ~[na:na]
	at org.springframework.context.annotation.ConfigurationClassBeanDefinitionReader.loadBeanDefinitionsFromImportBeanDefinitionRegistrars(ConfigurationClassBeanDefinitionReader.java:421) ~[spring-context-7.0.7.jar:7.0.7]
	at org.springframework.context.annotation.ConfigurationClassBeanDefinitionReader.loadBeanDefinitionsForConfigurationClass(ConfigurationClassBeanDefinitionReader.java:152) ~[spring-context-7.0.7.jar:7.0.7]
	at org.springframework.context.annotation.ConfigurationClassBeanDefinitionReader.loadBeanDefinitions(ConfigurationClassBeanDefinitionReader.java:124) ~[spring-context-7.0.7.jar:7.0.7]
	at org.springframework.context.annotation.ConfigurationClassPostProcessor.processConfigBeanDefinitions(ConfigurationClassPostProcessor.java:464) ~[spring-context-7.0.7.jar:7.0.7]
	at org.springframework.context.annotation.ConfigurationClassPostProcessor.postProcessBeanDefinitionRegistry(ConfigurationClassPostProcessor.java:316) ~[spring-context-7.0.7.jar:7.0.7]
	at org.springframework.context.support.PostProcessorRegistrationDelegate.invokeBeanDefinitionRegistryPostProcessors(PostProcessorRegistrationDelegate.java:349) ~[spring-context-7.0.7.jar:7.0.7]
	at org.springframework.context.support.PostProcessorRegistrationDelegate.invokeBeanFactoryPostProcessors(PostProcessorRegistrationDelegate.java:118) ~[spring-context-7.0.7.jar:7.0.7]
	at org.springframework.context.support.AbstractApplicationContext.invokeBeanFactoryPostProcessors(AbstractApplicationContext.java:795) ~[spring-context-7.0.7.jar:7.0.7]
	at org.springframework.context.support.AbstractApplicationContext.refresh(AbstractApplicationContext.java:603) ~[spring-context-7.0.7.jar:7.0.7]
	at org.springframework.boot.web.server.servlet.context.ServletWebServerApplicationContext.refresh(ServletWebServerApplicationContext.java:143) ~[spring-boot-web-server-4.0.6.jar:4.0.6]
	at org.springframework.boot.SpringApplication.refresh(SpringApplication.java:756) ~[spring-boot-4.0.6.jar:4.0.6]
	at org.springframework.boot.SpringApplication.refreshContext(SpringApplication.java:445) ~[spring-boot-4.0.6.jar:4.0.6]
	at org.springframework.boot.SpringApplication.run(SpringApplication.java:321) ~[spring-boot-4.0.6.jar:4.0.6]
	at org.springframework.boot.SpringApplication.run(SpringApplication.java:1365) ~[spring-boot-4.0.6.jar:4.0.6]
	at org.springframework.boot.SpringApplication.run(SpringApplication.java:1354) ~[spring-boot-4.0.6.jar:4.0.6]
	at flearn.FLearnSpringBootApplication.main(FLearnSpringBootApplication.java:10) ~[classes/:na]
	at java.base/jdk.internal.reflect.DirectMethodHandleAccessor.invoke(DirectMethodHandleAccessor.java:103) ~[na:na]
	at java.base/java.lang.reflect.Method.invoke(Method.java:580) ~[na:na]
	at org.springframework.boot.devtools.restart.RestartLauncher.run(RestartLauncher.java:52) ~[spring-boot-devtools-4.0.6.jar:4.0.6]
Caused by: java.lang.ClassNotFoundException: flearn.entity.ClassStatus
	at java.base/jdk.internal.loader.BuiltinClassLoader.loadClass(BuiltinClassLoader.java:641) ~[na:na]
	at java.base/jdk.internal.loader.ClassLoaders$AppClassLoader.loadClass(ClassLoaders.java:188) ~[na:na]
	at java.base/java.lang.ClassLoader.loadClass(ClassLoader.java:526) ~[na:na]
	at java.base/java.lang.Class.forName0(Native Method) ~[na:na]
	at java.base/java.lang.Class.forName(Class.java:536) ~[na:na]
	at java.base/java.lang.Class.forName(Class.java:515) ~[na:na]
	at org.springframework.boot.devtools.restart.classloader.RestartClassLoader.loadClass(RestartClassLoader.java:123) ~[spring-boot-devtools-4.0.6.jar:4.0.6]
	at java.base/java.lang.ClassLoader.loadClass(ClassLoader.java:526) ~[na:na]
	... 31 common frames omitted

Exception in thread "restartedMain" java.lang.reflect.InvocationTargetException
	at java.base/jdk.internal.reflect.DirectMethodHandleAccessor.invoke(DirectMethodHandleAccessor.java:118)
	at java.base/java.lang.reflect.Method.invoke(Method.java:580)
	at org.springframework.boot.devtools.restart.RestartLauncher.run(RestartLauncher.java:52)
Caused by: java.lang.IllegalStateException: java.lang.NoClassDefFoundError: flearn/entity/ClassStatus
	at org.springframework.boot.SpringApplication.handleRunFailure(SpringApplication.java:827)
	at org.springframework.boot.SpringApplication.run(SpringApplication.java:331)
	at org.springframework.boot.SpringApplication.run(SpringApplication.java:1365)
	at org.springframework.boot.SpringApplication.run(SpringApplication.java:1354)
	at flearn.FLearnSpringBootApplication.main(FLearnSpringBootApplication.java:10)
	at java.base/jdk.internal.reflect.DirectMethodHandleAccessor.invoke(DirectMethodHandleAccessor.java:103)
	... 2 more
Caused by: java.lang.NoClassDefFoundError: flearn/entity/ClassStatus
	at java.base/java.lang.Class.getDeclaredMethods0(Native Method)
	at java.base/java.lang.Class.privateGetDeclaredMethods(Class.java:3580)
	at java.base/java.lang.Class.privateGetPublicMethods(Class.java:3605)
	at java.base/java.lang.Class.getMethods(Class.java:2187)
	at org.springframework.data.core.ReactiveWrappers.usesReactiveType(ReactiveWrappers.java:144)
	at org.springframework.data.repository.core.support.AbstractRepositoryMetadata.isReactiveRepository(AbstractRepositoryMetadata.java:140)
	at org.springframework.data.repository.config.RepositoryConfigurationExtensionSupport.useRepositoryConfiguration(RepositoryConfigurationExtensionSupport.java:344)
	at org.springframework.data.repository.config.RepositoryConfigurationExtensionSupport.getRepositoryConfigurations(RepositoryConfigurationExtensionSupport.java:98)
	at org.springframework.data.repository.config.RepositoryConfigurationDelegate.registerRepositoriesIn(RepositoryConfigurationDelegate.java:170)
	at org.springframework.boot.autoconfigure.data.AbstractRepositoryConfigurationSourceSupport.registerBeanDefinitions(AbstractRepositoryConfigurationSourceSupport.java:67)
	at org.springframework.context.annotation.ConfigurationClassBeanDefinitionReader.lambda$loadBeanDefinitionsFromImportBeanDefinitionRegistrars$0(ConfigurationClassBeanDefinitionReader.java:422)
	at java.base/java.util.LinkedHashMap.forEach(LinkedHashMap.java:986)
	at org.springframework.context.annotation.ConfigurationClassBeanDefinitionReader.loadBeanDefinitionsFromImportBeanDefinitionRegistrars(ConfigurationClassBeanDefinitionReader.java:421)
	at org.springframework.context.annotation.ConfigurationClassBeanDefinitionReader.loadBeanDefinitionsForConfigurationClass(ConfigurationClassBeanDefinitionReader.java:152)
	at org.springframework.context.annotation.ConfigurationClassBeanDefinitionReader.loadBeanDefinitions(ConfigurationClassBeanDefinitionReader.java:124)
	at org.springframework.context.annotation.ConfigurationClassPostProcessor.processConfigBeanDefinitions(ConfigurationClassPostProcessor.java:464)
	at org.springframework.context.annotation.ConfigurationClassPostProcessor.postProcessBeanDefinitionRegistry(ConfigurationClassPostProcessor.java:316)
	at org.springframework.context.support.PostProcessorRegistrationDelegate.invokeBeanDefinitionRegistryPostProcessors(PostProcessorRegistrationDelegate.java:349)
	at org.springframework.context.support.PostProcessorRegistrationDelegate.invokeBeanFactoryPostProcessors(PostProcessorRegistrationDelegate.java:118)
	at org.springframework.context.support.AbstractApplicationContext.invokeBeanFactoryPostProcessors(AbstractApplicationContext.java:795)
	at org.springframework.context.support.AbstractApplicationContext.refresh(AbstractApplicationContext.java:603)
	at org.springframework.boot.web.server.servlet.context.ServletWebServerApplicationContext.refresh(ServletWebServerApplicationContext.java:143)
	at org.springframework.boot.SpringApplication.refresh(SpringApplication.java:756)
	at org.springframework.boot.SpringApplication.refreshContext(SpringApplication.java:445)
	at org.springframework.boot.SpringApplication.run(SpringApplication.java:321)
	... 6 more
Caused by: java.lang.ClassNotFoundException: flearn.entity.ClassStatus
	at java.base/jdk.internal.loader.BuiltinClassLoader.loadClass(BuiltinClassLoader.java:641)
	at java.base/jdk.internal.loader.ClassLoaders$AppClassLoader.loadClass(ClassLoaders.java:188)
	at java.base/java.lang.ClassLoader.loadClass(ClassLoader.java:526)
	at java.base/java.lang.Class.forName0(Native Method)
	at java.base/java.lang.Class.forName(Class.java:536)
	at java.base/java.lang.Class.forName(Class.java:515)
	at org.springframework.boot.devtools.restart.classloader.RestartClassLoader.loadClass(RestartClassLoader.java:123)
	at java.base/java.lang.ClassLoader.loadClass(ClassLoader.java:526)
	... 31 more

  .   ____          _            __ _ _
 /\\ / ___'_ __ _ _(_)_ __  __ _ \ \ \ \
( ( )\___ | '_ | '_| | '_ \/ _` | \ \ \ \
 \\/  ___)| |_)| | | | | || (_| |  ) ) ) )
  '  |____| .__|_| |_|_| |_\__, | / / / /
 =========|_|==============|___/=/_/_/_/

 :: Spring Boot ::                (v4.0.6)

2026-06-10T22:27:41.664+07:00  INFO 21596 --- [FLearn_SpringBoot] [  restartedMain] flearn.FLearnSpringBootApplication       : Starting FLearnSpringBootApplication using Java 21.0.11 with PID 21596 (D:\SWP391\FLearn_\target\classes started by quynh anh in D:\SWP391\FLearn_)
2026-06-10T22:27:41.665+07:00  INFO 21596 --- [FLearn_SpringBoot] [  restartedMain] flearn.FLearnSpringBootApplication       : No active profile set, falling back to 1 default profile: "default"
2026-06-10T22:27:44.326+07:00  INFO 21596 --- [FLearn_SpringBoot] [  restartedMain] .s.d.r.c.RepositoryConfigurationDelegate : Bootstrapping Spring Data JPA repositories in DEFAULT mode.
2026-06-10T22:27:44.686+07:00  INFO 21596 --- [FLearn_SpringBoot] [  restartedMain] .s.d.r.c.RepositoryConfigurationDelegate : Finished Spring Data repository scanning in 358 ms. Found 13 JPA repository interfaces.
2026-06-10T22:27:46.167+07:00  INFO 21596 --- [FLearn_SpringBoot] [  restartedMain] o.s.boot.tomcat.TomcatWebServer          : Tomcat initialized with port 8081 (http)
2026-06-10T22:27:46.388+07:00  INFO 21596 --- [FLearn_SpringBoot] [  restartedMain] o.apache.catalina.core.StandardService   : Starting service [Tomcat]
2026-06-10T22:27:46.388+07:00  INFO 21596 --- [FLearn_SpringBoot] [  restartedMain] o.apache.catalina.core.StandardEngine    : Starting Servlet engine: [Apache Tomcat/11.0.21]
2026-06-10T22:27:46.535+07:00  INFO 21596 --- [FLearn_SpringBoot] [  restartedMain] b.w.c.s.WebApplicationContextInitializer : Root WebApplicationContext: initialization completed in 4864 ms
2026-06-10T22:27:46.872+07:00  WARN 21596 --- [FLearn_SpringBoot] [  restartedMain] o.a.c.c.C.[Tomcat-2].[localhost].[/]     : Cannot deserialize session attribute [SPRING_SECURITY_CONTEXT] for session [88B2579DA7B46882039E5497D4D89FA7]
2026-06-10T22:27:46.875+07:00 ERROR 21596 --- [FLearn_SpringBoot] [  restartedMain] o.a.catalina.session.StandardManager     : Exception loading sessions from persistent storage

java.io.StreamCorruptedException: invalid type code: 00
	at java.base/java.io.ObjectInputStream.readObject0(ObjectInputStream.java:1793) ~[na:na]
	at java.base/java.io.ObjectInputStream$FieldValues.<init>(ObjectInputStream.java:2618) ~[na:na]
	at java.base/java.io.ObjectInputStream.defaultReadObject(ObjectInputStream.java:678) ~[na:na]
	at java.base/java.lang.Throwable.readObject(Throwable.java:936) ~[na:na]
	at java.base/jdk.internal.reflect.DirectMethodHandleAccessor.invoke(DirectMethodHandleAccessor.java:103) ~[na:na]
	at java.base/java.lang.reflect.Method.invoke(Method.java:580) ~[na:na]
	at java.base/java.io.ObjectStreamClass.invokeReadObject(ObjectStreamClass.java:1102) ~[na:na]
	at java.base/java.io.ObjectInputStream.readSerialData(ObjectInputStream.java:2444) ~[na:na]
	at java.base/java.io.ObjectInputStream.readOrdinaryObject(ObjectInputStream.java:2284) ~[na:na]
	at java.base/java.io.ObjectInputStream.readObject0(ObjectInputStream.java:1762) ~[na:na]
	at java.base/java.io.ObjectInputStream.readObject(ObjectInputStream.java:540) ~[na:na]
	at java.base/java.io.ObjectInputStream.readObject(ObjectInputStream.java:498) ~[na:na]
	at org.apache.catalina.session.StandardSession.doReadObject(StandardSession.java:1120) ~[tomcat-embed-core-11.0.21.jar:11.0.21]
	at org.apache.catalina.session.StandardSession.readObjectData(StandardSession.java:821) ~[tomcat-embed-core-11.0.21.jar:11.0.21]
	at org.apache.catalina.session.StandardManager.load(StandardManager.java:146) ~[tomcat-embed-core-11.0.21.jar:11.0.21]
	at org.apache.catalina.session.StandardManager.startInternal(StandardManager.java:255) ~[tomcat-embed-core-11.0.21.jar:11.0.21]
	at org.apache.catalina.util.LifecycleBase.start(LifecycleBase.java:164) ~[tomcat-embed-core-11.0.21.jar:11.0.21]
	at org.apache.catalina.core.StandardContext.startInternal(StandardContext.java:4443) ~[tomcat-embed-core-11.0.21.jar:11.0.21]
	at org.apache.catalina.util.LifecycleBase.start(LifecycleBase.java:164) ~[tomcat-embed-core-11.0.21.jar:11.0.21]
	at org.apache.catalina.core.ContainerBase$StartChild.call(ContainerBase.java:1162) ~[tomcat-embed-core-11.0.21.jar:11.0.21]
	at org.apache.catalina.core.ContainerBase$StartChild.call(ContainerBase.java:1158) ~[tomcat-embed-core-11.0.21.jar:11.0.21]
	at java.base/java.util.concurrent.FutureTask.run(FutureTask.java:317) ~[na:na]
	at org.apache.tomcat.util.threads.InlineExecutorService.execute(InlineExecutorService.java:81) ~[tomcat-embed-core-11.0.21.jar:11.0.21]
	at java.base/java.util.concurrent.AbstractExecutorService.submit(AbstractExecutorService.java:145) ~[na:na]
	at org.apache.catalina.core.ContainerBase.startInternal(ContainerBase.java:714) ~[tomcat-embed-core-11.0.21.jar:11.0.21]
	at org.apache.catalina.core.StandardHost.startInternal(StandardHost.java:780) ~[tomcat-embed-core-11.0.21.jar:11.0.21]
	at org.apache.catalina.util.LifecycleBase.start(LifecycleBase.java:164) ~[tomcat-embed-core-11.0.21.jar:11.0.21]
	at org.apache.catalina.core.ContainerBase$StartChild.call(ContainerBase.java:1162) ~[tomcat-embed-core-11.0.21.jar:11.0.21]
	at org.apache.catalina.core.ContainerBase$StartChild.call(ContainerBase.java:1158) ~[tomcat-embed-core-11.0.21.jar:11.0.21]
	at java.base/java.util.concurrent.FutureTask.run(FutureTask.java:317) ~[na:na]
	at org.apache.tomcat.util.threads.InlineExecutorService.execute(InlineExecutorService.java:81) ~[tomcat-embed-core-11.0.21.jar:11.0.21]
	at java.base/java.util.concurrent.AbstractExecutorService.submit(AbstractExecutorService.java:145) ~[na:na]
	at org.apache.catalina.core.ContainerBase.startInternal(ContainerBase.java:714) ~[tomcat-embed-core-11.0.21.jar:11.0.21]
	at org.apache.catalina.core.StandardEngine.startInternal(StandardEngine.java:201) ~[tomcat-embed-core-11.0.21.jar:11.0.21]
	at org.apache.catalina.util.LifecycleBase.start(LifecycleBase.java:164) ~[tomcat-embed-core-11.0.21.jar:11.0.21]
	at org.apache.catalina.core.StandardService.startInternal(StandardService.java:410) ~[tomcat-embed-core-11.0.21.jar:11.0.21]
	at org.apache.catalina.util.LifecycleBase.start(LifecycleBase.java:164) ~[tomcat-embed-core-11.0.21.jar:11.0.21]
	at org.apache.catalina.core.StandardServer.startInternal(StandardServer.java:864) ~[tomcat-embed-core-11.0.21.jar:11.0.21]
	at org.apache.catalina.util.LifecycleBase.start(LifecycleBase.java:164) ~[tomcat-embed-core-11.0.21.jar:11.0.21]
	at org.apache.catalina.startup.Tomcat.start(Tomcat.java:435) ~[tomcat-embed-core-11.0.21.jar:11.0.21]
	at org.springframework.boot.tomcat.TomcatWebServer.initialize(TomcatWebServer.java:131) ~[spring-boot-tomcat-4.0.6.jar:4.0.6]
	at org.springframework.boot.tomcat.TomcatWebServer.<init>(TomcatWebServer.java:110) ~[spring-boot-tomcat-4.0.6.jar:4.0.6]
	at org.springframework.boot.tomcat.servlet.TomcatServletWebServerFactory.getTomcatWebServer(TomcatServletWebServerFactory.java:408) ~[spring-boot-tomcat-4.0.6.jar:4.0.6]
	at org.springframework.boot.tomcat.servlet.TomcatServletWebServerFactory.getWebServer(TomcatServletWebServerFactory.java:166) ~[spring-boot-tomcat-4.0.6.jar:4.0.6]
	at org.springframework.boot.web.server.servlet.context.ServletWebServerApplicationContext.createWebServer(ServletWebServerApplicationContext.java:190) ~[spring-boot-web-server-4.0.6.jar:4.0.6]
	at org.springframework.boot.web.server.servlet.context.ServletWebServerApplicationContext.onRefresh(ServletWebServerApplicationContext.java:164) ~[spring-boot-web-server-4.0.6.jar:4.0.6]
	at org.springframework.context.support.AbstractApplicationContext.refresh(AbstractApplicationContext.java:615) ~[spring-context-7.0.7.jar:7.0.7]
	at org.springframework.boot.web.server.servlet.context.ServletWebServerApplicationContext.refresh(ServletWebServerApplicationContext.java:143) ~[spring-boot-web-server-4.0.6.jar:4.0.6]
	at org.springframework.boot.SpringApplication.refresh(SpringApplication.java:756) ~[spring-boot-4.0.6.jar:4.0.6]
	at org.springframework.boot.SpringApplication.refreshContext(SpringApplication.java:445) ~[spring-boot-4.0.6.jar:4.0.6]
	at org.springframework.boot.SpringApplication.run(SpringApplication.java:321) ~[spring-boot-4.0.6.jar:4.0.6]
	at org.springframework.boot.SpringApplication.run(SpringApplication.java:1365) ~[spring-boot-4.0.6.jar:4.0.6]
	at org.springframework.boot.SpringApplication.run(SpringApplication.java:1354) ~[spring-boot-4.0.6.jar:4.0.6]
	at flearn.FLearnSpringBootApplication.main(FLearnSpringBootApplication.java:10) ~[classes/:na]
	at java.base/jdk.internal.reflect.DirectMethodHandleAccessor.invoke(DirectMethodHandleAccessor.java:103) ~[na:na]
	at java.base/java.lang.reflect.Method.invoke(Method.java:580) ~[na:na]
	at org.springframework.boot.devtools.restart.RestartLauncher.run(RestartLauncher.java:52) ~[spring-boot-devtools-4.0.6.jar:4.0.6]

2026-06-10T22:27:49.597+07:00  INFO 21596 --- [FLearn_SpringBoot] [  restartedMain] org.hibernate.orm.jpa                    : HHH008540: Processing PersistenceUnitInfo [name: default]
2026-06-10T22:27:49.866+07:00  INFO 21596 --- [FLearn_SpringBoot] [  restartedMain] o.s.o.j.p.SpringPersistenceUnitInfo      : No LoadTimeWeaver setup: ignoring JPA class transformer
2026-06-10T22:27:49.882+07:00  INFO 21596 --- [FLearn_SpringBoot] [  restartedMain] com.zaxxer.hikari.HikariDataSource       : HikariPool-11 - Starting...
2026-06-10T22:27:53.150+07:00  INFO 21596 --- [FLearn_SpringBoot] [  restartedMain] com.zaxxer.hikari.pool.HikariPool        : HikariPool-11 - Added connection ConnectionID:106 ClientConnectionId: c63e64d7-a121-401a-bf76-593084ec35c8
2026-06-10T22:27:53.152+07:00  INFO 21596 --- [FLearn_SpringBoot] [  restartedMain] com.zaxxer.hikari.HikariDataSource       : HikariPool-11 - Start completed.
2026-06-10T22:28:28.659+07:00  WARN 21596 --- [FLearn_SpringBoot] [  restartedMain] org.hibernate.orm.deprecation            : HHH90000025: SQLServerDialect does not need to be specified explicitly using 'hibernate.dialect' (remove the property setting and it will be selected by default)
2026-06-10T22:28:28.694+07:00  INFO 21596 --- [FLearn_SpringBoot] [  restartedMain] org.hibernate.orm.connections.pooling    : HHH10001005: Database info:
	Database JDBC URL [jdbc:sqlserver://localhost:1433;concatNullYieldsNull=ON;quotedIdentifier=ON;connectRetryInterval=10;connectRetryCount=1;maxResultBuffer=-1;sendTemporalDataTypesAsStringForBulkCopy=true;delayLoadingLobs=true;useFmtOnly=false;vectorTypeSupport=v1;cacheBulkCopyMetadata=false;bulkCopyForBatchInsertAllowEncryptedValueModifications=false;bulkCopyForBatchInsertTableLock=false;bulkCopyForBatchInsertKeepNulls=false;bulkCopyForBatchInsertKeepIdentity=false;bulkCopyForBatchInsertFireTriggers=false;bulkCopyForBatchInsertCheckConstraints=false;bulkCopyForBatchInsertBatchSize=0;useBulkCopyForBatchInsert=false;cancelQueryTimeout=-1;sslProtocol=TLS;calcBigDecimalPrecision=false;useDefaultJaasConfig=false;jaasConfigurationName=SQLJDBCDriver;statementPoolingCacheSize=0;serverPreparedStatementDiscardThreshold=10;enablePrepareOnFirstPreparedStatementCall=false;fips=false;socketTimeout=0;authentication=NotSpecified;authenticationScheme=nativeAuthentication;xopenStates=false;datetimeParameterType=datetime2;sendTimeAsDatetime=true;replication=false;trustStoreType=JKS;trustServerCertificate=true;TransparentNetworkIPResolution=true;iPAddressPreference=IPv4First;serverNameAsACE=false;sendStringParametersAsUnicode=true;selectMethod=direct;responseBuffering=adaptive;queryTimeout=-1;packetSize=8000;multiSubnetFailover=false;loginTimeout=30;lockTimeout=-1;lastUpdateCount=true;useDefaultGSSCredential=false;prepareMethod=prepexec;encrypt=true;disableStatementPooling=true;databaseName=FLearnDB;columnEncryptionSetting=Disabled;applicationName=Microsoft JDBC Driver for SQL Server;applicationIntent=readwrite;]
	Database driver: Microsoft JDBC Driver 13.2 for SQL Server
	Database dialect: SQLServerDialect
	Database version: 16.0
	Default catalog/schema: FLearnDB/dbo
	Autocommit mode: undefined/unknown
	Isolation level: READ_COMMITTED [default READ_COMMITTED]
	JDBC fetch size: 128
	Pool: DataSourceConnectionProvider
	Minimum pool size: undefined/unknown
	Maximum pool size: undefined/unknown
2026-06-10T22:28:28.711+07:00  WARN 21596 --- [FLearn_SpringBoot] [  restartedMain] org.hibernate.orm.deprecation            : HHH90000033: Encountered use of deprecated annotation [interface jakarta.persistence.Temporal] at flearn.entity.ClassMember.joinedAt.
2026-06-10T22:28:28.716+07:00  WARN 21596 --- [FLearn_SpringBoot] [  restartedMain] org.hibernate.orm.deprecation            : HHH90000033: Encountered use of deprecated annotation [interface jakarta.persistence.Temporal] at flearn.entity.Classroom.createdAt.
2026-06-10T22:28:28.718+07:00  WARN 21596 --- [FLearn_SpringBoot] [  restartedMain] org.hibernate.orm.deprecation            : HHH90000033: Encountered use of deprecated annotation [interface jakarta.persistence.Temporal] at flearn.entity.Classroom.updatedAt.
2026-06-10T22:28:28.726+07:00  WARN 21596 --- [FLearn_SpringBoot] [  restartedMain] org.hibernate.orm.deprecation            : HHH90000033: Encountered use of deprecated annotation [interface jakarta.persistence.Temporal] at flearn.entity.Enrollment.approvedAt.
2026-06-10T22:28:28.728+07:00  WARN 21596 --- [FLearn_SpringBoot] [  restartedMain] org.hibernate.orm.deprecation            : HHH90000033: Encountered use of deprecated annotation [interface jakarta.persistence.Temporal] at flearn.entity.Enrollment.rejectedAt.
2026-06-10T22:28:28.728+07:00  WARN 21596 --- [FLearn_SpringBoot] [  restartedMain] org.hibernate.orm.deprecation            : HHH90000033: Encountered use of deprecated annotation [interface jakarta.persistence.Temporal] at flearn.entity.Enrollment.removedAt.
2026-06-10T22:28:28.728+07:00  WARN 21596 --- [FLearn_SpringBoot] [  restartedMain] org.hibernate.orm.deprecation            : HHH90000033: Encountered use of deprecated annotation [interface jakarta.persistence.Temporal] at flearn.entity.Enrollment.requestedAt.
2026-06-10T22:28:28.736+07:00  WARN 21596 --- [FLearn_SpringBoot] [  restartedMain] org.hibernate.orm.deprecation            : HHH90000033: Encountered use of deprecated annotation [interface jakarta.persistence.Temporal] at flearn.entity.Lesson.createdAt.
2026-06-10T22:28:28.740+07:00  WARN 21596 --- [FLearn_SpringBoot] [  restartedMain] org.hibernate.orm.deprecation            : HHH90000033: Encountered use of deprecated annotation [interface jakarta.persistence.Temporal] at flearn.entity.Lesson.updatedAt.
2026-06-10T22:28:28.747+07:00  WARN 21596 --- [FLearn_SpringBoot] [  restartedMain] org.hibernate.orm.deprecation            : HHH90000033: Encountered use of deprecated annotation [interface jakarta.persistence.Temporal] at flearn.entity.LessonCompletion.completedAt.
2026-06-10T22:28:28.752+07:00  WARN 21596 --- [FLearn_SpringBoot] [  restartedMain] org.hibernate.orm.deprecation            : HHH90000033: Encountered use of deprecated annotation [interface jakarta.persistence.Temporal] at flearn.entity.Material.createdAt.
2026-06-10T22:28:28.757+07:00  WARN 21596 --- [FLearn_SpringBoot] [  restartedMain] org.hibernate.orm.deprecation            : HHH90000033: Encountered use of deprecated annotation [interface jakarta.persistence.Temporal] at flearn.entity.Material.updatedAt.
2026-06-10T22:28:28.762+07:00  WARN 21596 --- [FLearn_SpringBoot] [  restartedMain] org.hibernate.orm.deprecation            : HHH90000033: Encountered use of deprecated annotation [interface jakarta.persistence.Temporal] at flearn.entity.MaterialTracking.viewedAt.
2026-06-10T22:28:28.851+07:00  WARN 21596 --- [FLearn_SpringBoot] [  restartedMain] org.hibernate.orm.deprecation            : HHH90000033: Encountered use of deprecated annotation [interface jakarta.persistence.Temporal] at flearn.entity.QuizResult.completedAt.
2026-06-10T22:28:28.912+07:00  WARN 21596 --- [FLearn_SpringBoot] [  restartedMain] org.hibernate.orm.deprecation            : HHH90000033: Encountered use of deprecated annotation [interface jakarta.persistence.Temporal] at flearn.entity.Roadmap.createdAt.
2026-06-10T22:28:29.011+07:00  WARN 21596 --- [FLearn_SpringBoot] [  restartedMain] org.hibernate.orm.deprecation            : HHH90000033: Encountered use of deprecated annotation [interface jakarta.persistence.Temporal] at flearn.entity.Roadmap.updatedAt.
2026-06-10T22:28:29.021+07:00  WARN 21596 --- [FLearn_SpringBoot] [  restartedMain] org.hibernate.orm.deprecation            : HHH90000033: Encountered use of deprecated annotation [interface jakarta.persistence.Temporal] at flearn.entity.User.createdAt.
2026-06-10T22:28:29.023+07:00  WARN 21596 --- [FLearn_SpringBoot] [  restartedMain] org.hibernate.orm.deprecation            : HHH90000033: Encountered use of deprecated annotation [interface jakarta.persistence.Temporal] at flearn.entity.User.resetTokenExpiry.
2026-06-10T22:28:29.025+07:00  WARN 21596 --- [FLearn_SpringBoot] [  restartedMain] org.hibernate.orm.deprecation            : HHH90000033: Encountered use of deprecated annotation [interface jakarta.persistence.Temporal] at flearn.entity.User.updatedAt.
2026-06-10T22:28:33.891+07:00  INFO 21596 --- [FLearn_SpringBoot] [  restartedMain] org.hibernate.orm.core                   : HHH000489: No JTA platform available (set 'hibernate.transaction.jta.platform' to enable JTA platform integration)
2026-06-10T22:28:48.587+07:00 DEBUG 21596 --- [FLearn_SpringBoot] [  restartedMain] org.hibernate.SQL                        : 
    alter table [Lessons] 
       alter column [Content] NVARCHAR(MAX)
Hibernate: 
    alter table [Lessons] 
       alter column [Content] NVARCHAR(MAX)
2026-06-10T22:28:51.346+07:00 DEBUG 21596 --- [FLearn_SpringBoot] [  restartedMain] org.hibernate.SQL                        : 
    alter table [Questions] 
       alter column [OptionA] NVARCHAR(500)
Hibernate: 
    alter table [Questions] 
       alter column [OptionA] NVARCHAR(500)
2026-06-10T22:28:51.515+07:00 DEBUG 21596 --- [FLearn_SpringBoot] [  restartedMain] org.hibernate.SQL                        : 
    alter table [Questions] 
       alter column [OptionB] NVARCHAR(500)
Hibernate: 
    alter table [Questions] 
       alter column [OptionB] NVARCHAR(500)
2026-06-10T22:28:51.706+07:00 DEBUG 21596 --- [FLearn_SpringBoot] [  restartedMain] org.hibernate.SQL                        : 
    alter table [Questions] 
       alter column [OptionC] NVARCHAR(500)
Hibernate: 
    alter table [Questions] 
       alter column [OptionC] NVARCHAR(500)
2026-06-10T22:28:51.794+07:00 DEBUG 21596 --- [FLearn_SpringBoot] [  restartedMain] org.hibernate.SQL                        : 
    alter table [Questions] 
       alter column [OptionD] NVARCHAR(500)
Hibernate: 
    alter table [Questions] 
       alter column [OptionD] NVARCHAR(500)
2026-06-10T22:28:51.854+07:00 DEBUG 21596 --- [FLearn_SpringBoot] [  restartedMain] org.hibernate.SQL                        : 
    alter table [Questions] 
       alter column [QuestionText] NVARCHAR(MAX)
Hibernate: 
    alter table [Questions] 
       alter column [QuestionText] NVARCHAR(MAX)
2026-06-10T22:28:52.024+07:00 DEBUG 21596 --- [FLearn_SpringBoot] [  restartedMain] org.hibernate.SQL                        : 
    alter table [Quizzes] 
       alter column [Title] NVARCHAR(200)
Hibernate: 
    alter table [Quizzes] 
       alter column [Title] NVARCHAR(200)
2026-06-10T22:29:04.640+07:00  INFO 21596 --- [FLearn_SpringBoot] [  restartedMain] j.LocalContainerEntityManagerFactoryBean : Initialized JPA EntityManagerFactory for persistence unit 'default'
2026-06-10T22:29:12.052+07:00  WARN 21596 --- [FLearn_SpringBoot] [  restartedMain] JpaBaseConfiguration$JpaWebConfiguration : spring.jpa.open-in-view is enabled by default. Therefore, database queries may be performed during view rendering. Explicitly configure spring.jpa.open-in-view to disable this warning
2026-06-10T22:29:12.442+07:00  INFO 21596 --- [FLearn_SpringBoot] [  restartedMain] r$InitializeUserDetailsManagerConfigurer : Global AuthenticationManager configured with UserDetailsService bean with name customUserDetailsService
2026-06-10T22:29:14.724+07:00  WARN 21596 --- [FLearn_SpringBoot] [  restartedMain] o.s.w.s.resource.ResourceHandlerUtils    : Appended trailing slash to static resource location: file:///D:/SWP391/FLearn_/uploads/
2026-06-10T22:29:15.603+07:00  INFO 21596 --- [FLearn_SpringBoot] [  restartedMain] o.s.boot.tomcat.TomcatWebServer          : Tomcat started on port 8081 (http) with context path '/'
2026-06-10T22:29:15.607+07:00  INFO 21596 --- [FLearn_SpringBoot] [  restartedMain] flearn.FLearnSpringBootApplication       : Started FLearnSpringBootApplication in 94.84 seconds (process running for 6018.45)
2026-06-10T22:29:15.821+07:00 DEBUG 21596 --- [FLearn_SpringBoot] [  restartedMain] org.hibernate.SQL                        : 
    select
        u1_0.[UserID],
        u1_0.[CreatedAt],
        u1_0.[Department],
        u1_0.[Email],
        u1_0.[FullName],
        u1_0.[IsActive],
        u1_0.[PasswordHash],
        u1_0.[Phone],
        u1_0.[ResetToken],
        u1_0.[ResetTokenExpiry],
        u1_0.[Role],
        u1_0.[Status],
        u1_0.[UpdatedAt],
        u1_0.[Username] 
    from
        [Users] u1_0 
    where
        u1_0.[Username]=?
Hibernate: 
    select
        u1_0.[UserID],
        u1_0.[CreatedAt],
        u1_0.[Department],
        u1_0.[Email],
        u1_0.[FullName],
        u1_0.[IsActive],
        u1_0.[PasswordHash],
        u1_0.[Phone],
        u1_0.[ResetToken],
        u1_0.[ResetTokenExpiry],
        u1_0.[Role],
        u1_0.[Status],
        u1_0.[UpdatedAt],
        u1_0.[Username] 
    from
        [Users] u1_0 
    where
        u1_0.[Username]=?
2026-06-10T22:29:15.823+07:00 TRACE 21596 --- [FLearn_SpringBoot] [  restartedMain] org.hibernate.orm.jdbc.bind              : binding parameter (1:VARCHAR) <- [admin]
2026-06-10T22:29:18.414+07:00 DEBUG 21596 --- [FLearn_SpringBoot] [  restartedMain] org.hibernate.SQL                        : 
    select
        u1_0.[UserID],
        u1_0.[CreatedAt],
        u1_0.[Department],
        u1_0.[Email],
        u1_0.[FullName],
        u1_0.[IsActive],
        u1_0.[PasswordHash],
        u1_0.[Phone],
        u1_0.[ResetToken],
        u1_0.[ResetTokenExpiry],
        u1_0.[Role],
        u1_0.[Status],
        u1_0.[UpdatedAt],
        u1_0.[Username] 
    from
        [Users] u1_0 
    where
        u1_0.[UserID]=?
Hibernate: 
    select
        u1_0.[UserID],
        u1_0.[CreatedAt],
        u1_0.[Department],
        u1_0.[Email],
        u1_0.[FullName],
        u1_0.[IsActive],
        u1_0.[PasswordHash],
        u1_0.[Phone],
        u1_0.[ResetToken],
        u1_0.[ResetTokenExpiry],
        u1_0.[Role],
        u1_0.[Status],
        u1_0.[UpdatedAt],
        u1_0.[Username] 
    from
        [Users] u1_0 
    where
        u1_0.[UserID]=?
2026-06-10T22:29:18.416+07:00 TRACE 21596 --- [FLearn_SpringBoot] [  restartedMain] org.hibernate.orm.jdbc.bind              : binding parameter (1:INTEGER) <- [4]
2026-06-10T22:29:19.503+07:00 DEBUG 21596 --- [FLearn_SpringBoot] [  restartedMain] org.hibernate.SQL                        : 
    update
        [Users] 
    set
        [Department]=?,
        [Email]=?,
        [FullName]=?,
        [IsActive]=?,
        [PasswordHash]=?,
        [Phone]=?,
        [ResetToken]=?,
        [ResetTokenExpiry]=?,
        [Role]=?,
        [Status]=?,
        [UpdatedAt]=?,
        [Username]=? 
    where
        [UserID]=?
Hibernate: 
    update
        [Users] 
    set
        [Department]=?,
        [Email]=?,
        [FullName]=?,
        [IsActive]=?,
        [PasswordHash]=?,
        [Phone]=?,
        [ResetToken]=?,
        [ResetTokenExpiry]=?,
        [Role]=?,
        [Status]=?,
        [UpdatedAt]=?,
        [Username]=? 
    where
        [UserID]=?
2026-06-10T22:29:19.504+07:00 TRACE 21596 --- [FLearn_SpringBoot] [  restartedMain] org.hibernate.orm.jdbc.bind              : binding parameter (1:VARCHAR) <- [null]
2026-06-10T22:29:19.504+07:00 TRACE 21596 --- [FLearn_SpringBoot] [  restartedMain] org.hibernate.orm.jdbc.bind              : binding parameter (2:VARCHAR) <- [admin@flearn.local]
2026-06-10T22:29:19.504+07:00 TRACE 21596 --- [FLearn_SpringBoot] [  restartedMain] org.hibernate.orm.jdbc.bind              : binding parameter (3:VARCHAR) <- [FLearn Administrator]
2026-06-10T22:29:19.504+07:00 TRACE 21596 --- [FLearn_SpringBoot] [  restartedMain] org.hibernate.orm.jdbc.bind              : binding parameter (4:BOOLEAN) <- [true]
2026-06-10T22:29:19.504+07:00 TRACE 21596 --- [FLearn_SpringBoot] [  restartedMain] org.hibernate.orm.jdbc.bind              : binding parameter (5:VARCHAR) <- [$2a$10$vV8KDon08X2r9TjVPX0PpuEcQyw37IqDnXF84VFFWohLohWq4Kmn.]
2026-06-10T22:29:19.504+07:00 TRACE 21596 --- [FLearn_SpringBoot] [  restartedMain] org.hibernate.orm.jdbc.bind              : binding parameter (6:VARCHAR) <- [null]
2026-06-10T22:29:19.504+07:00 TRACE 21596 --- [FLearn_SpringBoot] [  restartedMain] org.hibernate.orm.jdbc.bind              : binding parameter (7:VARCHAR) <- [null]
2026-06-10T22:29:19.504+07:00 TRACE 21596 --- [FLearn_SpringBoot] [  restartedMain] org.hibernate.orm.jdbc.bind              : binding parameter (8:TIMESTAMP) <- [null]
2026-06-10T22:29:19.504+07:00 TRACE 21596 --- [FLearn_SpringBoot] [  restartedMain] org.hibernate.orm.jdbc.bind              : binding parameter (9:INTEGER) <- [0]
2026-06-10T22:29:19.504+07:00 TRACE 21596 --- [FLearn_SpringBoot] [  restartedMain] org.hibernate.orm.jdbc.bind              : binding parameter (10:VARCHAR) <- [ACTIVE]
2026-06-10T22:29:19.525+07:00 TRACE 21596 --- [FLearn_SpringBoot] [  restartedMain] org.hibernate.orm.jdbc.bind              : binding parameter (11:TIMESTAMP) <- [Wed Jun 10 22:29:19 ICT 2026]
2026-06-10T22:29:19.525+07:00 TRACE 21596 --- [FLearn_SpringBoot] [  restartedMain] org.hibernate.orm.jdbc.bind              : binding parameter (12:VARCHAR) <- [admin]
2026-06-10T22:29:19.525+07:00 TRACE 21596 --- [FLearn_SpringBoot] [  restartedMain] org.hibernate.orm.jdbc.bind              : binding parameter (13:INTEGER) <- [4]
2026-06-10T22:29:21.932+07:00  WARN 21596 --- [FLearn_SpringBoot] [  restartedMain] f.configuration.ApplicationInitConfig    : Admin user refreshed with username 'admin' and password 'admin'. Please change the password immediately after logging in.
2026-06-10T22:29:21.935+07:00  INFO 21596 --- [FLearn_SpringBoot] [  restartedMain] .ConditionEvaluationDeltaLoggingListener : Condition evaluation unchanged
2026-06-10T22:30:39.932+07:00  INFO 21596 --- [FLearn_SpringBoot] [   File Watcher] rtingClassPathChangeChangedEventListener : Restarting due to 1 class path change (0 additions, 1 deletion, 0 modifications)
2026-06-10T22:30:39.999+07:00  INFO 21596 --- [FLearn_SpringBoot] [      Thread-84] o.s.boot.tomcat.GracefulShutdown         : Commencing graceful shutdown. Waiting for active requests to complete
2026-06-10T22:30:40.281+07:00  INFO 21596 --- [FLearn_SpringBoot] [tomcat-shutdown] o.s.boot.tomcat.GracefulShutdown         : Graceful shutdown complete
2026-06-10T22:30:40.301+07:00  INFO 21596 --- [FLearn_SpringBoot] [      Thread-84] j.LocalContainerEntityManagerFactoryBean : Closing JPA EntityManagerFactory for persistence unit 'default'
2026-06-10T22:30:40.304+07:00  INFO 21596 --- [FLearn_SpringBoot] [      Thread-84] com.zaxxer.hikari.HikariDataSource       : HikariPool-11 - Shutdown initiated...
2026-06-10T22:30:40.342+07:00  INFO 21596 --- [FLearn_SpringBoot] [      Thread-84] com.zaxxer.hikari.HikariDataSource       : HikariPool-11 - Shutdown completed.

  .   ____          _            __ _ _
 /\\ / ___'_ __ _ _(_)_ __  __ _ \ \ \ \
( ( )\___ | '_ | '_| | '_ \/ _` | \ \ \ \
 \\/  ___)| |_)| | | | | || (_| |  ) ) ) )
  '  |____| .__|_| |_|_| |_\__, | / / / /
 =========|_|==============|___/=/_/_/_/

 :: Spring Boot ::                (v4.0.6)

2026-06-10T22:30:41.087+07:00  INFO 21596 --- [FLearn_SpringBoot] [  restartedMain] flearn.FLearnSpringBootApplication       : Starting FLearnSpringBootApplication using Java 21.0.11 with PID 21596 (D:\SWP391\FLearn_\target\classes started by quynh anh in D:\SWP391\FLearn_)
2026-06-10T22:30:41.087+07:00  INFO 21596 --- [FLearn_SpringBoot] [  restartedMain] flearn.FLearnSpringBootApplication       : No active profile set, falling back to 1 default profile: "default"
2026-06-10T22:30:43.020+07:00  INFO 21596 --- [FLearn_SpringBoot] [  restartedMain] .s.d.r.c.RepositoryConfigurationDelegate : Bootstrapping Spring Data JPA repositories in DEFAULT mode.
2026-06-10T22:30:43.357+07:00  INFO 21596 --- [FLearn_SpringBoot] [  restartedMain] .s.d.r.c.RepositoryConfigurationDelegate : Finished Spring Data repository scanning in 325 ms. Found 13 JPA repository interfaces.
2026-06-10T22:30:44.341+07:00  INFO 21596 --- [FLearn_SpringBoot] [  restartedMain] o.s.boot.tomcat.TomcatWebServer          : Tomcat initialized with port 8081 (http)
2026-06-10T22:30:44.352+07:00  INFO 21596 --- [FLearn_SpringBoot] [  restartedMain] o.apache.catalina.core.StandardService   : Starting service [Tomcat]
2026-06-10T22:30:44.353+07:00  INFO 21596 --- [FLearn_SpringBoot] [  restartedMain] o.apache.catalina.core.StandardEngine    : Starting Servlet engine: [Apache Tomcat/11.0.21]
2026-06-10T22:30:44.439+07:00  INFO 21596 --- [FLearn_SpringBoot] [  restartedMain] b.w.c.s.WebApplicationContextInitializer : Root WebApplicationContext: initialization completed in 3344 ms
2026-06-10T22:30:45.263+07:00  INFO 21596 --- [FLearn_SpringBoot] [  restartedMain] org.hibernate.orm.jpa                    : HHH008540: Processing PersistenceUnitInfo [name: default]
2026-06-10T22:30:45.405+07:00  INFO 21596 --- [FLearn_SpringBoot] [  restartedMain] o.s.o.j.p.SpringPersistenceUnitInfo      : No LoadTimeWeaver setup: ignoring JPA class transformer
2026-06-10T22:30:45.409+07:00  INFO 21596 --- [FLearn_SpringBoot] [  restartedMain] com.zaxxer.hikari.HikariDataSource       : HikariPool-12 - Starting...
2026-06-10T22:30:45.586+07:00  INFO 21596 --- [FLearn_SpringBoot] [  restartedMain] com.zaxxer.hikari.pool.HikariPool        : HikariPool-12 - Added connection ConnectionID:116 ClientConnectionId: 3df10c30-9529-489e-8079-123174a00a49
2026-06-10T22:30:45.587+07:00  INFO 21596 --- [FLearn_SpringBoot] [  restartedMain] com.zaxxer.hikari.HikariDataSource       : HikariPool-12 - Start completed.
2026-06-10T22:30:45.877+07:00  WARN 21596 --- [FLearn_SpringBoot] [  restartedMain] org.hibernate.orm.deprecation            : HHH90000025: SQLServerDialect does not need to be specified explicitly using 'hibernate.dialect' (remove the property setting and it will be selected by default)
2026-06-10T22:30:45.880+07:00  INFO 21596 --- [FLearn_SpringBoot] [  restartedMain] org.hibernate.orm.connections.pooling    : HHH10001005: Database info:
	Database JDBC URL [jdbc:sqlserver://localhost:1433;concatNullYieldsNull=ON;quotedIdentifier=ON;connectRetryInterval=10;connectRetryCount=1;maxResultBuffer=-1;sendTemporalDataTypesAsStringForBulkCopy=true;delayLoadingLobs=true;useFmtOnly=false;vectorTypeSupport=v1;cacheBulkCopyMetadata=false;bulkCopyForBatchInsertAllowEncryptedValueModifications=false;bulkCopyForBatchInsertTableLock=false;bulkCopyForBatchInsertKeepNulls=false;bulkCopyForBatchInsertKeepIdentity=false;bulkCopyForBatchInsertFireTriggers=false;bulkCopyForBatchInsertCheckConstraints=false;bulkCopyForBatchInsertBatchSize=0;useBulkCopyForBatchInsert=false;cancelQueryTimeout=-1;sslProtocol=TLS;calcBigDecimalPrecision=false;useDefaultJaasConfig=false;jaasConfigurationName=SQLJDBCDriver;statementPoolingCacheSize=0;serverPreparedStatementDiscardThreshold=10;enablePrepareOnFirstPreparedStatementCall=false;fips=false;socketTimeout=0;authentication=NotSpecified;authenticationScheme=nativeAuthentication;xopenStates=false;datetimeParameterType=datetime2;sendTimeAsDatetime=true;replication=false;trustStoreType=JKS;trustServerCertificate=true;TransparentNetworkIPResolution=true;iPAddressPreference=IPv4First;serverNameAsACE=false;sendStringParametersAsUnicode=true;selectMethod=direct;responseBuffering=adaptive;queryTimeout=-1;packetSize=8000;multiSubnetFailover=false;loginTimeout=30;lockTimeout=-1;lastUpdateCount=true;useDefaultGSSCredential=false;prepareMethod=prepexec;encrypt=true;disableStatementPooling=true;databaseName=FLearnDB;columnEncryptionSetting=Disabled;applicationName=Microsoft JDBC Driver for SQL Server;applicationIntent=readwrite;]
	Database driver: Microsoft JDBC Driver 13.2 for SQL Server
	Database dialect: SQLServerDialect
	Database version: 16.0
	Default catalog/schema: FLearnDB/dbo
	Autocommit mode: undefined/unknown
	Isolation level: READ_COMMITTED [default READ_COMMITTED]
	JDBC fetch size: 128
	Pool: DataSourceConnectionProvider
	Minimum pool size: undefined/unknown
	Maximum pool size: undefined/unknown
2026-06-10T22:30:45.931+07:00  WARN 21596 --- [FLearn_SpringBoot] [  restartedMain] org.hibernate.orm.deprecation            : HHH90000033: Encountered use of deprecated annotation [interface jakarta.persistence.Temporal] at flearn.entity.ClassMember.joinedAt.
2026-06-10T22:30:45.948+07:00  WARN 21596 --- [FLearn_SpringBoot] [  restartedMain] org.hibernate.orm.deprecation            : HHH90000033: Encountered use of deprecated annotation [interface jakarta.persistence.Temporal] at flearn.entity.Classroom.createdAt.
2026-06-10T22:30:45.964+07:00  WARN 21596 --- [FLearn_SpringBoot] [  restartedMain] org.hibernate.orm.deprecation            : HHH90000033: Encountered use of deprecated annotation [interface jakarta.persistence.Temporal] at flearn.entity.Classroom.updatedAt.
2026-06-10T22:30:45.993+07:00  WARN 21596 --- [FLearn_SpringBoot] [  restartedMain] org.hibernate.orm.deprecation            : HHH90000033: Encountered use of deprecated annotation [interface jakarta.persistence.Temporal] at flearn.entity.Enrollment.approvedAt.
2026-06-10T22:30:46.000+07:00  WARN 21596 --- [FLearn_SpringBoot] [  restartedMain] org.hibernate.orm.deprecation            : HHH90000033: Encountered use of deprecated annotation [interface jakarta.persistence.Temporal] at flearn.entity.Enrollment.rejectedAt.
2026-06-10T22:30:46.003+07:00  WARN 21596 --- [FLearn_SpringBoot] [  restartedMain] org.hibernate.orm.deprecation            : HHH90000033: Encountered use of deprecated annotation [interface jakarta.persistence.Temporal] at flearn.entity.Enrollment.removedAt.
2026-06-10T22:30:46.006+07:00  WARN 21596 --- [FLearn_SpringBoot] [  restartedMain] org.hibernate.orm.deprecation            : HHH90000033: Encountered use of deprecated annotation [interface jakarta.persistence.Temporal] at flearn.entity.Enrollment.requestedAt.
2026-06-10T22:30:46.041+07:00  WARN 21596 --- [FLearn_SpringBoot] [  restartedMain] org.hibernate.orm.deprecation            : HHH90000033: Encountered use of deprecated annotation [interface jakarta.persistence.Temporal] at flearn.entity.Lesson.createdAt.
2026-06-10T22:30:46.104+07:00  WARN 21596 --- [FLearn_SpringBoot] [  restartedMain] org.hibernate.orm.deprecation            : HHH90000033: Encountered use of deprecated annotation [interface jakarta.persistence.Temporal] at flearn.entity.Lesson.updatedAt.
2026-06-10T22:30:46.159+07:00  WARN 21596 --- [FLearn_SpringBoot] [  restartedMain] org.hibernate.orm.deprecation            : HHH90000033: Encountered use of deprecated annotation [interface jakarta.persistence.Temporal] at flearn.entity.LessonCompletion.completedAt.
2026-06-10T22:30:46.315+07:00  WARN 21596 --- [FLearn_SpringBoot] [  restartedMain] org.hibernate.orm.deprecation            : HHH90000033: Encountered use of deprecated annotation [interface jakarta.persistence.Temporal] at flearn.entity.Material.createdAt.
2026-06-10T22:30:46.433+07:00  WARN 21596 --- [FLearn_SpringBoot] [  restartedMain] org.hibernate.orm.deprecation            : HHH90000033: Encountered use of deprecated annotation [interface jakarta.persistence.Temporal] at flearn.entity.Material.updatedAt.
2026-06-10T22:30:46.471+07:00  WARN 21596 --- [FLearn_SpringBoot] [  restartedMain] org.hibernate.orm.deprecation            : HHH90000033: Encountered use of deprecated annotation [interface jakarta.persistence.Temporal] at flearn.entity.MaterialTracking.viewedAt.
2026-06-10T22:30:46.548+07:00  WARN 21596 --- [FLearn_SpringBoot] [  restartedMain] org.hibernate.orm.deprecation            : HHH90000033: Encountered use of deprecated annotation [interface jakarta.persistence.Temporal] at flearn.entity.QuizResult.completedAt.
2026-06-10T22:30:46.554+07:00  WARN 21596 --- [FLearn_SpringBoot] [  restartedMain] org.hibernate.orm.deprecation            : HHH90000033: Encountered use of deprecated annotation [interface jakarta.persistence.Temporal] at flearn.entity.Roadmap.createdAt.
2026-06-10T22:30:46.554+07:00  WARN 21596 --- [FLearn_SpringBoot] [  restartedMain] org.hibernate.orm.deprecation            : HHH90000033: Encountered use of deprecated annotation [interface jakarta.persistence.Temporal] at flearn.entity.Roadmap.updatedAt.
2026-06-10T22:30:46.593+07:00  WARN 21596 --- [FLearn_SpringBoot] [  restartedMain] org.hibernate.orm.deprecation            : HHH90000033: Encountered use of deprecated annotation [interface jakarta.persistence.Temporal] at flearn.entity.User.createdAt.
2026-06-10T22:30:46.602+07:00  WARN 21596 --- [FLearn_SpringBoot] [  restartedMain] org.hibernate.orm.deprecation            : HHH90000033: Encountered use of deprecated annotation [interface jakarta.persistence.Temporal] at flearn.entity.User.resetTokenExpiry.
2026-06-10T22:30:46.607+07:00  WARN 21596 --- [FLearn_SpringBoot] [  restartedMain] org.hibernate.orm.deprecation            : HHH90000033: Encountered use of deprecated annotation [interface jakarta.persistence.Temporal] at flearn.entity.User.updatedAt.
2026-06-10T22:30:49.968+07:00  INFO 21596 --- [FLearn_SpringBoot] [  restartedMain] org.hibernate.orm.core                   : HHH000489: No JTA platform available (set 'hibernate.transaction.jta.platform' to enable JTA platform integration)
2026-06-10T22:30:55.179+07:00 DEBUG 21596 --- [FLearn_SpringBoot] [  restartedMain] org.hibernate.SQL                        : 
    alter table [Lessons] 
       alter column [Content] NVARCHAR(MAX)
Hibernate: 
    alter table [Lessons] 
       alter column [Content] NVARCHAR(MAX)
2026-06-10T22:30:55.217+07:00 DEBUG 21596 --- [FLearn_SpringBoot] [  restartedMain] org.hibernate.SQL                        : 
    alter table [Questions] 
       alter column [OptionA] NVARCHAR(500)
Hibernate: 
    alter table [Questions] 
       alter column [OptionA] NVARCHAR(500)
2026-06-10T22:30:55.230+07:00 DEBUG 21596 --- [FLearn_SpringBoot] [  restartedMain] org.hibernate.SQL                        : 
    alter table [Questions] 
       alter column [OptionB] NVARCHAR(500)
Hibernate: 
    alter table [Questions] 
       alter column [OptionB] NVARCHAR(500)
2026-06-10T22:30:55.237+07:00 DEBUG 21596 --- [FLearn_SpringBoot] [  restartedMain] org.hibernate.SQL                        : 
    alter table [Questions] 
       alter column [OptionC] NVARCHAR(500)
Hibernate: 
    alter table [Questions] 
       alter column [OptionC] NVARCHAR(500)
2026-06-10T22:30:55.248+07:00 DEBUG 21596 --- [FLearn_SpringBoot] [  restartedMain] org.hibernate.SQL                        : 
    alter table [Questions] 
       alter column [OptionD] NVARCHAR(500)
Hibernate: 
    alter table [Questions] 
       alter column [OptionD] NVARCHAR(500)
2026-06-10T22:30:55.254+07:00 DEBUG 21596 --- [FLearn_SpringBoot] [  restartedMain] org.hibernate.SQL                        : 
    alter table [Questions] 
       alter column [QuestionText] NVARCHAR(MAX)
Hibernate: 
    alter table [Questions] 
       alter column [QuestionText] NVARCHAR(MAX)
2026-06-10T22:30:55.266+07:00 DEBUG 21596 --- [FLearn_SpringBoot] [  restartedMain] org.hibernate.SQL                        : 
    alter table [Quizzes] 
       alter column [Title] NVARCHAR(200)
Hibernate: 
    alter table [Quizzes] 
       alter column [Title] NVARCHAR(200)
2026-06-10T22:30:59.276+07:00  INFO 21596 --- [FLearn_SpringBoot] [  restartedMain] j.LocalContainerEntityManagerFactoryBean : Initialized JPA EntityManagerFactory for persistence unit 'default'
2026-06-10T22:31:01.481+07:00  WARN 21596 --- [FLearn_SpringBoot] [  restartedMain] JpaBaseConfiguration$JpaWebConfiguration : spring.jpa.open-in-view is enabled by default. Therefore, database queries may be performed during view rendering. Explicitly configure spring.jpa.open-in-view to disable this warning
2026-06-10T22:31:01.617+07:00  INFO 21596 --- [FLearn_SpringBoot] [  restartedMain] r$InitializeUserDetailsManagerConfigurer : Global AuthenticationManager configured with UserDetailsService bean with name customUserDetailsService
2026-06-10T22:31:02.332+07:00  WARN 21596 --- [FLearn_SpringBoot] [  restartedMain] o.s.w.s.resource.ResourceHandlerUtils    : Appended trailing slash to static resource location: file:///D:/SWP391/FLearn_/uploads/
2026-06-10T22:31:02.602+07:00  INFO 21596 --- [FLearn_SpringBoot] [  restartedMain] o.s.boot.tomcat.TomcatWebServer          : Tomcat started on port 8081 (http) with context path '/'
2026-06-10T22:31:02.619+07:00  INFO 21596 --- [FLearn_SpringBoot] [  restartedMain] flearn.FLearnSpringBootApplication       : Started FLearnSpringBootApplication in 21.771 seconds (process running for 6125.462)
2026-06-10T22:31:02.758+07:00 DEBUG 21596 --- [FLearn_SpringBoot] [  restartedMain] org.hibernate.SQL                        : 
    select
        u1_0.[UserID],
        u1_0.[CreatedAt],
        u1_0.[Department],
        u1_0.[Email],
        u1_0.[FullName],
        u1_0.[IsActive],
        u1_0.[PasswordHash],
        u1_0.[Phone],
        u1_0.[ResetToken],
        u1_0.[ResetTokenExpiry],
        u1_0.[Role],
        u1_0.[Status],
        u1_0.[UpdatedAt],
        u1_0.[Username] 
    from
        [Users] u1_0 
    where
        u1_0.[Username]=?
Hibernate: 
    select
        u1_0.[UserID],
        u1_0.[CreatedAt],
        u1_0.[Department],
        u1_0.[Email],
        u1_0.[FullName],
        u1_0.[IsActive],
        u1_0.[PasswordHash],
        u1_0.[Phone],
        u1_0.[ResetToken],
        u1_0.[ResetTokenExpiry],
        u1_0.[Role],
        u1_0.[Status],
        u1_0.[UpdatedAt],
        u1_0.[Username] 
    from
        [Users] u1_0 
    where
        u1_0.[Username]=?
2026-06-10T22:31:02.760+07:00 TRACE 21596 --- [FLearn_SpringBoot] [  restartedMain] org.hibernate.orm.jdbc.bind              : binding parameter (1:VARCHAR) <- [admin]
2026-06-10T22:31:03.006+07:00 DEBUG 21596 --- [FLearn_SpringBoot] [  restartedMain] org.hibernate.SQL                        : 
    select
        u1_0.[UserID],
        u1_0.[CreatedAt],
        u1_0.[Department],
        u1_0.[Email],
        u1_0.[FullName],
        u1_0.[IsActive],
        u1_0.[PasswordHash],
        u1_0.[Phone],
        u1_0.[ResetToken],
        u1_0.[ResetTokenExpiry],
        u1_0.[Role],
        u1_0.[Status],
        u1_0.[UpdatedAt],
        u1_0.[Username] 
    from
        [Users] u1_0 
    where
        u1_0.[UserID]=?
Hibernate: 
    select
        u1_0.[UserID],
        u1_0.[CreatedAt],
        u1_0.[Department],
        u1_0.[Email],
        u1_0.[FullName],
        u1_0.[IsActive],
        u1_0.[PasswordHash],
        u1_0.[Phone],
        u1_0.[ResetToken],
        u1_0.[ResetTokenExpiry],
        u1_0.[Role],
        u1_0.[Status],
        u1_0.[UpdatedAt],
        u1_0.[Username] 
    from
        [Users] u1_0 
    where
        u1_0.[UserID]=?
2026-06-10T22:31:03.006+07:00 TRACE 21596 --- [FLearn_SpringBoot] [  restartedMain] org.hibernate.orm.jdbc.bind              : binding parameter (1:INTEGER) <- [4]
2026-06-10T22:31:03.067+07:00 DEBUG 21596 --- [FLearn_SpringBoot] [  restartedMain] org.hibernate.SQL                        : 
    update
        [Users] 
    set
        [Department]=?,
        [Email]=?,
        [FullName]=?,
        [IsActive]=?,
        [PasswordHash]=?,
        [Phone]=?,
        [ResetToken]=?,
        [ResetTokenExpiry]=?,
        [Role]=?,
        [Status]=?,
        [UpdatedAt]=?,
        [Username]=? 
    where
        [UserID]=?
Hibernate: 
    update
        [Users] 
    set
        [Department]=?,
        [Email]=?,
        [FullName]=?,
        [IsActive]=?,
        [PasswordHash]=?,
        [Phone]=?,
        [ResetToken]=?,
        [ResetTokenExpiry]=?,
        [Role]=?,
        [Status]=?,
        [UpdatedAt]=?,
        [Username]=? 
    where
        [UserID]=?
2026-06-10T22:31:03.073+07:00 TRACE 21596 --- [FLearn_SpringBoot] [  restartedMain] org.hibernate.orm.jdbc.bind              : binding parameter (1:VARCHAR) <- [null]
2026-06-10T22:31:03.073+07:00 TRACE 21596 --- [FLearn_SpringBoot] [  restartedMain] org.hibernate.orm.jdbc.bind              : binding parameter (2:VARCHAR) <- [admin@flearn.local]
2026-06-10T22:31:03.073+07:00 TRACE 21596 --- [FLearn_SpringBoot] [  restartedMain] org.hibernate.orm.jdbc.bind              : binding parameter (3:VARCHAR) <- [FLearn Administrator]
2026-06-10T22:31:03.073+07:00 TRACE 21596 --- [FLearn_SpringBoot] [  restartedMain] org.hibernate.orm.jdbc.bind              : binding parameter (4:BOOLEAN) <- [true]
2026-06-10T22:31:03.074+07:00 TRACE 21596 --- [FLearn_SpringBoot] [  restartedMain] org.hibernate.orm.jdbc.bind              : binding parameter (5:VARCHAR) <- [$2a$10$ywxjNpTLtKQYehbrR2Tx.OYvvtDpaFNLfIYWQk8opuNJqdrn6s6n2]
2026-06-10T22:31:03.074+07:00 TRACE 21596 --- [FLearn_SpringBoot] [  restartedMain] org.hibernate.orm.jdbc.bind              : binding parameter (6:VARCHAR) <- [null]
2026-06-10T22:31:03.074+07:00 TRACE 21596 --- [FLearn_SpringBoot] [  restartedMain] org.hibernate.orm.jdbc.bind              : binding parameter (7:VARCHAR) <- [null]
2026-06-10T22:31:03.074+07:00 TRACE 21596 --- [FLearn_SpringBoot] [  restartedMain] org.hibernate.orm.jdbc.bind              : binding parameter (8:TIMESTAMP) <- [null]
2026-06-10T22:31:03.079+07:00 TRACE 21596 --- [FLearn_SpringBoot] [  restartedMain] org.hibernate.orm.jdbc.bind              : binding parameter (9:INTEGER) <- [0]
2026-06-10T22:31:03.079+07:00 TRACE 21596 --- [FLearn_SpringBoot] [  restartedMain] org.hibernate.orm.jdbc.bind              : binding parameter (10:VARCHAR) <- [ACTIVE]
2026-06-10T22:31:03.084+07:00 TRACE 21596 --- [FLearn_SpringBoot] [  restartedMain] org.hibernate.orm.jdbc.bind              : binding parameter (11:TIMESTAMP) <- [Wed Jun 10 22:31:03 ICT 2026]
2026-06-10T22:31:03.091+07:00 TRACE 21596 --- [FLearn_SpringBoot] [  restartedMain] org.hibernate.orm.jdbc.bind              : binding parameter (12:VARCHAR) <- [admin]
2026-06-10T22:31:03.101+07:00 TRACE 21596 --- [FLearn_SpringBoot] [  restartedMain] org.hibernate.orm.jdbc.bind              : binding parameter (13:INTEGER) <- [4]
2026-06-10T22:31:03.278+07:00  WARN 21596 --- [FLearn_SpringBoot] [  restartedMain] f.configuration.ApplicationInitConfig    : Admin user refreshed with username 'admin' and password 'admin'. Please change the password immediately after logging in.
2026-06-10T22:31:03.284+07:00  INFO 21596 --- [FLearn_SpringBoot] [  restartedMain] .ConditionEvaluationDeltaLoggingListener : Condition evaluation unchanged
2026-06-10T22:31:16.280+07:00  INFO 21596 --- [FLearn_SpringBoot] [   File Watcher] rtingClassPathChangeChangedEventListener : Restarting due to 1 class path change (1 addition, 0 deletions, 0 modifications)
2026-06-10T22:31:16.286+07:00  INFO 21596 --- [FLearn_SpringBoot] [      Thread-94] o.s.boot.tomcat.GracefulShutdown         : Commencing graceful shutdown. Waiting for active requests to complete
2026-06-10T22:31:16.332+07:00  INFO 21596 --- [FLearn_SpringBoot] [tomcat-shutdown] o.s.boot.tomcat.GracefulShutdown         : Graceful shutdown complete
2026-06-10T22:31:16.341+07:00  INFO 21596 --- [FLearn_SpringBoot] [      Thread-94] j.LocalContainerEntityManagerFactoryBean : Closing JPA EntityManagerFactory for persistence unit 'default'
2026-06-10T22:31:16.349+07:00  INFO 21596 --- [FLearn_SpringBoot] [      Thread-94] com.zaxxer.hikari.HikariDataSource       : HikariPool-12 - Shutdown initiated...
2026-06-10T22:31:16.361+07:00  INFO 21596 --- [FLearn_SpringBoot] [      Thread-94] com.zaxxer.hikari.HikariDataSource       : HikariPool-12 - Shutdown completed.

  .   ____          _            __ _ _
 /\\ / ___'_ __ _ _(_)_ __  __ _ \ \ \ \
( ( )\___ | '_ | '_| | '_ \/ _` | \ \ \ \
 \\/  ___)| |_)| | | | | || (_| |  ) ) ) )
  '  |____| .__|_| |_|_| |_\__, | / / / /
 =========|_|==============|___/=/_/_/_/

 :: Spring Boot ::                (v4.0.6)

2026-06-10T22:31:18.037+07:00  INFO 21596 --- [FLearn_SpringBoot] [  restartedMain] flearn.FLearnSpringBootApplication       : Starting FLearnSpringBootApplication using Java 21.0.11 with PID 21596 (D:\SWP391\FLearn_\target\classes started by quynh anh in D:\SWP391\FLearn_)
2026-06-10T22:31:18.037+07:00  INFO 21596 --- [FLearn_SpringBoot] [  restartedMain] flearn.FLearnSpringBootApplication       : No active profile set, falling back to 1 default profile: "default"
2026-06-10T22:31:23.946+07:00  INFO 21596 --- [FLearn_SpringBoot] [  restartedMain] .s.d.r.c.RepositoryConfigurationDelegate : Bootstrapping Spring Data JPA repositories in DEFAULT mode.
2026-06-10T22:31:24.566+07:00  INFO 21596 --- [FLearn_SpringBoot] [  restartedMain] .s.d.r.c.RepositoryConfigurationDelegate : Finished Spring Data repository scanning in 613 ms. Found 13 JPA repository interfaces.
2026-06-10T22:31:25.387+07:00  INFO 21596 --- [FLearn_SpringBoot] [  restartedMain] o.s.boot.tomcat.TomcatWebServer          : Tomcat initialized with port 8081 (http)
2026-06-10T22:31:25.394+07:00  INFO 21596 --- [FLearn_SpringBoot] [  restartedMain] o.apache.catalina.core.StandardService   : Starting service [Tomcat]
2026-06-10T22:31:25.394+07:00  INFO 21596 --- [FLearn_SpringBoot] [  restartedMain] o.apache.catalina.core.StandardEngine    : Starting Servlet engine: [Apache Tomcat/11.0.21]
2026-06-10T22:31:25.489+07:00  INFO 21596 --- [FLearn_SpringBoot] [  restartedMain] b.w.c.s.WebApplicationContextInitializer : Root WebApplicationContext: initialization completed in 7216 ms
2026-06-10T22:31:26.008+07:00  INFO 21596 --- [FLearn_SpringBoot] [  restartedMain] org.hibernate.orm.jpa                    : HHH008540: Processing PersistenceUnitInfo [name: default]
2026-06-10T22:31:26.122+07:00  INFO 21596 --- [FLearn_SpringBoot] [  restartedMain] o.s.o.j.p.SpringPersistenceUnitInfo      : No LoadTimeWeaver setup: ignoring JPA class transformer
2026-06-10T22:31:26.125+07:00  INFO 21596 --- [FLearn_SpringBoot] [  restartedMain] com.zaxxer.hikari.HikariDataSource       : HikariPool-13 - Starting...
2026-06-10T22:31:26.208+07:00  INFO 21596 --- [FLearn_SpringBoot] [  restartedMain] com.zaxxer.hikari.pool.HikariPool        : HikariPool-13 - Added connection ConnectionID:126 ClientConnectionId: b6c372f8-53c1-441f-aa42-39b0ee5b5320
2026-06-10T22:31:26.209+07:00  INFO 21596 --- [FLearn_SpringBoot] [  restartedMain] com.zaxxer.hikari.HikariDataSource       : HikariPool-13 - Start completed.
2026-06-10T22:31:26.382+07:00  WARN 21596 --- [FLearn_SpringBoot] [  restartedMain] org.hibernate.orm.deprecation            : HHH90000025: SQLServerDialect does not need to be specified explicitly using 'hibernate.dialect' (remove the property setting and it will be selected by default)
2026-06-10T22:31:26.396+07:00  INFO 21596 --- [FLearn_SpringBoot] [  restartedMain] org.hibernate.orm.connections.pooling    : HHH10001005: Database info:
	Database JDBC URL [jdbc:sqlserver://localhost:1433;concatNullYieldsNull=ON;quotedIdentifier=ON;connectRetryInterval=10;connectRetryCount=1;maxResultBuffer=-1;sendTemporalDataTypesAsStringForBulkCopy=true;delayLoadingLobs=true;useFmtOnly=false;vectorTypeSupport=v1;cacheBulkCopyMetadata=false;bulkCopyForBatchInsertAllowEncryptedValueModifications=false;bulkCopyForBatchInsertTableLock=false;bulkCopyForBatchInsertKeepNulls=false;bulkCopyForBatchInsertKeepIdentity=false;bulkCopyForBatchInsertFireTriggers=false;bulkCopyForBatchInsertCheckConstraints=false;bulkCopyForBatchInsertBatchSize=0;useBulkCopyForBatchInsert=false;cancelQueryTimeout=-1;sslProtocol=TLS;calcBigDecimalPrecision=false;useDefaultJaasConfig=false;jaasConfigurationName=SQLJDBCDriver;statementPoolingCacheSize=0;serverPreparedStatementDiscardThreshold=10;enablePrepareOnFirstPreparedStatementCall=false;fips=false;socketTimeout=0;authentication=NotSpecified;authenticationScheme=nativeAuthentication;xopenStates=false;datetimeParameterType=datetime2;sendTimeAsDatetime=true;replication=false;trustStoreType=JKS;trustServerCertificate=true;TransparentNetworkIPResolution=true;iPAddressPreference=IPv4First;serverNameAsACE=false;sendStringParametersAsUnicode=true;selectMethod=direct;responseBuffering=adaptive;queryTimeout=-1;packetSize=8000;multiSubnetFailover=false;loginTimeout=30;lockTimeout=-1;lastUpdateCount=true;useDefaultGSSCredential=false;prepareMethod=prepexec;encrypt=true;disableStatementPooling=true;databaseName=FLearnDB;columnEncryptionSetting=Disabled;applicationName=Microsoft JDBC Driver for SQL Server;applicationIntent=readwrite;]
	Database driver: Microsoft JDBC Driver 13.2 for SQL Server
	Database dialect: SQLServerDialect
	Database version: 16.0
	Default catalog/schema: FLearnDB/dbo
	Autocommit mode: undefined/unknown
	Isolation level: READ_COMMITTED [default READ_COMMITTED]
	JDBC fetch size: 128
	Pool: DataSourceConnectionProvider
	Minimum pool size: undefined/unknown
	Maximum pool size: undefined/unknown
2026-06-10T22:31:26.452+07:00  WARN 21596 --- [FLearn_SpringBoot] [  restartedMain] org.hibernate.orm.deprecation            : HHH90000033: Encountered use of deprecated annotation [interface jakarta.persistence.Temporal] at flearn.entity.ClassMember.joinedAt.
2026-06-10T22:31:26.484+07:00  WARN 21596 --- [FLearn_SpringBoot] [  restartedMain] org.hibernate.orm.deprecation            : HHH90000033: Encountered use of deprecated annotation [interface jakarta.persistence.Temporal] at flearn.entity.Classroom.createdAt.
2026-06-10T22:31:26.488+07:00  WARN 21596 --- [FLearn_SpringBoot] [  restartedMain] org.hibernate.orm.deprecation            : HHH90000033: Encountered use of deprecated annotation [interface jakarta.persistence.Temporal] at flearn.entity.Classroom.updatedAt.
2026-06-10T22:31:26.513+07:00  WARN 21596 --- [FLearn_SpringBoot] [  restartedMain] org.hibernate.orm.deprecation            : HHH90000033: Encountered use of deprecated annotation [interface jakarta.persistence.Temporal] at flearn.entity.Enrollment.approvedAt.
2026-06-10T22:31:26.521+07:00  WARN 21596 --- [FLearn_SpringBoot] [  restartedMain] org.hibernate.orm.deprecation            : HHH90000033: Encountered use of deprecated annotation [interface jakarta.persistence.Temporal] at flearn.entity.Enrollment.rejectedAt.
2026-06-10T22:31:26.529+07:00  WARN 21596 --- [FLearn_SpringBoot] [  restartedMain] org.hibernate.orm.deprecation            : HHH90000033: Encountered use of deprecated annotation [interface jakarta.persistence.Temporal] at flearn.entity.Enrollment.removedAt.
2026-06-10T22:31:26.529+07:00  WARN 21596 --- [FLearn_SpringBoot] [  restartedMain] org.hibernate.orm.deprecation            : HHH90000033: Encountered use of deprecated annotation [interface jakarta.persistence.Temporal] at flearn.entity.Enrollment.requestedAt.
2026-06-10T22:31:26.554+07:00  WARN 21596 --- [FLearn_SpringBoot] [  restartedMain] org.hibernate.orm.deprecation            : HHH90000033: Encountered use of deprecated annotation [interface jakarta.persistence.Temporal] at flearn.entity.Lesson.createdAt.
2026-06-10T22:31:26.577+07:00  WARN 21596 --- [FLearn_SpringBoot] [  restartedMain] org.hibernate.orm.deprecation            : HHH90000033: Encountered use of deprecated annotation [interface jakarta.persistence.Temporal] at flearn.entity.Lesson.updatedAt.
2026-06-10T22:31:26.609+07:00  WARN 21596 --- [FLearn_SpringBoot] [  restartedMain] org.hibernate.orm.deprecation            : HHH90000033: Encountered use of deprecated annotation [interface jakarta.persistence.Temporal] at flearn.entity.LessonCompletion.completedAt.
2026-06-10T22:31:26.625+07:00  WARN 21596 --- [FLearn_SpringBoot] [  restartedMain] org.hibernate.orm.deprecation            : HHH90000033: Encountered use of deprecated annotation [interface jakarta.persistence.Temporal] at flearn.entity.Material.createdAt.
2026-06-10T22:31:26.634+07:00  WARN 21596 --- [FLearn_SpringBoot] [  restartedMain] org.hibernate.orm.deprecation            : HHH90000033: Encountered use of deprecated annotation [interface jakarta.persistence.Temporal] at flearn.entity.Material.updatedAt.
2026-06-10T22:31:26.653+07:00  WARN 21596 --- [FLearn_SpringBoot] [  restartedMain] org.hibernate.orm.deprecation            : HHH90000033: Encountered use of deprecated annotation [interface jakarta.persistence.Temporal] at flearn.entity.MaterialTracking.viewedAt.
2026-06-10T22:31:26.683+07:00  WARN 21596 --- [FLearn_SpringBoot] [  restartedMain] org.hibernate.orm.deprecation            : HHH90000033: Encountered use of deprecated annotation [interface jakarta.persistence.Temporal] at flearn.entity.QuizResult.completedAt.
2026-06-10T22:31:26.696+07:00  WARN 21596 --- [FLearn_SpringBoot] [  restartedMain] org.hibernate.orm.deprecation            : HHH90000033: Encountered use of deprecated annotation [interface jakarta.persistence.Temporal] at flearn.entity.Roadmap.createdAt.
2026-06-10T22:31:26.697+07:00  WARN 21596 --- [FLearn_SpringBoot] [  restartedMain] org.hibernate.orm.deprecation            : HHH90000033: Encountered use of deprecated annotation [interface jakarta.persistence.Temporal] at flearn.entity.Roadmap.updatedAt.
2026-06-10T22:31:26.712+07:00  WARN 21596 --- [FLearn_SpringBoot] [  restartedMain] org.hibernate.orm.deprecation            : HHH90000033: Encountered use of deprecated annotation [interface jakarta.persistence.Temporal] at flearn.entity.User.createdAt.
2026-06-10T22:31:26.713+07:00  WARN 21596 --- [FLearn_SpringBoot] [  restartedMain] org.hibernate.orm.deprecation            : HHH90000033: Encountered use of deprecated annotation [interface jakarta.persistence.Temporal] at flearn.entity.User.resetTokenExpiry.
2026-06-10T22:31:26.714+07:00  WARN 21596 --- [FLearn_SpringBoot] [  restartedMain] org.hibernate.orm.deprecation            : HHH90000033: Encountered use of deprecated annotation [interface jakarta.persistence.Temporal] at flearn.entity.User.updatedAt.
2026-06-10T22:31:28.694+07:00  INFO 21596 --- [FLearn_SpringBoot] [  restartedMain] org.hibernate.orm.core                   : HHH000489: No JTA platform available (set 'hibernate.transaction.jta.platform' to enable JTA platform integration)
2026-06-10T22:31:31.373+07:00 DEBUG 21596 --- [FLearn_SpringBoot] [  restartedMain] org.hibernate.SQL                        : 
    alter table [Lessons] 
       alter column [Content] NVARCHAR(MAX)
Hibernate: 
    alter table [Lessons] 
       alter column [Content] NVARCHAR(MAX)
2026-06-10T22:31:31.448+07:00 DEBUG 21596 --- [FLearn_SpringBoot] [  restartedMain] org.hibernate.SQL                        : 
    alter table [Questions] 
       alter column [OptionA] NVARCHAR(500)
Hibernate: 
    alter table [Questions] 
       alter column [OptionA] NVARCHAR(500)
2026-06-10T22:31:31.461+07:00 DEBUG 21596 --- [FLearn_SpringBoot] [  restartedMain] org.hibernate.SQL                        : 
    alter table [Questions] 
       alter column [OptionB] NVARCHAR(500)
Hibernate: 
    alter table [Questions] 
       alter column [OptionB] NVARCHAR(500)
2026-06-10T22:31:31.463+07:00 DEBUG 21596 --- [FLearn_SpringBoot] [  restartedMain] org.hibernate.SQL                        : 
    alter table [Questions] 
       alter column [OptionC] NVARCHAR(500)
Hibernate: 
    alter table [Questions] 
       alter column [OptionC] NVARCHAR(500)
2026-06-10T22:31:31.468+07:00 DEBUG 21596 --- [FLearn_SpringBoot] [  restartedMain] org.hibernate.SQL                        : 
    alter table [Questions] 
       alter column [OptionD] NVARCHAR(500)
Hibernate: 
    alter table [Questions] 
       alter column [OptionD] NVARCHAR(500)
2026-06-10T22:31:31.479+07:00 DEBUG 21596 --- [FLearn_SpringBoot] [  restartedMain] org.hibernate.SQL                        : 
    alter table [Questions] 
       alter column [QuestionText] NVARCHAR(MAX)
Hibernate: 
    alter table [Questions] 
       alter column [QuestionText] NVARCHAR(MAX)
2026-06-10T22:31:31.484+07:00 DEBUG 21596 --- [FLearn_SpringBoot] [  restartedMain] org.hibernate.SQL                        : 
    alter table [Quizzes] 
       alter column [Title] NVARCHAR(200)
Hibernate: 
    alter table [Quizzes] 
       alter column [Title] NVARCHAR(200)
2026-06-10T22:31:35.807+07:00  INFO 21596 --- [FLearn_SpringBoot] [  restartedMain] j.LocalContainerEntityManagerFactoryBean : Initialized JPA EntityManagerFactory for persistence unit 'default'
2026-06-10T22:31:37.872+07:00  WARN 21596 --- [FLearn_SpringBoot] [  restartedMain] JpaBaseConfiguration$JpaWebConfiguration : spring.jpa.open-in-view is enabled by default. Therefore, database queries may be performed during view rendering. Explicitly configure spring.jpa.open-in-view to disable this warning
2026-06-10T22:31:38.010+07:00  INFO 21596 --- [FLearn_SpringBoot] [  restartedMain] r$InitializeUserDetailsManagerConfigurer : Global AuthenticationManager configured with UserDetailsService bean with name customUserDetailsService
2026-06-10T22:31:39.010+07:00  WARN 21596 --- [FLearn_SpringBoot] [  restartedMain] o.s.w.s.resource.ResourceHandlerUtils    : Appended trailing slash to static resource location: file:///D:/SWP391/FLearn_/uploads/
2026-06-10T22:31:39.293+07:00  INFO 21596 --- [FLearn_SpringBoot] [  restartedMain] o.s.boot.tomcat.TomcatWebServer          : Tomcat started on port 8081 (http) with context path '/'
2026-06-10T22:31:39.303+07:00  INFO 21596 --- [FLearn_SpringBoot] [  restartedMain] flearn.FLearnSpringBootApplication       : Started FLearnSpringBootApplication in 22.403 seconds (process running for 6162.147)
2026-06-10T22:31:39.615+07:00 DEBUG 21596 --- [FLearn_SpringBoot] [  restartedMain] org.hibernate.SQL                        : 
    select
        u1_0.[UserID],
        u1_0.[CreatedAt],
        u1_0.[Department],
        u1_0.[Email],
        u1_0.[FullName],
        u1_0.[IsActive],
        u1_0.[PasswordHash],
        u1_0.[Phone],
        u1_0.[ResetToken],
        u1_0.[ResetTokenExpiry],
        u1_0.[Role],
        u1_0.[Status],
        u1_0.[UpdatedAt],
        u1_0.[Username] 
    from
        [Users] u1_0 
    where
        u1_0.[Username]=?
Hibernate: 
    select
        u1_0.[UserID],
        u1_0.[CreatedAt],
        u1_0.[Department],
        u1_0.[Email],
        u1_0.[FullName],
        u1_0.[IsActive],
        u1_0.[PasswordHash],
        u1_0.[Phone],
        u1_0.[ResetToken],
        u1_0.[ResetTokenExpiry],
        u1_0.[Role],
        u1_0.[Status],
        u1_0.[UpdatedAt],
        u1_0.[Username] 
    from
        [Users] u1_0 
    where
        u1_0.[Username]=?
2026-06-10T22:31:39.616+07:00 TRACE 21596 --- [FLearn_SpringBoot] [  restartedMain] org.hibernate.orm.jdbc.bind              : binding parameter (1:VARCHAR) <- [admin]
2026-06-10T22:31:40.528+07:00 DEBUG 21596 --- [FLearn_SpringBoot] [  restartedMain] org.hibernate.SQL                        : 
    select
        u1_0.[UserID],
        u1_0.[CreatedAt],
        u1_0.[Department],
        u1_0.[Email],
        u1_0.[FullName],
        u1_0.[IsActive],
        u1_0.[PasswordHash],
        u1_0.[Phone],
        u1_0.[ResetToken],
        u1_0.[ResetTokenExpiry],
        u1_0.[Role],
        u1_0.[Status],
        u1_0.[UpdatedAt],
        u1_0.[Username] 
    from
        [Users] u1_0 
    where
        u1_0.[UserID]=?
Hibernate: 
    select
        u1_0.[UserID],
        u1_0.[CreatedAt],
        u1_0.[Department],
        u1_0.[Email],
        u1_0.[FullName],
        u1_0.[IsActive],
        u1_0.[PasswordHash],
        u1_0.[Phone],
        u1_0.[ResetToken],
        u1_0.[ResetTokenExpiry],
        u1_0.[Role],
        u1_0.[Status],
        u1_0.[UpdatedAt],
        u1_0.[Username] 
    from
        [Users] u1_0 
    where
        u1_0.[UserID]=?
2026-06-10T22:31:40.529+07:00 TRACE 21596 --- [FLearn_SpringBoot] [  restartedMain] org.hibernate.orm.jdbc.bind              : binding parameter (1:INTEGER) <- [4]
2026-06-10T22:31:40.545+07:00 DEBUG 21596 --- [FLearn_SpringBoot] [  restartedMain] org.hibernate.SQL                        : 
    update
        [Users] 
    set
        [Department]=?,
        [Email]=?,
        [FullName]=?,
        [IsActive]=?,
        [PasswordHash]=?,
        [Phone]=?,
        [ResetToken]=?,
        [ResetTokenExpiry]=?,
        [Role]=?,
        [Status]=?,
        [UpdatedAt]=?,
        [Username]=? 
    where
        [UserID]=?
Hibernate: 
    update
        [Users] 
    set
        [Department]=?,
        [Email]=?,
        [FullName]=?,
        [IsActive]=?,
        [PasswordHash]=?,
        [Phone]=?,
        [ResetToken]=?,
        [ResetTokenExpiry]=?,
        [Role]=?,
        [Status]=?,
        [UpdatedAt]=?,
        [Username]=? 
    where
        [UserID]=?
2026-06-10T22:31:40.545+07:00 TRACE 21596 --- [FLearn_SpringBoot] [  restartedMain] org.hibernate.orm.jdbc.bind              : binding parameter (1:VARCHAR) <- [null]
2026-06-10T22:31:40.545+07:00 TRACE 21596 --- [FLearn_SpringBoot] [  restartedMain] org.hibernate.orm.jdbc.bind              : binding parameter (2:VARCHAR) <- [admin@flearn.local]
2026-06-10T22:31:40.545+07:00 TRACE 21596 --- [FLearn_SpringBoot] [  restartedMain] org.hibernate.orm.jdbc.bind              : binding parameter (3:VARCHAR) <- [FLearn Administrator]
2026-06-10T22:31:40.545+07:00 TRACE 21596 --- [FLearn_SpringBoot] [  restartedMain] org.hibernate.orm.jdbc.bind              : binding parameter (4:BOOLEAN) <- [true]
2026-06-10T22:31:40.545+07:00 TRACE 21596 --- [FLearn_SpringBoot] [  restartedMain] org.hibernate.orm.jdbc.bind              : binding parameter (5:VARCHAR) <- [$2a$10$Zuu8P0Ydn0Hc9uvMIWcgNeAWqvsFiy3WfwWauKD7fmYo4Tlqza0BS]
2026-06-10T22:31:40.545+07:00 TRACE 21596 --- [FLearn_SpringBoot] [  restartedMain] org.hibernate.orm.jdbc.bind              : binding parameter (6:VARCHAR) <- [null]
2026-06-10T22:31:40.545+07:00 TRACE 21596 --- [FLearn_SpringBoot] [  restartedMain] org.hibernate.orm.jdbc.bind              : binding parameter (7:VARCHAR) <- [null]
2026-06-10T22:31:40.545+07:00 TRACE 21596 --- [FLearn_SpringBoot] [  restartedMain] org.hibernate.orm.jdbc.bind              : binding parameter (8:TIMESTAMP) <- [null]
2026-06-10T22:31:40.545+07:00 TRACE 21596 --- [FLearn_SpringBoot] [  restartedMain] org.hibernate.orm.jdbc.bind              : binding parameter (9:INTEGER) <- [0]
2026-06-10T22:31:40.545+07:00 TRACE 21596 --- [FLearn_SpringBoot] [  restartedMain] org.hibernate.orm.jdbc.bind              : binding parameter (10:VARCHAR) <- [ACTIVE]
2026-06-10T22:31:40.545+07:00 TRACE 21596 --- [FLearn_SpringBoot] [  restartedMain] org.hibernate.orm.jdbc.bind              : binding parameter (11:TIMESTAMP) <- [Wed Jun 10 22:31:40 ICT 2026]
2026-06-10T22:31:40.546+07:00 TRACE 21596 --- [FLearn_SpringBoot] [  restartedMain] org.hibernate.orm.jdbc.bind              : binding parameter (12:VARCHAR) <- [admin]
2026-06-10T22:31:40.546+07:00 TRACE 21596 --- [FLearn_SpringBoot] [  restartedMain] org.hibernate.orm.jdbc.bind              : binding parameter (13:INTEGER) <- [4]
2026-06-10T22:31:40.720+07:00  WARN 21596 --- [FLearn_SpringBoot] [  restartedMain] f.configuration.ApplicationInitConfig    : Admin user refreshed with username 'admin' and password 'admin'. Please change the password immediately after logging in.
2026-06-10T22:31:40.722+07:00  INFO 21596 --- [FLearn_SpringBoot] [  restartedMain] .ConditionEvaluationDeltaLoggingListener : Condition evaluation unchanged
2026-06-10T22:45:44.462+07:00  INFO 21596 --- [FLearn_SpringBoot] [   File Watcher] rtingClassPathChangeChangedEventListener : Restarting due to 1 class path change (0 additions, 1 deletion, 0 modifications)
2026-06-10T22:45:44.586+07:00  INFO 21596 --- [FLearn_SpringBoot] [      Thread-98] o.s.boot.tomcat.GracefulShutdown         : Commencing graceful shutdown. Waiting for active requests to complete
2026-06-10T22:45:45.029+07:00  INFO 21596 --- [FLearn_SpringBoot] [tomcat-shutdown] o.s.boot.tomcat.GracefulShutdown         : Graceful shutdown complete
2026-06-10T22:45:45.120+07:00  INFO 21596 --- [FLearn_SpringBoot] [      Thread-98] j.LocalContainerEntityManagerFactoryBean : Closing JPA EntityManagerFactory for persistence unit 'default'
2026-06-10T22:45:45.166+07:00  INFO 21596 --- [FLearn_SpringBoot] [      Thread-98] com.zaxxer.hikari.HikariDataSource       : HikariPool-13 - Shutdown initiated...
2026-06-10T22:45:45.207+07:00  INFO 21596 --- [FLearn_SpringBoot] [      Thread-98] com.zaxxer.hikari.HikariDataSource       : HikariPool-13 - Shutdown completed.

  .   ____          _            __ _ _
 /\\ / ___'_ __ _ _(_)_ __  __ _ \ \ \ \
( ( )\___ | '_ | '_| | '_ \/ _` | \ \ \ \
 \\/  ___)| |_)| | | | | || (_| |  ) ) ) )
  '  |____| .__|_| |_|_| |_\__, | / / / /
 =========|_|==============|___/=/_/_/_/

 :: Spring Boot ::                (v4.0.6)

2026-06-10T22:45:46.418+07:00  INFO 21596 --- [FLearn_SpringBoot] [  restartedMain] flearn.FLearnSpringBootApplication       : Starting FLearnSpringBootApplication using Java 21.0.11 with PID 21596 (D:\SWP391\FLearn_\target\classes started by quynh anh in D:\SWP391\FLearn_)
2026-06-10T22:45:46.426+07:00  INFO 21596 --- [FLearn_SpringBoot] [  restartedMain] flearn.FLearnSpringBootApplication       : No active profile set, falling back to 1 default profile: "default"
2026-06-10T22:45:50.756+07:00  INFO 21596 --- [FLearn_SpringBoot] [  restartedMain] .s.d.r.c.RepositoryConfigurationDelegate : Bootstrapping Spring Data JPA repositories in DEFAULT mode.
2026-06-10T22:45:52.323+07:00  INFO 21596 --- [FLearn_SpringBoot] [  restartedMain] .s.d.r.c.RepositoryConfigurationDelegate : Finished Spring Data repository scanning in 1520 ms. Found 13 JPA repository interfaces.
2026-06-10T22:45:54.434+07:00  INFO 21596 --- [FLearn_SpringBoot] [  restartedMain] o.s.boot.tomcat.TomcatWebServer          : Tomcat initialized with port 8081 (http)
2026-06-10T22:45:54.456+07:00  INFO 21596 --- [FLearn_SpringBoot] [  restartedMain] o.apache.catalina.core.StandardService   : Starting service [Tomcat]
2026-06-10T22:45:54.463+07:00  INFO 21596 --- [FLearn_SpringBoot] [  restartedMain] o.apache.catalina.core.StandardEngine    : Starting Servlet engine: [Apache Tomcat/11.0.21]
2026-06-10T22:45:54.596+07:00  INFO 21596 --- [FLearn_SpringBoot] [  restartedMain] b.w.c.s.WebApplicationContextInitializer : Root WebApplicationContext: initialization completed in 8039 ms
2026-06-10T22:45:57.188+07:00  INFO 21596 --- [FLearn_SpringBoot] [  restartedMain] org.hibernate.orm.jpa                    : HHH008540: Processing PersistenceUnitInfo [name: default]
2026-06-10T22:45:59.657+07:00  INFO 21596 --- [FLearn_SpringBoot] [  restartedMain] o.s.o.j.p.SpringPersistenceUnitInfo      : No LoadTimeWeaver setup: ignoring JPA class transformer
2026-06-10T22:45:59.666+07:00  INFO 21596 --- [FLearn_SpringBoot] [  restartedMain] com.zaxxer.hikari.HikariDataSource       : HikariPool-14 - Starting...
2026-06-10T22:46:01.254+07:00  INFO 21596 --- [FLearn_SpringBoot] [  restartedMain] com.zaxxer.hikari.pool.HikariPool        : HikariPool-14 - Added connection ConnectionID:136 ClientConnectionId: 430253a9-33bb-4dfb-a7c9-7af63d0d2e22
2026-06-10T22:46:01.255+07:00  INFO 21596 --- [FLearn_SpringBoot] [  restartedMain] com.zaxxer.hikari.HikariDataSource       : HikariPool-14 - Start completed.
2026-06-10T22:46:15.472+07:00  WARN 21596 --- [FLearn_SpringBoot] [  restartedMain] org.hibernate.orm.deprecation            : HHH90000025: SQLServerDialect does not need to be specified explicitly using 'hibernate.dialect' (remove the property setting and it will be selected by default)
2026-06-10T22:46:15.477+07:00  INFO 21596 --- [FLearn_SpringBoot] [  restartedMain] org.hibernate.orm.connections.pooling    : HHH10001005: Database info:
	Database JDBC URL [jdbc:sqlserver://localhost:1433;concatNullYieldsNull=ON;quotedIdentifier=ON;connectRetryInterval=10;connectRetryCount=1;maxResultBuffer=-1;sendTemporalDataTypesAsStringForBulkCopy=true;delayLoadingLobs=true;useFmtOnly=false;vectorTypeSupport=v1;cacheBulkCopyMetadata=false;bulkCopyForBatchInsertAllowEncryptedValueModifications=false;bulkCopyForBatchInsertTableLock=false;bulkCopyForBatchInsertKeepNulls=false;bulkCopyForBatchInsertKeepIdentity=false;bulkCopyForBatchInsertFireTriggers=false;bulkCopyForBatchInsertCheckConstraints=false;bulkCopyForBatchInsertBatchSize=0;useBulkCopyForBatchInsert=false;cancelQueryTimeout=-1;sslProtocol=TLS;calcBigDecimalPrecision=false;useDefaultJaasConfig=false;jaasConfigurationName=SQLJDBCDriver;statementPoolingCacheSize=0;serverPreparedStatementDiscardThreshold=10;enablePrepareOnFirstPreparedStatementCall=false;fips=false;socketTimeout=0;authentication=NotSpecified;authenticationScheme=nativeAuthentication;xopenStates=false;datetimeParameterType=datetime2;sendTimeAsDatetime=true;replication=false;trustStoreType=JKS;trustServerCertificate=true;TransparentNetworkIPResolution=true;iPAddressPreference=IPv4First;serverNameAsACE=false;sendStringParametersAsUnicode=true;selectMethod=direct;responseBuffering=adaptive;queryTimeout=-1;packetSize=8000;multiSubnetFailover=false;loginTimeout=30;lockTimeout=-1;lastUpdateCount=true;useDefaultGSSCredential=false;prepareMethod=prepexec;encrypt=true;disableStatementPooling=true;databaseName=FLearnDB;columnEncryptionSetting=Disabled;applicationName=Microsoft JDBC Driver for SQL Server;applicationIntent=readwrite;]
	Database driver: Microsoft JDBC Driver 13.2 for SQL Server
	Database dialect: SQLServerDialect
	Database version: 16.0
	Default catalog/schema: FLearnDB/dbo
	Autocommit mode: undefined/unknown
	Isolation level: READ_COMMITTED [default READ_COMMITTED]
	JDBC fetch size: 128
	Pool: DataSourceConnectionProvider
	Minimum pool size: undefined/unknown
	Maximum pool size: undefined/unknown
2026-06-10T22:46:15.490+07:00  WARN 21596 --- [FLearn_SpringBoot] [  restartedMain] org.hibernate.orm.deprecation            : HHH90000033: Encountered use of deprecated annotation [interface jakarta.persistence.Temporal] at flearn.entity.ClassMember.joinedAt.
2026-06-10T22:46:15.497+07:00  WARN 21596 --- [FLearn_SpringBoot] [  restartedMain] org.hibernate.orm.deprecation            : HHH90000033: Encountered use of deprecated annotation [interface jakarta.persistence.Temporal] at flearn.entity.Classroom.createdAt.
2026-06-10T22:46:15.502+07:00  WARN 21596 --- [FLearn_SpringBoot] [  restartedMain] org.hibernate.orm.deprecation            : HHH90000033: Encountered use of deprecated annotation [interface jakarta.persistence.Temporal] at flearn.entity.Classroom.updatedAt.
2026-06-10T22:46:15.506+07:00  WARN 21596 --- [FLearn_SpringBoot] [  restartedMain] org.hibernate.orm.deprecation            : HHH90000033: Encountered use of deprecated annotation [interface jakarta.persistence.Temporal] at flearn.entity.Enrollment.approvedAt.
2026-06-10T22:46:15.507+07:00  WARN 21596 --- [FLearn_SpringBoot] [  restartedMain] org.hibernate.orm.deprecation            : HHH90000033: Encountered use of deprecated annotation [interface jakarta.persistence.Temporal] at flearn.entity.Enrollment.rejectedAt.
2026-06-10T22:46:15.507+07:00  WARN 21596 --- [FLearn_SpringBoot] [  restartedMain] org.hibernate.orm.deprecation            : HHH90000033: Encountered use of deprecated annotation [interface jakarta.persistence.Temporal] at flearn.entity.Enrollment.removedAt.
2026-06-10T22:46:15.509+07:00  WARN 21596 --- [FLearn_SpringBoot] [  restartedMain] org.hibernate.orm.deprecation            : HHH90000033: Encountered use of deprecated annotation [interface jakarta.persistence.Temporal] at flearn.entity.Enrollment.requestedAt.
2026-06-10T22:46:15.525+07:00  WARN 21596 --- [FLearn_SpringBoot] [  restartedMain] org.hibernate.orm.deprecation            : HHH90000033: Encountered use of deprecated annotation [interface jakarta.persistence.Temporal] at flearn.entity.Lesson.createdAt.
2026-06-10T22:46:15.542+07:00  WARN 21596 --- [FLearn_SpringBoot] [  restartedMain] org.hibernate.orm.deprecation            : HHH90000033: Encountered use of deprecated annotation [interface jakarta.persistence.Temporal] at flearn.entity.Lesson.updatedAt.
2026-06-10T22:46:15.611+07:00  WARN 21596 --- [FLearn_SpringBoot] [  restartedMain] org.hibernate.orm.deprecation            : HHH90000033: Encountered use of deprecated annotation [interface jakarta.persistence.Temporal] at flearn.entity.LessonCompletion.completedAt.
2026-06-10T22:46:15.783+07:00  WARN 21596 --- [FLearn_SpringBoot] [  restartedMain] org.hibernate.orm.deprecation            : HHH90000033: Encountered use of deprecated annotation [interface jakarta.persistence.Temporal] at flearn.entity.Material.createdAt.
2026-06-10T22:46:15.837+07:00  WARN 21596 --- [FLearn_SpringBoot] [  restartedMain] org.hibernate.orm.deprecation            : HHH90000033: Encountered use of deprecated annotation [interface jakarta.persistence.Temporal] at flearn.entity.Material.updatedAt.
2026-06-10T22:46:15.926+07:00  WARN 21596 --- [FLearn_SpringBoot] [  restartedMain] org.hibernate.orm.deprecation            : HHH90000033: Encountered use of deprecated annotation [interface jakarta.persistence.Temporal] at flearn.entity.MaterialTracking.viewedAt.
2026-06-10T22:46:16.049+07:00  WARN 21596 --- [FLearn_SpringBoot] [  restartedMain] org.hibernate.orm.deprecation            : HHH90000033: Encountered use of deprecated annotation [interface jakarta.persistence.Temporal] at flearn.entity.QuizResult.completedAt.
2026-06-10T22:46:16.058+07:00  WARN 21596 --- [FLearn_SpringBoot] [  restartedMain] org.hibernate.orm.deprecation            : HHH90000033: Encountered use of deprecated annotation [interface jakarta.persistence.Temporal] at flearn.entity.Roadmap.createdAt.
2026-06-10T22:46:16.059+07:00  WARN 21596 --- [FLearn_SpringBoot] [  restartedMain] org.hibernate.orm.deprecation            : HHH90000033: Encountered use of deprecated annotation [interface jakarta.persistence.Temporal] at flearn.entity.Roadmap.updatedAt.
2026-06-10T22:46:16.113+07:00  WARN 21596 --- [FLearn_SpringBoot] [  restartedMain] org.hibernate.orm.deprecation            : HHH90000033: Encountered use of deprecated annotation [interface jakarta.persistence.Temporal] at flearn.entity.User.createdAt.
2026-06-10T22:46:16.141+07:00  WARN 21596 --- [FLearn_SpringBoot] [  restartedMain] org.hibernate.orm.deprecation            : HHH90000033: Encountered use of deprecated annotation [interface jakarta.persistence.Temporal] at flearn.entity.User.resetTokenExpiry.
2026-06-10T22:46:16.146+07:00  WARN 21596 --- [FLearn_SpringBoot] [  restartedMain] org.hibernate.orm.deprecation            : HHH90000033: Encountered use of deprecated annotation [interface jakarta.persistence.Temporal] at flearn.entity.User.updatedAt.
2026-06-10T22:46:20.330+07:00  INFO 21596 --- [FLearn_SpringBoot] [  restartedMain] org.hibernate.orm.core                   : HHH000489: No JTA platform available (set 'hibernate.transaction.jta.platform' to enable JTA platform integration)
2026-06-10T22:46:31.140+07:00 DEBUG 21596 --- [FLearn_SpringBoot] [  restartedMain] org.hibernate.SQL                        : 
    alter table [Lessons] 
       alter column [Content] NVARCHAR(MAX)
Hibernate: 
    alter table [Lessons] 
       alter column [Content] NVARCHAR(MAX)
2026-06-10T22:46:31.325+07:00 DEBUG 21596 --- [FLearn_SpringBoot] [  restartedMain] org.hibernate.SQL                        : 
    alter table [Questions] 
       alter column [OptionA] NVARCHAR(500)
Hibernate: 
    alter table [Questions] 
       alter column [OptionA] NVARCHAR(500)
2026-06-10T22:46:31.339+07:00 DEBUG 21596 --- [FLearn_SpringBoot] [  restartedMain] org.hibernate.SQL                        : 
    alter table [Questions] 
       alter column [OptionB] NVARCHAR(500)
Hibernate: 
    alter table [Questions] 
       alter column [OptionB] NVARCHAR(500)
2026-06-10T22:46:31.343+07:00 DEBUG 21596 --- [FLearn_SpringBoot] [  restartedMain] org.hibernate.SQL                        : 
    alter table [Questions] 
       alter column [OptionC] NVARCHAR(500)
Hibernate: 
    alter table [Questions] 
       alter column [OptionC] NVARCHAR(500)
2026-06-10T22:46:31.347+07:00 DEBUG 21596 --- [FLearn_SpringBoot] [  restartedMain] org.hibernate.SQL                        : 
    alter table [Questions] 
       alter column [OptionD] NVARCHAR(500)
Hibernate: 
    alter table [Questions] 
       alter column [OptionD] NVARCHAR(500)
2026-06-10T22:46:31.356+07:00 DEBUG 21596 --- [FLearn_SpringBoot] [  restartedMain] org.hibernate.SQL                        : 
    alter table [Questions] 
       alter column [QuestionText] NVARCHAR(MAX)
Hibernate: 
    alter table [Questions] 
       alter column [QuestionText] NVARCHAR(MAX)
2026-06-10T22:46:31.364+07:00 DEBUG 21596 --- [FLearn_SpringBoot] [  restartedMain] org.hibernate.SQL                        : 
    alter table [Quizzes] 
       alter column [Title] NVARCHAR(200)
Hibernate: 
    alter table [Quizzes] 
       alter column [Title] NVARCHAR(200)
2026-06-10T22:46:37.288+07:00  INFO 21596 --- [FLearn_SpringBoot] [  restartedMain] j.LocalContainerEntityManagerFactoryBean : Initialized JPA EntityManagerFactory for persistence unit 'default'
2026-06-10T22:46:37.728+07:00  WARN 21596 --- [FLearn_SpringBoot] [  restartedMain] ConfigServletWebServerApplicationContext : Exception encountered during context initialization - cancelling refresh attempt: org.springframework.beans.factory.UnsatisfiedDependencyException: Error creating bean with name 'adminController' defined in file [D:\SWP391\FLearn_\target\classes\flearn\controller\AdminController.class]: Unsatisfied dependency expressed through constructor parameter 0: Error creating bean with name 'userServiceImpl' defined in file [D:\SWP391\FLearn_\target\classes\flearn\service\impl\UserServiceImpl.class]: Unsatisfied dependency expressed through constructor parameter 2: No qualifying bean of type 'flearn.mapper.UserMapper' available: expected at least 1 bean which qualifies as autowire candidate. Dependency annotations: {}
2026-06-10T22:46:37.729+07:00  INFO 21596 --- [FLearn_SpringBoot] [  restartedMain] j.LocalContainerEntityManagerFactoryBean : Closing JPA EntityManagerFactory for persistence unit 'default'
2026-06-10T22:46:37.730+07:00  INFO 21596 --- [FLearn_SpringBoot] [  restartedMain] com.zaxxer.hikari.HikariDataSource       : HikariPool-14 - Shutdown initiated...
2026-06-10T22:46:37.736+07:00  INFO 21596 --- [FLearn_SpringBoot] [  restartedMain] com.zaxxer.hikari.HikariDataSource       : HikariPool-14 - Shutdown completed.
2026-06-10T22:46:37.740+07:00  INFO 21596 --- [FLearn_SpringBoot] [  restartedMain] o.apache.catalina.core.StandardService   : Stopping service [Tomcat]
2026-06-10T22:46:37.752+07:00  INFO 21596 --- [FLearn_SpringBoot] [  restartedMain] .s.b.a.l.ConditionEvaluationReportLogger : 

Error starting ApplicationContext. To display the condition evaluation report re-run your application with 'debug' enabled.
2026-06-10T22:46:37.784+07:00 ERROR 21596 --- [FLearn_SpringBoot] [  restartedMain] o.s.b.d.LoggingFailureAnalysisReporter   : 

***************************
APPLICATION FAILED TO START
***************************

Description:

Parameter 2 of constructor in flearn.service.impl.UserServiceImpl required a bean of type 'flearn.mapper.UserMapper' that could not be found.


Action:

Consider defining a bean of type 'flearn.mapper.UserMapper' in your configuration.

